NEW_CLUSTER,NEW_SIZE,BADGES_IN_COMMON,MERGED_FROM
10,4,4,2
10001,9,9,2
10009,7,7,2
10010,25,25,8
10048,9,9,3
10052,9,9,3
10055,8,8,2
10057,9,9,4
10058,14,14,5
10065,6,6,4
10067,4,4,3
10069,10,10,2
10080,8,8,2
10081,7,7,2
10083,7,7,2
10105,9,9,4
10108,8,8,4
10109,3,3,3
10111,8,8,3
10123,8,8,2
10126,15,15,6
10129,13,13,5
10130,5,5,3
10131,9,9,4
10133,9,9,3
10134,6,6,2
10141,6,6,2
10143,5,5,2
10145,9,9,2
10147,7,7,2
10151,8,8,3
10153,8,8,3
10155,8,8,4
10164,8,8,2
10168,9,9,3
10176,9,9,4
10180,11,11,2
10182,7,7,2
10187,4,4,3
10188,6,6,3
10189,7,7,2
10190,9,9,2
10191,8,8,2
10192,8,8,2
10198,6,6,2
10201,8,8,3
10210,9,9,2
10216,7,7,2
10227,9,9,4
10233,12,12,3
10247,7,7,2
10266,11,11,2
1027,7,7,2
10272,9,9,3
10276,10,10,2
10284,9,9,3
10287,7,7,3
10291,10,10,2
10294,7,7,2
10300,10,10,5
10302,7,7,3
1032,7,7,2
1034,6,6,2
10342,6,6,5
10346,10,10,3
10348,8,8,2
10350,10,10,3
10357,8,8,2
1037,15,15,2
10379,8,8,4
1038,17,17,4
1040,6,6,2
10408,7,7,2
10422,8,8,3
10423,6,6,4
10425,8,8,2
10438,8,8,2
10439,9,9,2
10453,7,7,2
10458,12,12,5
10469,9,9,3
10480,7,7,2
10488,7,7,2
10490,7,7,2
105,5,5,2
10505,9,9,2
10510,9,9,2
10519,25,25,3
10532,9,9,4
10534,7,7,2
10536,6,6,2
10547,10,10,5
10558,9,9,2
10578,9,9,2
1058,17,17,5
10587,8,8,3
10596,8,8,3
10604,8,8,2
10605,7,7,2
10608,9,9,2
10609,9,9,2
10615,8,8,2
10617,21,21,7
10618,4,4,2
1062,10,10,3
10629,8,8,2
1063,7,7,2
10635,11,11,2
10639,8,8,3
10645,8,8,2
10646,9,9,3
10651,8,8,3
10661,8,8,2
10670,10,10,5
10673,8,8,3
10675,9,9,3
10680,9,9,2
10692,7,7,2
10693,2,2,2
10697,4,4,2
10704,7,7,2
10706,11,11,6
10720,9,9,2
10721,6,6,2
10739,7,7,3
10744,7,7,2
10757,8,8,2
10761,8,8,3
10767,7,7,2
10770,11,11,4
10785,11,11,2
10786,7,7,2
10788,8,8,2
10793,6,6,2
10794,8,8,2
10795,8,8,2
10799,9,9,2
10800,7,7,3
10807,7,7,2
10808,9,9,3
10822,7,7,2
10823,13,13,4
10830,9,9,2
1085,14,14,2
10851,8,8,3
10854,2,2,2
10856,7,7,2
1086,6,6,2
10864,7,7,2
10882,2,2,2
10887,11,11,3
10888,12,12,4
1089,7,7,2
10900,4,4,4
10904,4,4,2
10905,6,6,3
10924,8,8,2
10986,8,8,2
10990,8,8,2
10993,9,9,2
10997,8,8,2
11010,5,5,3
11012,8,8,2
11013,8,8,2
11014,8,8,3
11016,8,8,3
11017,4,4,3
11020,8,8,3
11023,8,8,3
11036,6,6,3
11037,21,21,8
11039,17,17,4
11068,10,10,3
11086,8,8,3
11087,5,5,2
11096,9,9,4
11099,8,8,2
11139,9,9,3
11140,8,8,3
11148,7,7,2
11149,12,12,2
11169,9,9,2
11182,7,7,2
11193,7,7,2
11200,7,7,2
11223,7,7,2
11225,11,11,4
11231,7,7,2
11233,8,8,3
11234,2,2,2
11240,8,8,2
11243,7,7,2
11244,6,6,2
11245,7,7,2
11248,3,3,2
11254,8,8,4
11258,5,5,2
11262,7,7,3
11266,7,7,3
11269,7,7,2
11278,7,7,2
11280,8,8,2
11287,11,11,4
11288,8,8,2
11295,10,10,4
11306,8,8,2
11309,7,7,2
11315,10,10,3
11328,14,14,6
11329,9,9,4
11359,6,6,3
11376,6,6,3
11380,7,7,2
11383,3,3,2
11384,10,10,2
11389,12,12,4
11420,9,9,2
11429,14,14,6
11431,9,9,4
11434,5,5,2
11469,7,7,2
11487,9,9,3
11490,9,9,2
11501,17,17,7
11503,9,9,2
11506,13,13,2
11510,7,7,2
11515,3,3,2
11519,8,8,3
11520,2,2,2
11524,7,7,2
1153,6,6,2
11532,9,9,3
11536,8,8,2
1154,8,8,2
11541,14,14,7
11544,13,13,4
11554,9,9,3
11562,10,10,4
11567,11,11,3
1157,7,7,4
11570,2,2,2
11571,13,13,4
11575,9,9,2
11581,8,8,2
11600,7,7,2
11608,12,12,2
11613,7,7,2
11614,12,12,2
11624,9,9,2
11632,9,9,4
11643,9,9,2
11644,7,7,2
11646,10,10,4
11647,8,8,2
11648,3,3,2
1165,6,6,2
11656,3,3,2
11658,6,6,2
11659,10,10,2
11660,10,10,2
11662,7,7,2
11668,12,12,4
11669,7,7,2
1167,8,8,2
11683,8,8,2
11689,9,9,2
1169,9,9,2
11692,8,8,2
1170,7,7,2
11701,7,7,2
11718,9,9,2
11723,9,9,4
11724,8,8,5
11732,6,6,3
11733,8,8,2
11770,8,8,2
11772,9,9,2
11777,8,8,3
11785,9,9,2
11797,25,25,2
11817,13,13,2
11843,6,6,2
1185,8,8,2
11858,6,6,2
11871,16,16,2
11878,7,7,2
11885,7,7,2
11901,10,10,2
11915,8,8,2
11919,8,8,2
11934,10,10,2
11946,12,12,5
11960,2,2,2
11980,9,9,2
11989,19,19,3
12002,7,7,2
12003,8,8,2
12010,19,19,3
12026,8,8,2
12033,8,8,2
12034,4,4,2
12039,4,4,2
1209,14,14,5
1215,9,9,2
12161,4,4,2
12164,3,3,2
12165,10,10,2
12170,14,14,2
1218,8,8,2
12184,76,76,5
12189,24,24,3
12190,8,8,2
12201,5,5,2
12203,10,10,2
12210,7,7,2
1222,8,8,2
12228,14,14,2
12231,8,8,2
12237,7,7,2
12238,13,13,2
1224,8,8,3
12241,7,7,4
12242,14,14,5
12243,14,14,6
12244,7,7,4
12245,7,7,2
12246,13,13,5
12247,6,6,2
12251,7,7,4
12269,8,8,3
12274,8,8,2
12275,14,14,5
12277,7,7,3
1228,6,6,2
12282,14,14,4
12286,10,10,2
12302,14,14,4
1231,6,6,5
12333,14,14,5
12334,7,7,3
12335,7,7,4
12337,6,6,4
12344,7,7,2
12346,7,7,2
12352,14,14,5
12353,7,7,2
12355,7,7,2
12358,7,7,5
12360,13,13,5
12361,7,7,5
12362,14,14,4
12363,7,7,4
12367,9,9,2
12370,7,7,4
12388,8,8,4
12395,7,7,2
12408,9,9,3
12423,7,7,2
12432,7,7,2
12438,8,8,2
12439,7,7,2
12440,8,8,2
12458,6,6,2
12464,6,6,2
12465,8,8,3
12469,8,8,3
12473,7,7,3
12476,39,39,21
12478,9,9,2
12480,8,8,2
12493,7,7,2
12506,3,3,3
12507,9,9,2
12519,9,9,2
1253,2,2,2
12532,9,9,2
12548,12,12,2
12551,6,6,2
12555,14,14,3
12556,6,6,4
12566,9,9,2
12584,8,8,2
12591,11,11,5
12606,10,10,2
12607,6,6,2
12637,6,6,3
12640,8,8,2
12652,9,9,2
12654,2,2,2
12656,6,6,2
12683,8,8,3
12695,9,9,2
12702,9,9,2
12724,8,8,2
12731,9,9,2
12747,7,7,3
12766,7,7,2
12771,15,15,2
12785,6,6,2
12789,9,9,2
12791,12,12,4
12796,11,11,3
12797,7,7,2
1280,12,12,4
12800,5,5,2
12803,7,7,2
12817,7,7,2
1282,8,8,2
12826,8,8,3
12827,2,2,2
1283,7,7,4
12840,8,8,3
12842,11,11,3
12845,8,8,2
12850,7,7,2
12851,7,7,2
12857,9,9,2
1286,10,10,2
12867,11,11,2
12879,8,8,2
12886,7,7,2
12888,12,12,3
12907,8,8,2
12911,9,9,2
1292,4,4,2
12920,7,7,2
12926,4,4,2
12927,12,12,2
12933,16,16,3
12936,7,7,2
1294,8,8,2
12949,5,5,2
12952,7,7,2
12955,6,6,2
1297,12,12,3
12984,9,9,3
12992,9,9,2
12998,7,7,2
13005,7,7,2
13006,6,6,2
1301,7,7,2
13026,8,8,2
13031,9,9,3
13032,6,6,2
13041,11,11,2
13047,4,4,2
13055,7,7,2
13071,8,8,2
13082,8,8,2
13093,7,7,2
1310,8,8,4
13107,9,9,2
13112,12,12,4
13113,8,8,6
13114,25,25,8
13119,9,9,2
13124,7,7,2
13125,5,5,2
13130,9,9,2
13132,9,9,2
13134,9,9,2
13136,6,6,3
13138,3,3,2
13145,9,9,3
13148,8,8,2
1316,8,8,2
13170,6,6,2
13171,2,2,2
13175,9,9,2
13176,13,13,2
1318,6,6,2
13186,11,11,2
13187,15,15,2
13203,8,8,2
13207,8,8,2
1321,21,21,8
13215,6,6,2
13232,24,24,7
13237,6,6,2
13238,8,8,4
13243,5,5,3
13247,8,8,2
13248,8,8,4
13249,5,5,2
13259,18,18,4
13260,8,8,6
13268,6,6,2
13279,11,11,2
13288,8,8,4
1329,5,5,3
13290,23,23,7
13291,10,10,2
1330,9,9,3
13307,7,7,2
13332,5,5,3
13336,11,11,2
1334,9,9,2
13343,12,12,5
13346,4,4,2
13367,13,13,2
13368,13,13,6
13369,11,11,2
13371,14,14,2
13372,10,10,3
13377,17,17,2
13383,5,5,2
13384,8,8,2
13397,13,13,2
13406,7,7,4
13418,17,17,2
13427,10,10,3
1343,9,9,2
13430,12,12,2
13439,6,6,3
13445,9,9,2
13446,8,8,2
13450,6,6,2
13452,10,10,2
13457,9,9,2
13458,9,9,5
13461,7,7,2
13469,8,8,2
13480,8,8,3
13487,7,7,2
13499,11,11,2
13504,3,3,3
13516,8,8,2
13519,14,14,2
13520,11,11,2
13521,9,9,3
13525,3,3,2
13534,13,13,2
13540,7,7,2
13543,16,16,3
13554,4,4,2
13556,9,9,3
13559,28,28,2
13571,13,13,7
13574,9,9,4
13575,15,15,2
13578,12,12,2
13584,23,23,5
13594,24,24,7
13616,8,8,2
13627,9,9,2
13636,7,7,2
13650,8,8,2
13679,8,8,2
13696,7,7,2
13699,8,8,3
1370,7,7,2
13701,6,6,2
13705,4,4,3
13706,6,6,3
13707,6,6,3
13708,7,7,2
13714,8,8,2
13716,15,15,6
13718,6,6,4
13720,5,5,4
13721,12,12,6
13723,8,8,2
13729,8,8,2
13741,13,13,4
13742,14,14,2
13743,10,10,3
13748,6,6,4
13751,6,6,3
13763,7,7,3
13768,7,7,5
13771,7,7,2
13783,8,8,2
13791,6,6,2
13792,8,8,2
13806,6,6,2
13815,10,10,6
13818,8,8,2
13819,6,6,2
13827,9,9,3
13833,6,6,2
13838,3,3,2
13847,9,9,2
13856,6,6,3
13858,11,11,3
13859,8,8,2
13872,8,8,2
13873,5,5,2
13877,9,9,4
13878,8,8,3
1388,10,10,2
13880,9,9,3
13881,9,9,4
13885,10,10,5
13886,8,8,2
13887,9,9,4
13888,13,13,3
13889,2,2,2
13898,13,13,6
13899,12,12,5
13900,9,9,4
13901,7,7,2
13902,13,13,5
13905,8,8,2
13908,8,8,2
13909,7,7,2
13912,9,9,4
13913,8,8,5
13917,25,25,11
13919,9,9,5
13920,8,8,4
13924,7,7,4
13928,9,9,3
13932,7,7,2
13946,14,14,5
13947,2,2,2
1395,10,10,2
13956,14,14,4
1398,9,9,2
13986,8,8,2
14,7,7,2
14005,24,24,8
14012,7,7,2
14025,7,7,2
14032,4,4,2
1405,10,10,6
14076,8,8,4
14079,13,13,6
14081,5,5,2
14085,8,8,2
14087,8,8,3
14091,11,11,4
14103,21,21,6
14104,21,21,7
14107,17,17,4
14108,4,4,2
14137,9,9,2
14141,9,9,4
14143,7,7,2
14144,9,9,2
14149,6,6,2
14152,8,8,2
14155,8,8,2
14157,9,9,3
14159,7,7,2
14161,7,7,2
14163,8,8,3
14168,13,13,4
14169,9,9,4
14170,10,10,7
14172,6,6,2
14175,5,5,2
14176,11,11,4
14178,5,5,2
14181,16,16,7
1419,12,12,4
14190,9,9,3
14216,13,13,5
14217,21,21,7
14233,12,12,3
14241,9,9,2
14249,10,10,3
14256,21,21,7
14264,14,14,5
14266,6,6,2
14269,8,8,3
14276,17,17,7
14286,8,8,2
14288,11,11,4
14289,10,10,5
14290,7,7,3
14291,9,9,2
14296,8,8,3
143,7,7,2
14305,10,10,4
14310,11,11,4
14311,10,10,5
14312,11,11,4
14313,10,10,5
14314,19,19,7
14319,8,8,2
14324,13,13,6
14325,6,6,3
14326,2,2,2
14329,10,10,4
14343,7,7,3
14348,6,6,2
14349,6,6,2
14352,7,7,2
14353,7,7,2
14356,11,11,6
14358,10,10,2
1436,6,6,2
14362,6,6,2
14363,10,10,4
14367,12,12,2
14368,2,2,2
14372,11,11,3
14373,6,6,3
14377,9,9,3
14380,6,6,2
14389,6,6,2
14405,8,8,2
14407,11,11,6
14408,8,8,4
14409,10,10,5
14412,6,6,2
14413,11,11,7
14418,9,9,4
14420,10,10,4
14434,9,9,3
14443,4,4,2
14446,6,6,2
14448,6,6,2
14450,7,7,3
14451,11,11,3
14455,3,3,2
14471,7,7,4
14477,11,11,5
1448,7,7,3
14480,10,10,3
14481,13,13,3
14482,8,8,4
14484,2,2,2
14486,10,10,5
14487,12,12,4
14488,11,11,5
14489,9,9,2
14507,7,7,2
14511,6,6,2
14515,8,8,3
14531,4,4,3
14532,5,5,2
14533,11,11,4
14534,6,6,2
14537,7,7,2
14545,11,11,4
14550,5,5,2
14554,4,4,2
14560,10,10,4
14574,2,2,2
14575,4,4,2
1458,21,21,7
14586,8,8,2
14624,11,11,5
14631,9,9,2
14637,6,6,2
14639,7,7,2
14653,11,11,3
14655,5,5,2
14676,6,6,4
14681,11,11,2
14682,10,10,6
14690,9,9,4
14692,11,11,2
1471,10,10,4
1474,9,9,7
14757,7,7,2
1476,6,6,2
14761,6,6,4
14764,8,8,2
1477,8,8,2
14770,13,13,7
14777,7,7,2
14780,11,11,2
14797,10,10,2
14801,8,8,2
14809,10,10,5
14810,7,7,2
14812,10,10,5
14815,8,8,2
14823,10,10,4
14826,9,9,6
14828,7,7,2
14833,7,7,2
14834,7,7,2
14877,11,11,3
1488,8,8,3
14900,6,6,2
14906,7,7,2
14908,8,8,3
14915,4,4,2
14936,6,6,2
14942,7,7,2
14944,5,5,2
14945,11,11,3
14946,8,8,3
14966,9,9,2
14971,9,9,2
14974,6,6,3
14977,8,8,2
14985,7,7,2
14989,4,4,2
14992,6,6,3
14993,7,7,2
15004,7,7,2
1501,8,8,2
15011,7,7,2
15016,7,7,2
15019,5,5,2
1502,8,8,3
15028,13,13,5
1504,8,8,2
15058,25,25,9
15066,8,8,3
15067,10,10,5
15069,10,10,2
15087,9,9,2
15097,8,8,2
15104,2,2,2
15108,7,7,2
15120,10,10,3
15123,13,13,2
15129,12,12,3
1513,7,7,2
15133,6,6,3
15136,7,7,3
15137,6,6,2
15138,11,11,3
15148,9,9,2
15154,17,17,2
15157,7,7,2
15159,3,3,2
15173,10,10,3
15189,6,6,2
15195,9,9,2
15202,13,13,4
15210,5,5,3
15218,10,10,2
1522,10,10,2
15220,6,6,2
15228,7,7,2
1523,21,21,5
15245,4,4,3
15254,9,9,2
15256,8,8,2
15264,7,7,2
15280,9,9,3
1530,16,16,7
1531,16,16,7
1532,9,9,3
15326,5,5,2
15344,8,8,2
15348,10,10,2
1535,12,12,5
15356,6,6,2
15357,7,7,3
1538,6,6,2
15383,7,7,2
15400,7,7,2
15412,15,15,2
15413,7,7,2
15419,8,8,3
15433,2,2,2
15436,8,8,2
15438,9,9,2
15441,8,8,2
1546,9,9,2
15463,6,6,2
15466,21,21,2
15469,9,9,3
15479,15,15,2
15491,10,10,3
15505,6,6,2
15509,18,18,2
15510,4,4,2
15527,8,8,2
15538,13,13,2
15552,8,8,2
15560,10,10,4
15567,12,12,3
1557,6,6,4
15579,8,8,2
15583,7,7,2
15586,4,4,2
15592,3,3,2
15612,8,8,2
15615,7,7,2
1563,8,8,2
15638,8,8,2
15668,9,9,2
15669,7,7,2
15670,8,8,2
15671,8,8,2
15681,7,7,2
15700,13,13,3
15717,15,15,6
15724,10,10,2
15725,14,14,2
15737,15,15,3
15739,8,8,2
1574,9,9,3
15743,7,7,2
1575,9,9,2
15759,5,5,4
1576,6,6,3
15760,8,8,2
15762,11,11,4
15776,7,7,3
15785,10,10,2
15787,26,26,4
15800,7,7,2
15812,8,8,2
15816,8,8,2
1582,10,10,6
15826,11,11,2
15834,8,8,2
15835,7,7,2
15836,9,9,4
15862,15,15,3
15868,12,12,2
1587,8,8,2
15885,10,10,5
15919,3,3,2
15921,6,6,2
15923,13,13,4
15925,10,10,2
15932,11,11,2
15933,5,5,2
1594,8,8,3
15941,10,10,4
15953,7,7,2
15958,11,11,2
15959,8,8,2
1597,3,3,2
15970,10,10,2
1598,7,7,3
15996,12,12,2
16000,9,9,2
16003,2,2,2
16013,11,11,2
16016,6,6,3
16019,9,9,2
1602,8,8,2
16024,4,4,2
1603,7,7,2
1604,11,11,2
16050,5,5,2
16065,6,6,2
161,6,6,2
16112,9,9,2
16115,7,7,2
1612,8,8,3
16122,7,7,2
1615,9,9,2
16159,7,7,4
16166,6,6,2
1617,9,9,2
16170,2,2,2
1618,8,8,3
162,21,21,6
16206,6,6,2
16234,17,17,3
16236,9,9,2
16267,9,9,2
16269,2,2,2
16289,7,7,2
1629,10,10,3
16292,4,4,2
16293,19,19,6
16295,11,11,5
1630,7,7,2
16310,11,11,2
16326,5,5,2
16332,4,4,3
16333,3,3,2
16335,9,9,3
16336,9,9,4
16339,12,12,3
16349,6,6,2
16351,6,6,4
16352,4,4,3
16353,3,3,2
16359,19,19,2
1638,8,8,3
16383,8,8,2
1639,8,8,2
16392,5,5,2
16401,8,8,2
16404,7,7,2
16412,8,8,3
16413,9,9,3
16414,10,10,4
16416,10,10,4
16417,11,11,4
16418,11,11,2
16420,11,11,4
16428,13,13,3
16437,10,10,2
16444,7,7,4
16446,8,8,2
16448,10,10,5
16449,5,5,3
16458,7,7,2
16459,11,11,2
16461,13,13,6
16462,10,10,4
16463,13,13,3
1647,9,9,3
16474,3,3,2
16477,7,7,2
1648,17,17,5
16485,7,7,2
16487,10,10,2
16488,17,17,6
1649,17,17,6
16490,9,9,3
16492,9,9,2
16493,10,10,3
16505,22,22,5
16506,5,5,4
16507,3,3,3
16513,8,8,2
16523,9,9,5
16524,28,28,3
16527,8,8,2
16529,12,12,5
1653,11,11,4
16531,7,7,2
16532,16,16,7
16533,13,13,4
16539,6,6,2
1654,9,9,4
16546,10,10,2
1655,9,9,5
16552,3,3,3
16553,17,17,6
16554,15,15,8
16559,25,25,7
1656,9,9,4
16562,13,13,4
16563,6,6,4
16565,10,10,5
16570,8,8,3
1658,6,6,2
16581,14,14,2
16589,5,5,3
16592,14,14,2
1660,8,8,2
16629,8,8,2
16652,8,8,2
16666,7,7,2
16673,10,10,4
1668,10,10,3
16685,8,8,3
16697,3,3,2
16702,6,6,3
1671,8,8,2
16721,10,10,2
16722,5,5,2
16754,7,7,4
16764,3,3,2
16768,20,20,2
1677,6,6,2
16793,9,9,4
16822,9,9,3
16829,10,10,2
16832,18,18,2
16833,5,5,2
16851,6,6,2
16858,15,15,2
16861,19,19,2
16869,3,3,2
16872,9,9,2
16874,8,8,2
16883,10,10,2
16888,10,10,2
16895,10,10,3
1690,10,10,3
16915,10,10,4
16927,2,2,2
1693,10,10,4
16930,6,6,2
16936,11,11,2
1694,10,10,3
16949,6,6,2
16956,19,19,2
16959,3,3,2
16966,15,15,2
1697,6,6,2
16986,7,7,2
16990,12,12,2
16995,8,8,2
17,6,6,2
170,7,7,5
17030,14,14,2
17034,2,2,2
17038,11,11,4
1704,8,8,2
17045,9,9,2
17048,9,9,2
17062,3,3,2
17067,11,11,2
171,11,11,5
17104,10,10,3
17105,7,7,2
1711,7,7,2
17112,24,24,8
17127,8,8,2
1713,7,7,2
17135,7,7,2
17148,6,6,2
17151,11,11,2
17178,7,7,2
17179,7,7,2
17191,8,8,2
17199,7,7,2
17219,7,7,2
1722,2,2,2
17226,8,8,2
1723,7,7,2
17235,10,10,3
17244,7,7,3
17246,9,9,2
1725,6,6,4
17254,10,10,2
17258,10,10,3
17260,9,9,2
17261,11,11,2
17268,10,10,2
17275,14,14,2
17287,8,8,2
17289,8,8,2
173,6,6,2
17300,9,9,4
1731,7,7,2
17312,10,10,2
17314,25,25,6
17321,7,7,2
17325,2,2,2
17340,10,10,2
17341,8,8,2
17342,7,7,2
17355,8,8,2
17371,8,8,2
17376,8,8,2
17392,7,7,2
17394,10,10,2
17395,10,10,2
1740,6,6,2
17400,8,8,3
17406,6,6,2
1741,13,13,2
17414,11,11,2
17415,9,9,2
17416,6,6,2
17433,9,9,3
17435,11,11,2
17442,10,10,3
17450,9,9,5
17454,8,8,2
17455,25,25,6
17456,11,11,3
17467,10,10,4
17469,11,11,5
1747,8,8,2
17495,6,6,2
17496,8,8,2
17497,6,6,3
17498,6,6,2
17504,10,10,2
17512,6,6,3
17513,6,6,3
17519,13,13,2
17522,12,12,5
17523,15,15,2
17541,3,3,2
17555,7,7,2
1756,7,7,2
17579,9,9,3
17580,6,6,4
17583,11,11,3
17585,7,7,2
17586,7,7,2
17592,13,13,2
17593,6,6,3
17595,6,6,4
17600,6,6,4
17606,11,11,3
1761,6,6,2
17611,6,6,2
17617,7,7,2
17618,6,6,2
17633,6,6,3
17637,7,7,2
17648,6,6,5
17660,21,21,7
17664,7,7,2
17672,11,11,2
17689,7,7,2
17690,8,8,2
17695,8,8,2
177,3,3,2
17705,2,2,2
17707,8,8,2
17710,13,13,2
17713,5,5,2
17718,11,11,2
17748,7,7,2
1775,3,3,3
17751,6,6,2
17767,7,7,2
17769,7,7,2
1777,10,10,2
17776,5,5,3
17777,10,10,3
17779,4,4,2
17791,24,24,5
17795,6,6,4
17797,5,5,3
17803,6,6,2
17804,7,7,2
17808,10,10,4
1781,8,8,4
17811,8,8,2
17813,7,7,2
17815,9,9,2
17830,7,7,2
17849,6,6,2
17856,8,8,2
17875,22,22,9
17878,21,21,6
17885,6,6,2
17887,6,6,3
17888,9,9,2
1789,5,5,2
17890,6,6,4
17893,21,21,5
17903,10,10,2
17909,8,8,3
17913,6,6,4
17927,6,6,2
17932,11,11,2
17933,12,12,6
17956,10,10,2
17957,10,10,4
17958,10,10,3
17960,8,8,2
17978,21,21,8
17986,21,21,4
17999,20,20,6
18,4,4,3
1800,7,7,2
18000,8,8,2
18002,21,21,8
18008,24,24,7
1801,7,7,2
18012,13,13,5
18013,8,8,2
18014,3,3,2
18021,17,17,6
18022,7,7,2
18044,7,7,6
18045,24,24,8
18051,7,7,4
18057,20,20,6
18060,21,21,8
18061,21,21,8
1807,6,6,2
18070,25,25,7
18082,8,8,3
18084,13,13,5
18094,6,6,2
18097,22,22,7
181,9,9,2
18101,25,25,9
1811,7,7,2
18114,24,24,6
18119,7,7,2
18126,6,6,2
18129,8,8,2
18148,6,6,3
18149,8,8,5
18150,6,6,2
18151,13,13,5
18154,25,25,7
18155,5,5,2
18158,20,20,7
1816,13,13,2
18161,9,9,3
18166,4,4,2
18168,7,7,3
18181,6,6,2
18185,6,6,2
18191,6,6,2
18198,11,11,4
18201,8,8,2
18204,12,12,3
18205,10,10,2
1821,7,7,3
18224,6,6,2
18229,6,6,2
18241,25,25,9
18242,24,24,8
18252,11,11,3
18254,12,12,2
18277,15,15,5
18278,2,2,2
18279,29,29,9
18285,7,7,2
18303,9,9,2
18305,10,10,4
18308,7,7,2
18309,6,6,2
18323,6,6,2
18324,6,6,2
18325,7,7,3
1834,17,17,6
18345,2,2,2
18347,5,5,4
18363,24,24,6
18368,2,2,2
18370,10,10,4
18375,7,7,4
18379,3,3,2
18385,12,12,2
18388,6,6,2
18389,6,6,3
1839,15,15,7
18392,23,23,6
18393,5,5,2
18394,4,4,3
18395,6,6,2
18397,24,24,8
18398,10,10,3
18399,6,6,3
1840,21,21,7
18400,4,4,2
18401,16,16,7
18402,9,9,2
18403,10,10,2
18404,10,10,4
18405,9,9,4
18406,11,11,5
18407,6,6,3
18411,4,4,2
18413,6,6,3
18418,8,8,2
18421,6,6,2
18425,7,7,2
1843,9,9,2
18433,5,5,3
18445,23,23,5
18452,23,23,8
18456,23,23,6
18486,11,11,2
18488,9,9,2
18489,15,15,8
18490,16,16,8
18493,14,14,6
18494,24,24,9
18495,16,16,7
18497,16,16,8
18498,17,17,4
1850,13,13,2
1851,7,7,2
18513,6,6,2
18514,2,2,2
18515,9,9,4
18519,6,6,2
18520,6,6,2
18532,10,10,4
18540,7,7,2
18548,9,9,2
18551,6,6,2
18555,7,7,2
1857,11,11,2
18574,8,8,2
18576,24,24,8
1860,10,10,2
18602,6,6,4
18605,7,7,3
18606,11,11,4
18613,6,6,2
1862,9,9,3
18621,24,24,8
18622,8,8,2
18623,9,9,3
18624,9,9,3
18626,14,14,6
18628,9,9,2
1863,6,6,3
18636,7,7,2
1864,9,9,5
18642,6,6,2
18645,2,2,2
18647,3,3,2
1866,21,21,8
18665,6,6,2
18667,7,7,2
1867,21,21,7
18671,23,23,6
18672,6,6,4
18675,7,7,3
18684,7,7,4
18687,23,23,2
18692,7,7,2
18704,10,10,2
18705,8,8,2
18706,9,9,2
18730,6,6,2
18732,10,10,4
18741,8,8,2
18742,10,10,3
18746,7,7,2
18754,7,7,2
18770,8,8,2
18774,6,6,4
18779,7,7,2
18783,7,7,2
18784,6,6,3
18787,6,6,2
1880,8,8,5
18804,2,2,2
18805,4,4,2
1881,10,10,3
18817,9,9,2
18820,8,8,2
18824,10,10,3
18825,7,7,2
18832,7,7,3
18833,6,6,2
18837,10,10,2
18839,11,11,2
18841,8,8,2
18844,4,4,2
18849,7,7,2
1885,7,7,2
1886,23,23,7
18875,4,4,2
18876,5,5,2
18878,5,5,2
18879,10,10,2
1888,9,9,4
18883,11,11,3
18884,7,7,3
18885,5,5,5
18890,4,4,3
18892,8,8,3
18894,9,9,3
18897,6,6,2
18909,6,6,2
18915,8,8,2
18916,9,9,3
18925,8,8,2
18937,9,9,2
18945,23,23,4
18946,3,3,2
18960,6,6,2
18964,10,10,4
18965,13,13,5
18966,8,8,3
18970,2,2,2
18971,2,2,2
18978,8,8,2
1898,18,18,6
18988,11,11,3
18995,8,8,2
18997,17,17,4
18999,17,17,3
19001,11,11,2
19003,8,8,2
19010,3,3,2
19031,12,12,2
19032,17,17,2
19050,7,7,2
19056,10,10,2
19058,6,6,3
19063,8,8,2
19064,7,7,4
19069,6,6,2
19072,5,5,4
19074,6,6,2
19075,5,5,2
19076,7,7,2
19077,7,7,2
19078,7,7,3
19081,6,6,2
19086,7,7,2
19101,8,8,3
19105,11,11,2
19106,13,13,6
19107,7,7,2
19116,6,6,3
19130,13,13,2
19133,6,6,2
19149,17,17,2
19151,7,7,2
19154,13,13,2
19155,7,7,3
19161,8,8,2
19162,7,7,3
19180,6,6,2
19197,6,6,2
19208,7,7,5
19210,6,6,2
19213,6,6,2
19214,7,7,6
19215,6,6,3
19229,6,6,2
19239,7,7,4
19240,7,7,4
19244,6,6,2
19245,7,7,2
19248,7,7,2
1925,11,11,3
19252,7,7,2
19253,8,8,2
19256,6,6,2
19257,9,9,2
19261,10,10,3
19265,4,4,2
19266,5,5,2
1927,9,9,3
19293,7,7,2
19294,7,7,2
19304,7,7,2
19309,6,6,2
1931,4,4,2
1934,6,6,2
19345,12,12,2
19351,4,4,2
19385,7,7,2
19390,9,9,2
19391,8,8,2
19397,8,8,3
19404,6,6,2
19409,5,5,2
1941,12,12,3
19412,6,6,2
19427,8,8,2
19437,8,8,2
19444,7,7,3
19445,7,7,2
19455,7,7,2
19459,12,12,2
19473,4,4,2
19474,10,10,5
19478,10,10,2
19479,10,10,5
19486,10,10,2
19495,10,10,2
195,6,6,2
19510,8,8,2
19522,8,8,3
19525,9,9,3
19543,5,5,3
19544,10,10,3
19546,11,11,3
19563,6,6,2
19587,8,8,2
196,19,19,7
19602,7,7,2
19604,11,11,2
19605,9,9,2
19607,7,7,3
19620,6,6,2
19634,7,7,2
19635,9,9,2
19645,6,6,2
1965,8,8,2
19655,9,9,4
19664,6,6,2
19667,6,6,2
19675,10,10,2
19708,7,7,2
19709,6,6,2
19714,6,6,2
19732,7,7,3
19734,8,8,3
1974,21,21,8
19740,7,7,2
19742,6,6,2
1975,25,25,6
19759,9,9,4
1976,9,9,2
19762,5,5,2
19764,5,5,2
19765,8,8,3
19772,7,7,4
19773,2,2,2
19782,10,10,2
19789,6,6,2
19791,14,14,3
19796,7,7,2
198,10,10,2
19818,6,6,2
19824,9,9,5
19831,7,7,2
19846,16,16,2
19866,4,4,3
19867,10,10,3
19869,4,4,2
19871,9,9,2
19892,6,6,2
19895,9,9,5
19898,11,11,2
19930,4,4,2
19931,6,6,2
19940,2,2,2
19962,7,7,2
19975,7,7,2
19979,9,9,2
1998,8,8,3
19983,5,5,2
19986,7,7,2
19987,7,7,2
20007,6,6,2
20013,6,6,2
20022,13,13,2
20039,2,2,2
20049,7,7,2
20084,4,4,3
20087,3,3,3
20093,5,5,4
20096,3,3,2
20111,7,7,2
20118,11,11,2
20123,8,8,4
20124,6,6,2
20168,9,9,2
20203,10,10,2
20205,7,7,2
20212,17,17,3
20215,7,7,3
20235,8,8,4
20237,12,12,2
20260,16,16,2
20273,6,6,3
20274,9,9,2
2028,7,7,2
20284,10,10,2
20286,11,11,2
20294,3,3,2
20295,21,21,2
20315,6,6,2
20342,8,8,3
20343,6,6,2
20344,10,10,2
20346,7,7,2
20361,4,4,2
20365,10,10,3
20367,9,9,3
20369,11,11,2
20373,12,12,4
20375,9,9,3
20382,4,4,2
20383,9,9,4
20385,8,8,3
20391,7,7,2
20396,8,8,4
20404,7,7,3
20406,5,5,2
20407,7,7,2
20420,6,6,2
20429,6,6,2
20430,11,11,6
20431,5,5,4
20448,9,9,2
20461,19,19,7
20464,18,18,7
20466,17,17,6
20467,10,10,5
2047,17,17,6
20473,5,5,2
2048,17,17,6
20480,6,6,2
20484,11,11,4
20486,19,19,7
20487,10,10,2
20529,6,6,2
20543,6,6,2
20545,6,6,2
2055,7,7,2
20552,9,9,2
20558,6,6,2
20568,9,9,2
20581,7,7,2
20587,7,7,2
20592,7,7,2
20598,10,10,2
20600,7,7,2
20606,10,10,2
20613,9,9,2
20614,9,9,4
2063,9,9,2
20674,24,24,2
20675,5,5,2
20676,10,10,2
20681,18,18,4
20692,22,22,2
207,9,9,2
20722,7,7,3
20729,7,7,2
2073,8,8,2
20736,6,6,2
20738,6,6,2
20743,13,13,3
20750,7,7,2
20751,3,3,2
20754,8,8,2
20756,5,5,2
20757,7,7,2
2076,7,7,2
20762,14,14,2
20766,8,8,3
20768,12,12,2
20773,7,7,2
20776,10,10,4
20780,12,12,2
20782,5,5,2
20783,7,7,2
20785,6,6,3
20787,5,5,2
20788,6,6,2
20792,8,8,3
20793,4,4,2
20794,8,8,2
20798,7,7,2
2080,7,7,2
20813,19,19,6
20835,7,7,2
20837,11,11,3
20842,10,10,2
20844,17,17,2
20852,10,10,2
20853,7,7,2
20855,17,17,3
20856,11,11,2
20858,7,7,2
20878,3,3,2
2088,7,7,2
20884,8,8,2
20891,5,5,4
20892,6,6,2
20893,9,9,2
20905,7,7,2
20935,7,7,2
20936,12,12,2
2094,9,9,3
20948,9,9,4
2095,21,21,5
20951,11,11,5
20952,9,9,2
20959,9,9,4
20961,5,5,2
20962,25,25,4
20965,4,4,2
20969,5,5,2
20979,7,7,2
20990,2,2,2
20995,6,6,2
21001,5,5,2
2102,3,3,2
21020,8,8,4
21030,7,7,2
21045,12,12,2
21047,15,15,4
21049,7,7,2
21050,19,19,5
21051,10,10,5
21052,10,10,3
21053,10,10,4
21058,15,15,2
21060,4,4,2
21061,14,14,4
21062,5,5,3
21063,5,5,2
21064,10,10,6
21067,9,9,4
21068,11,11,5
2107,8,8,2
21070,6,6,4
21076,6,6,2
21081,7,7,2
21090,4,4,2
21093,3,3,2
21096,6,6,2
21105,7,7,2
21107,7,7,2
21110,6,6,3
21113,13,13,2
21123,10,10,2
21133,7,7,4
21148,18,18,7
21149,19,19,6
21151,9,9,2
21155,2,2,2
21161,7,7,2
21162,5,5,2
21175,3,3,3
2118,7,7,2
21187,7,7,2
21190,15,15,2
21194,13,13,2
21198,12,12,2
21200,8,8,2
21202,8,8,3
21208,6,6,2
21209,9,9,2
21210,10,10,2
21218,8,8,2
2122,14,14,4
21220,3,3,2
21221,8,8,4
21223,11,11,5
21225,10,10,5
21236,6,6,2
21239,7,7,2
2124,8,8,2
21242,7,7,2
21243,7,7,2
21247,6,6,3
2125,8,8,2
21250,8,8,2
2126,9,9,2
21266,6,6,2
21279,3,3,2
21281,5,5,2
2129,8,8,2
21291,7,7,2
21306,7,7,2
2132,12,12,3
21323,18,18,2
2134,10,10,3
21342,17,17,6
21345,19,19,6
21349,2,2,2
2136,7,7,2
21364,6,6,2
21366,9,9,2
21374,6,6,2
2138,20,20,5
21386,16,16,5
2140,9,9,2
21418,7,7,2
21422,6,6,2
21427,11,11,3
21435,8,8,2
21439,7,7,2
2144,17,17,6
2145,9,9,2
21450,6,6,2
21466,9,9,2
21467,18,18,4
21474,6,6,2
21478,6,6,2
2150,8,8,2
21507,3,3,2
21515,8,8,2
2154,8,8,2
21549,6,6,2
21555,7,7,2
21557,6,6,2
21558,6,6,2
21559,11,11,2
2156,9,9,6
21562,9,9,2
21563,9,9,2
21568,8,8,2
21582,9,9,3
21590,8,8,4
21594,5,5,2
216,6,6,2
2160,5,5,2
21600,6,6,3
21601,9,9,2
21605,27,27,8
21608,8,8,2
21609,6,6,2
21619,11,11,2
21620,18,18,6
21642,7,7,2
2165,9,9,5
21654,2,2,2
21658,6,6,2
21660,9,9,2
21666,6,6,2
21674,11,11,2
21676,10,10,5
21677,10,10,2
21679,12,12,5
21684,13,13,5
21690,2,2,2
21699,7,7,2
2170,7,7,2
21700,4,4,2
21710,7,7,2
21716,10,10,3
21724,6,6,2
21726,13,13,4
21729,8,8,2
21736,7,7,3
21737,9,9,4
21739,13,13,2
2174,11,11,6
21757,10,10,5
21759,9,9,3
21761,9,9,4
21769,7,7,2
21770,7,7,2
21774,25,25,9
2178,15,15,4
21780,11,11,5
21781,7,7,2
21783,13,13,4
21786,6,6,2
21793,8,8,3
21799,12,12,5
2180,9,9,2
21800,6,6,2
21802,7,7,3
2181,8,8,3
21816,11,11,3
21826,6,6,2
21832,11,11,2
21857,6,6,4
21863,6,6,2
2188,11,11,4
21892,9,9,2
21898,16,16,6
21901,8,8,3
21922,7,7,2
21925,7,7,2
21931,12,12,4
21933,6,6,2
21936,6,6,2
21946,10,10,2
21950,10,10,2
21963,2,2,2
21964,2,2,2
21980,13,13,2
21988,7,7,2
21995,6,6,2
21997,7,7,2
22017,8,8,2
22018,8,8,2
22021,8,8,2
22024,8,8,2
22027,8,8,2
22029,10,10,2
22032,28,28,2
22034,7,7,2
22035,9,9,2
22036,7,7,2
22037,8,8,2
22040,11,11,5
22043,10,10,2
22047,7,7,2
22048,8,8,2
22062,29,29,7
22064,7,7,2
22067,20,20,7
22069,10,10,2
22073,12,12,7
22074,10,10,3
22078,8,8,2
2208,11,11,2
22081,3,3,2
22082,9,9,2
22083,6,6,2
22084,14,14,2
22085,9,9,3
22096,16,16,9
22098,17,17,5
22099,8,8,3
22103,8,8,2
22104,8,8,2
22109,17,17,5
22110,12,12,2
22114,19,19,2
22117,7,7,2
22118,7,7,2
22142,10,10,2
22143,8,8,2
22147,7,7,2
22148,6,6,2
22156,4,4,3
22159,3,3,2
22160,7,7,2
22162,7,7,2
22167,12,12,4
22168,7,7,2
22170,10,10,4
22176,7,7,4
2218,6,6,2
22184,7,7,2
22185,7,7,2
22194,7,7,2
22200,4,4,2
22208,10,10,2
22225,6,6,2
22229,2,2,2
22232,8,8,3
22252,22,22,4
22253,6,6,2
22254,6,6,2
22255,6,6,2
22277,9,9,3
22286,9,9,2
22290,20,20,2
22302,9,9,2
2231,8,8,2
22311,3,3,2
22322,8,8,2
22344,3,3,2
22356,10,10,2
2236,9,9,2
22380,5,5,2
22389,8,8,3
2239,8,8,2
22391,24,24,8
22393,8,8,6
22398,6,6,3
224,10,10,2
22402,8,8,2
22403,8,8,2
22413,17,17,6
22416,4,4,3
22418,6,6,2
22439,16,16,2
22443,11,11,2
22446,8,8,2
22469,30,30,7
2247,9,9,2
22474,18,18,6
22490,8,8,2
22494,7,7,3
22497,3,3,2
22499,9,9,4
22513,26,26,6
22515,6,6,2
22516,10,10,3
22520,9,9,3
22521,6,6,2
22535,10,10,4
22549,15,15,4
22554,9,9,4
22555,8,8,2
22556,10,10,4
22567,7,7,2
2257,7,7,2
22573,6,6,2
22595,8,8,2
22596,19,19,7
22597,18,18,6
22602,2,2,2
22614,10,10,3
22624,9,9,4
22627,6,6,3
22630,9,9,2
22632,7,7,3
22633,10,10,2
22634,2,2,2
22635,6,6,4
22637,5,5,4
22643,7,7,2
22655,39,39,7
22658,8,8,3
22660,7,7,3
22661,10,10,4
22663,10,10,2
22666,9,9,3
2267,7,7,2
22672,8,8,3
22695,10,10,2
22701,11,11,5
22704,12,12,2
22721,16,16,5
22728,8,8,2
22736,12,12,4
22738,6,6,4
22739,6,6,4
22742,17,17,5
22748,6,6,4
2277,8,8,2
22771,6,6,2
22772,9,9,3
22774,6,6,3
22778,6,6,2
22779,9,9,2
22782,10,10,2
22791,4,4,2
22797,2,2,2
22806,6,6,4
22807,18,18,6
22812,7,7,4
22814,11,11,5
2282,8,8,2
22827,7,7,2
22829,22,22,8
2283,10,10,2
22832,9,9,3
22836,5,5,4
22839,6,6,2
22840,12,12,6
22841,8,8,3
22851,7,7,2
22856,8,8,2
22858,34,34,6
22859,6,6,3
22867,17,17,6
22871,9,9,2
2288,3,3,2
22883,28,28,8
22887,9,9,4
22888,9,9,2
22890,8,8,3
229,4,4,2
22911,6,6,2
22917,3,3,2
22921,30,30,7
22925,7,7,3
22926,15,15,4
22927,15,15,3
22928,7,7,5
22929,10,10,3
22930,17,17,4
22932,12,12,2
22933,16,16,4
22943,9,9,3
22944,8,8,3
22946,8,8,3
22948,8,8,5
22950,8,8,2
22966,10,10,3
22974,24,24,7
22976,7,7,2
22986,18,18,8
22989,8,8,2
2299,10,10,2
22991,7,7,2
22993,3,3,3
22995,11,11,4
23,7,7,2
23000,18,18,7
23001,6,6,4
23002,6,6,4
23008,11,11,4
23009,9,9,4
23019,6,6,4
23021,6,6,2
23022,6,6,3
23029,4,4,2
23043,6,6,2
23044,6,6,2
23046,8,8,2
23050,6,6,3
23056,11,11,5
23058,7,7,2
23066,5,5,2
23071,8,8,2
23074,6,6,3
23076,6,6,3
23077,10,10,2
23081,16,16,5
23087,17,17,8
23093,8,8,2
23096,8,8,2
23101,19,19,7
23117,14,14,3
23120,16,16,8
23122,15,15,5
23123,12,12,5
23124,12,12,6
23128,16,16,6
2314,8,8,2
23141,13,13,5
23143,2,2,2
23144,18,18,6
23145,31,31,7
23146,9,9,4
23147,15,15,5
23171,8,8,2
23173,6,6,2
23178,10,10,3
23183,5,5,3
23189,16,16,4
23190,15,15,7
23204,16,16,4
23205,24,24,8
23206,9,9,2
23220,9,9,2
23222,10,10,3
23223,10,10,3
23224,9,9,4
23234,2,2,2
23239,7,7,2
2324,7,7,2
23255,7,7,2
23256,7,7,2
23258,6,6,5
23259,6,6,3
23260,16,16,5
23269,6,6,2
23271,2,2,2
23272,11,11,2
23273,7,7,4
23284,7,7,3
23289,8,8,2
2329,8,8,2
23293,8,8,3
23296,6,6,4
23301,7,7,2
23311,2,2,2
23314,7,7,4
23321,6,6,2
23325,8,8,2
23330,2,2,2
23345,22,22,6
23347,6,6,2
23357,11,11,5
23359,7,7,4
23360,4,4,3
23361,12,12,4
23363,8,8,3
23364,4,4,3
23369,2,2,2
23376,24,24,7
23382,22,22,7
23391,2,2,2
23392,32,32,8
23398,26,26,4
234,2,2,2
23403,8,8,2
23408,17,17,8
23413,2,2,2
23416,14,14,6
23417,3,3,2
23418,2,2,2
23423,14,14,2
23427,9,9,3
2343,8,8,2
23431,4,4,2
23440,4,4,2
23443,6,6,2
23446,7,7,3
23449,10,10,4
2345,10,10,4
23450,8,8,3
23458,9,9,3
23459,6,6,3
23465,23,23,10
23474,30,30,8
23480,4,4,2
23483,7,7,2
23485,6,6,2
23512,7,7,2
23516,8,8,4
23517,6,6,2
23523,7,7,2
2354,2,2,2
23541,6,6,2
23558,8,8,2
23559,7,7,3
23561,7,7,2
23563,2,2,2
23570,5,5,3
23583,7,7,2
236,8,8,2
2360,8,8,2
23605,10,10,3
23613,12,12,4
23645,14,14,4
23658,2,2,2
23665,8,8,2
23672,4,4,4
23676,4,4,4
23688,9,9,4
23690,6,6,2
23694,3,3,2
23696,7,7,2
23699,10,10,2
23707,2,2,2
23708,14,14,6
23711,15,15,5
23720,9,9,3
23723,17,17,6
2374,10,10,3
23740,9,9,2
23743,7,7,2
23749,8,8,3
23752,27,27,8
23754,6,6,2
23756,5,5,2
2376,10,10,2
23760,2,2,2
23767,4,4,2
23770,11,11,3
23772,6,6,2
23780,7,7,3
23781,7,7,2
23782,5,5,3
23785,10,10,3
23788,7,7,3
23795,7,7,2
23803,9,9,4
23815,22,22,6
23821,8,8,4
23822,17,17,5
2383,6,6,2
2384,7,7,3
23848,6,6,2
23865,6,6,2
23877,5,5,2
23878,7,7,3
23883,6,6,3
23886,9,9,3
23887,6,6,2
23889,8,8,4
23890,6,6,3
23891,5,5,4
23892,9,9,4
23894,7,7,2
23895,10,10,2
23905,12,12,2
23918,6,6,2
23924,16,16,6
2393,9,9,5
23936,13,13,5
23937,7,7,2
23938,9,9,2
23939,6,6,4
23942,10,10,3
23948,4,4,2
23950,9,9,2
23951,8,8,3
23954,5,5,3
23959,7,7,2
2396,7,7,2
23969,9,9,3
23973,10,10,4
23978,8,8,2
23984,11,11,4
23986,8,8,3
23988,7,7,2
24004,4,4,3
24021,6,6,2
24028,10,10,2
24034,18,18,2
24048,6,6,2
24049,7,7,2
24059,7,7,4
24060,9,9,2
2407,7,7,2
24071,32,32,5
24072,4,4,3
24077,3,3,2
2408,8,8,2
24089,7,7,3
241,3,3,2
24105,7,7,2
24106,22,22,6
24120,5,5,4
24122,2,2,2
24129,5,5,2
24165,4,4,2
24169,6,6,2
24182,7,7,2
24189,7,7,2
24193,7,7,2
24215,7,7,2
24218,10,10,3
24227,16,16,8
24259,7,7,2
24265,2,2,2
24266,7,7,3
24268,6,6,2
24269,11,11,3
2427,2,2,2
24283,6,6,2
24291,13,13,2
24299,9,9,3
24300,9,9,3
24302,7,7,2
24304,6,6,3
24307,8,8,2
24310,8,8,2
24312,2,2,2
24313,11,11,6
24314,8,8,3
24319,6,6,2
24324,5,5,2
24328,3,3,2
24335,6,6,2
24338,6,6,2
24345,17,17,5
24349,7,7,3
24366,7,7,2
24396,9,9,3
244,7,7,2
2440,10,10,2
24403,18,18,6
24411,8,8,4
24416,7,7,2
24422,6,6,2
24432,15,15,4
24452,4,4,2
24453,2,2,2
24460,7,7,2
24463,5,5,3
24465,7,7,2
24468,6,6,2
24473,6,6,2
24478,10,10,2
24479,9,9,2
2448,2,2,2
24485,6,6,3
24496,7,7,2
24517,6,6,2
2453,11,11,2
24541,8,8,3
24548,3,3,2
2457,10,10,2
24590,11,11,6
24592,12,12,4
24596,5,5,2
24605,7,7,2
24616,2,2,2
24618,16,16,4
24619,6,6,2
24627,6,6,2
24637,23,23,7
24649,7,7,2
24652,7,7,2
24656,2,2,2
24661,6,6,3
24662,18,18,5
24678,8,8,4
24681,7,7,3
2469,8,8,3
24699,6,6,3
247,9,9,4
24700,6,6,2
2471,7,7,2
24713,7,7,2
24714,7,7,2
24736,7,7,2
2474,8,8,2
24758,12,12,7
24771,8,8,3
24773,6,6,2
2479,9,9,2
24792,2,2,2
24794,6,6,2
24801,6,6,2
24810,10,10,4
24811,6,6,3
24822,6,6,2
2483,7,7,2
24832,7,7,2
2485,6,6,2
24850,7,7,2
24855,11,11,3
24856,6,6,3
24859,6,6,2
24862,6,6,2
24865,6,6,2
24881,22,22,4
24898,8,8,2
249,8,8,2
24906,6,6,2
2491,9,9,2
24910,8,8,2
2492,10,10,5
2493,8,8,2
24936,17,17,6
24937,4,4,3
24945,23,23,6
24947,21,21,6
2495,8,8,2
24952,9,9,3
24953,7,7,2
25006,24,24,8
25015,6,6,2
25018,12,12,5
2502,9,9,2
25020,23,23,7
25024,7,7,2
25031,8,8,2
25033,6,6,2
25041,6,6,2
25059,10,10,3
25065,23,23,6
2508,5,5,4
25110,7,7,2
25113,8,8,2
25115,12,12,2
25119,3,3,3
25120,3,3,3
25122,4,4,2
25130,15,15,6
25133,2,2,2
25134,14,14,5
25139,9,9,3
25141,10,10,2
25147,6,6,2
25150,25,25,7
25154,27,27,9
25170,8,8,2
25185,13,13,4
25193,2,2,2
25197,2,2,2
252,7,7,2
25203,7,7,2
25220,7,7,2
25223,12,12,6
25224,5,5,2
25229,7,7,2
25243,21,21,5
25247,5,5,2
25252,2,2,2
25253,22,22,7
25259,7,7,3
25275,8,8,2
25288,7,7,2
25290,18,18,5
25296,7,7,2
2530,7,7,3
2532,7,7,2
2533,6,6,2
25331,15,15,3
25336,6,6,2
25346,9,9,2
25352,7,7,3
25353,18,18,4
25354,3,3,2
2536,7,7,2
25372,6,6,2
25375,7,7,2
254,6,6,2
2541,7,7,2
25423,12,12,4
25428,5,5,2
25430,2,2,2
25432,9,9,2
25452,9,9,5
25453,2,2,2
25465,18,18,6
25467,2,2,2
2548,8,8,2
25481,6,6,2
25507,6,6,3
25519,5,5,2
2554,9,9,2
25549,10,10,4
25559,7,7,2
25571,4,4,2
25572,10,10,4
25576,3,3,2
25610,11,11,3
25612,9,9,4
25623,14,14,3
25626,16,16,5
25627,17,17,7
25629,6,6,2
25630,9,9,2
25631,4,4,2
2565,2,2,2
25654,24,24,6
2567,8,8,3
25680,4,4,3
25691,7,7,3
25692,9,9,3
25693,3,3,2
25694,8,8,4
25697,8,8,3
25698,7,7,2
25700,6,6,2
25701,6,6,2
25708,6,6,2
25715,8,8,5
25717,2,2,2
25718,20,20,4
25723,17,17,5
25728,18,18,2
25736,9,9,4
25739,11,11,3
25741,12,12,4
25751,5,5,3
2576,10,10,2
25764,10,10,5
25765,11,11,4
25766,12,12,3
25769,12,12,6
25786,2,2,2
25793,2,2,2
25800,16,16,5
25808,2,2,2
25815,18,18,3
25833,10,10,4
25838,4,4,2
25840,13,13,3
25844,7,7,2
2585,8,8,2
25851,2,2,2
25852,11,11,4
25873,9,9,2
25875,10,10,2
25877,9,9,2
25879,23,23,9
25886,19,19,7
25887,4,4,3
2590,8,8,2
25901,7,7,6
25909,8,8,3
25913,8,8,2
25924,7,7,2
25927,8,8,2
25930,10,10,3
25940,7,7,2
25951,10,10,2
25956,8,8,3
2596,13,13,3
25965,8,8,2
25969,8,8,2
25981,7,7,4
25993,4,4,2
25994,6,6,3
25996,6,6,3
26,9,9,2
26000,7,7,2
26001,7,7,3
26002,7,7,2
26003,2,2,2
26004,9,9,2
26006,7,7,2
26011,4,4,2
26012,6,6,3
26015,6,6,2
26017,8,8,2
26019,6,6,2
26021,6,6,2
26022,6,6,2
26026,3,3,2
26032,11,11,4
2605,8,8,2
26066,8,8,2
26069,7,7,2
2609,4,4,2
26096,6,6,2
2610,8,8,2
26109,9,9,3
26143,8,8,2
26144,3,3,3
26154,7,7,2
26169,8,8,2
26179,5,5,2
26189,4,4,2
26193,7,7,2
26202,11,11,3
26219,7,7,2
26225,11,11,2
26226,8,8,2
26228,26,26,9
26233,8,8,2
26242,7,7,2
26246,9,9,2
26249,14,14,2
26254,6,6,2
26255,17,17,7
26258,22,22,2
26265,10,10,2
26272,4,4,2
26278,6,6,5
26286,10,10,2
26291,8,8,3
26295,2,2,2
26298,11,11,2
26304,7,7,2
26309,9,9,2
26310,8,8,2
26311,6,6,2
26313,7,7,2
26316,6,6,2
26326,9,9,2
26328,9,9,2
2633,9,9,2
26340,9,9,2
26345,5,5,2
26350,9,9,3
26352,8,8,2
26372,15,15,2
26394,15,15,2
264,3,3,2
26403,8,8,2
26408,7,7,2
26417,9,9,2
26420,8,8,2
26435,11,11,2
26439,13,13,3
26443,6,6,2
26445,2,2,2
26450,7,7,2
26452,6,6,2
26462,2,2,2
26467,3,3,2
26468,4,4,2
26472,7,7,3
26473,7,7,3
26483,7,7,2
26484,8,8,2
26488,10,10,2
26490,11,11,2
26494,12,12,2
26499,7,7,3
26504,8,8,2
26508,11,11,5
26509,12,12,4
26510,23,23,6
26514,8,8,2
26515,5,5,2
26547,23,23,7
26554,7,7,2
26555,12,12,6
26556,13,13,2
26557,13,13,5
26558,11,11,4
26566,11,11,2
26570,10,10,2
26573,9,9,2
2659,8,8,2
26619,10,10,2
26624,10,10,4
26632,4,4,2
26635,6,6,2
26639,5,5,2
26640,11,11,2
26645,6,6,2
2666,9,9,4
26662,6,6,2
26665,12,12,4
26667,8,8,2
2667,7,7,2
26679,10,10,2
26688,14,14,2
26689,11,11,4
26696,6,6,2
26708,8,8,2
26714,8,8,2
26716,4,4,2
26735,10,10,4
26749,8,8,2
26750,32,32,8
26753,9,9,4
26767,7,7,2
26770,8,8,2
26776,10,10,2
26777,24,24,7
26779,11,11,4
26782,9,9,4
26790,15,15,6
26801,7,7,3
26804,10,10,4
26807,14,14,2
2681,7,7,2
26815,8,8,2
26819,15,15,5
26832,8,8,2
26838,9,9,2
26839,4,4,2
26841,15,15,2
26847,8,8,2
26848,14,14,2
26849,9,9,2
26853,5,5,2
26855,9,9,2
26869,6,6,2
26874,7,7,2
26881,7,7,2
2689,9,9,2
26912,9,9,2
26915,9,9,4
2693,7,7,2
26932,6,6,2
2695,6,6,2
26950,8,8,3
26957,7,7,2
26960,7,7,2
26962,7,7,2
2697,4,4,2
26982,4,4,2
26987,25,25,7
26988,6,6,2
26989,8,8,2
27,12,12,4
27009,7,7,2
27010,10,10,5
27018,10,10,2
27024,13,13,2
27030,2,2,2
27034,4,4,2
27040,6,6,4
27041,15,15,6
2706,8,8,2
27070,11,11,3
27073,21,21,10
27074,8,8,2
27089,7,7,2
27090,9,9,3
27121,6,6,2
27128,6,6,2
27138,6,6,2
27146,5,5,2
2716,7,7,2
2717,9,9,2
2718,11,11,2
27210,7,7,2
27211,10,10,3
2723,8,8,2
27232,5,5,2
27237,14,14,2
27241,4,4,2
27243,5,5,3
27253,2,2,2
27254,7,7,2
27255,8,8,2
27256,6,6,4
2726,10,10,3
27274,12,12,2
27277,6,6,2
2728,8,8,2
2729,8,8,2
27297,7,7,3
27328,17,17,2
2733,4,4,2
27339,7,7,2
27351,6,6,3
27352,3,3,2
2736,9,9,3
27360,9,9,3
27365,7,7,2
27369,8,8,2
2737,9,9,5
27378,6,6,3
27383,8,8,2
27385,5,5,2
27391,9,9,2
27399,8,8,2
274,17,17,2
27403,9,9,2
27412,11,11,2
27413,4,4,2
27414,2,2,2
27415,8,8,2
27423,26,26,8
27424,2,2,2
27448,3,3,3
2745,7,7,2
27477,6,6,2
27479,3,3,3
27480,7,7,3
27502,8,8,2
27504,10,10,2
27509,9,9,3
2751,7,7,2
27512,7,7,3
27515,8,8,2
27516,8,8,2
27526,3,3,2
27531,3,3,2
27533,22,22,7
27539,6,6,2
27561,25,25,11
27565,10,10,4
27571,8,8,5
27576,9,9,4
27582,13,13,2
27590,22,22,3
27591,9,9,2
27595,8,8,3
27596,5,5,2
27602,5,5,2
2761,7,7,3
2762,9,9,3
27638,11,11,2
27657,13,13,2
27658,4,4,2
27660,4,4,2
27673,7,7,2
27679,9,9,2
2768,8,8,3
27680,13,13,2
27681,12,12,3
27703,7,7,2
27725,9,9,3
27729,7,7,2
27735,11,11,4
27737,6,6,3
27744,10,10,2
27745,8,8,2
27746,10,10,3
27747,8,8,3
27749,13,13,2
27754,9,9,2
27764,7,7,4
27767,10,10,2
27770,13,13,3
27772,12,12,5
27777,6,6,3
27779,6,6,2
27781,7,7,3
27785,8,8,4
27790,6,6,2
27791,21,21,5
27796,10,10,8
27797,14,14,5
27799,14,14,2
27801,4,4,2
27803,16,16,8
27808,17,17,7
27813,15,15,5
27816,6,6,2
27820,6,6,3
27821,9,9,2
27829,2,2,2
27838,7,7,2
27842,6,6,3
27843,9,9,4
27844,8,8,6
27854,8,8,2
27857,8,8,2
27858,7,7,2
27859,4,4,2
27864,9,9,2
27887,4,4,2
27895,7,7,2
27901,8,8,2
27906,6,6,2
27912,15,15,2
27913,5,5,2
27914,7,7,2
27915,7,7,2
27918,7,7,2
27919,11,11,2
27925,7,7,4
2793,19,19,7
27932,7,7,2
27935,7,7,2
27944,5,5,2
27945,6,6,2
27949,7,7,2
27952,7,7,2
27957,6,6,3
27979,7,7,2
27980,7,7,3
27981,11,11,2
27982,11,11,2
27987,10,10,3
2799,8,8,2
27995,13,13,5
27999,14,14,2
28000,16,16,2
28001,6,6,2
28005,10,10,3
2801,8,8,2
28010,10,10,4
28011,12,12,5
28028,8,8,4
28029,19,19,7
2804,21,21,8
28040,5,5,3
28041,8,8,6
28042,7,7,3
28044,2,2,2
28045,9,9,3
28058,6,6,2
28061,10,10,2
28062,7,7,2
28065,8,8,2
28070,6,6,2
28073,15,15,6
28076,10,10,2
2808,9,9,2
28089,10,10,2
28096,8,8,2
28097,12,12,4
2810,9,9,4
28100,5,5,2
28102,11,11,2
28108,7,7,2
28109,9,9,2
28118,5,5,2
28122,11,11,5
28125,6,6,2
28129,7,7,2
28139,6,6,2
28141,11,11,2
28144,8,8,4
28145,13,13,3
28146,9,9,2
28153,7,7,2
28155,13,13,4
28156,13,13,5
28157,8,8,4
28161,4,4,2
28163,11,11,5
28166,8,8,2
28177,5,5,2
28185,22,22,3
28187,12,12,4
28191,9,9,2
28216,6,6,2
28226,7,7,2
28228,8,8,3
2824,21,21,6
28244,5,5,2
28246,20,20,2
28265,6,6,2
28274,16,16,2
28275,12,12,2
28278,17,17,5
28296,12,12,2
28297,8,8,2
28307,11,11,2
28316,10,10,2
28317,6,6,2
28320,4,4,2
28334,7,7,2
28338,8,8,2
28339,8,8,2
28340,8,8,2
28355,12,12,3
28357,7,7,5
28359,14,14,3
28360,12,12,4
28371,6,6,2
28379,7,7,2
28392,13,13,2
28402,17,17,7
28404,12,12,5
28408,4,4,2
28426,6,6,2
2843,6,6,2
28450,8,8,2
28452,24,24,8
28456,8,8,2
28457,30,30,3
28463,19,19,4
28467,11,11,2
28468,5,5,2
2847,7,7,2
28487,2,2,2
2849,12,12,3
28493,6,6,2
28496,7,7,2
2850,8,8,2
28501,7,7,2
28502,9,9,2
28506,9,9,4
2851,9,9,3
28514,6,6,2
28524,10,10,6
28525,5,5,2
28528,10,10,4
2854,8,8,3
28545,8,8,2
2855,9,9,3
28551,5,5,2
28556,20,20,3
28558,12,12,3
28560,9,9,2
28581,8,8,2
28589,9,9,4
28590,5,5,4
28598,5,5,4
28599,6,6,3
2860,7,7,5
28607,9,9,4
28615,4,4,2
28616,9,9,2
28619,7,7,2
2862,9,9,2
28622,17,17,6
28642,4,4,2
28645,6,6,2
28646,24,24,6
28661,12,12,3
28668,15,15,6
28669,9,9,2
2867,9,9,3
28686,9,9,2
28696,7,7,2
28712,10,10,5
28745,10,10,2
28748,10,10,7
28752,7,7,2
28755,7,7,2
2877,9,9,4
28773,16,16,7
28789,9,9,5
28790,9,9,6
28791,6,6,5
28794,11,11,5
28795,6,6,4
28799,20,20,7
28804,13,13,3
28809,9,9,4
28818,8,8,3
28821,7,7,3
28825,10,10,3
28827,13,13,6
28832,8,8,2
28833,11,11,2
28881,6,6,3
28888,12,12,2
28915,9,9,2
28920,11,11,5
28940,23,23,5
28943,11,11,6
28944,3,3,3
28945,4,4,2
28950,10,10,2
28955,11,11,5
2896,7,7,2
28961,10,10,3
28963,10,10,2
28968,7,7,2
28972,3,3,3
28977,13,13,4
28979,8,8,4
28982,13,13,4
28987,7,7,3
28989,11,11,5
28993,13,13,7
28999,13,13,4
2900,9,9,4
29002,7,7,2
2901,9,9,4
29014,7,7,2
2902,9,9,3
29020,15,15,4
29021,7,7,3
29022,7,7,3
29023,7,7,2
29035,11,11,6
29036,10,10,6
29040,11,11,3
29049,2,2,2
29053,16,16,5
29055,2,2,2
29056,13,13,2
29058,8,8,2
29062,9,9,3
29066,10,10,4
29067,5,5,2
29068,17,17,5
29069,2,2,2
2907,12,12,2
29072,8,8,3
29081,6,6,2
29087,17,17,5
29088,13,13,6
29089,17,17,8
29090,16,16,6
29091,17,17,9
29095,9,9,3
29099,7,7,2
29100,13,13,4
29104,12,12,5
29105,8,8,2
29111,7,7,2
29115,10,10,4
29117,9,9,2
29119,9,9,6
29120,11,11,2
29121,7,7,3
29124,9,9,2
29125,2,2,2
29127,5,5,3
29128,11,11,8
29129,3,3,2
29133,7,7,4
29135,7,7,4
29139,21,21,7
29140,11,11,4
29142,7,7,3
29144,15,15,6
29152,7,7,2
29155,13,13,3
29159,7,7,2
29160,11,11,3
29167,11,11,2
2918,12,12,4
29185,14,14,3
29189,8,8,2
29206,10,10,2
29244,12,12,2
2925,7,7,2
29251,5,5,2
2926,9,9,5
29262,8,8,2
2929,7,7,5
29299,7,7,2
2930,9,9,4
2931,9,9,5
2932,8,8,5
29333,11,11,2
29336,17,17,7
2935,9,9,4
29376,12,12,2
29378,13,13,2
2938,9,9,3
29381,8,8,2
29394,9,9,2
2940,9,9,3
29421,5,5,2
2943,9,9,2
29434,9,9,2
29453,12,12,2
2947,8,8,2
29484,5,5,3
29493,5,5,2
2950,10,10,2
29500,5,5,4
29510,8,8,2
29535,8,8,3
29540,3,3,2
29558,6,6,2
2956,12,12,3
2957,9,9,4
29576,2,2,2
2958,10,10,2
29592,7,7,2
29595,13,13,2
29598,5,5,2
29601,35,35,10
29607,25,25,7
29608,12,12,6
29613,9,9,3
29614,28,28,10
29615,17,17,6
29616,13,13,7
29617,7,7,2
29618,34,34,8
29624,18,18,7
29632,12,12,3
29643,17,17,6
29644,18,18,6
29645,13,13,7
29647,13,13,6
29648,15,15,4
29651,14,14,4
29652,28,28,3
29653,18,18,7
29657,9,9,5
29659,12,12,4
29677,16,16,2
29681,9,9,6
29683,18,18,5
29688,8,8,3
29698,7,7,2
297,4,4,2
29700,7,7,2
29702,7,7,3
29705,17,17,5
29706,17,17,8
29707,13,13,5
2971,8,8,2
29711,3,3,3
29712,9,9,5
29713,10,10,4
29716,9,9,3
29753,2,2,2
29790,6,6,2
29798,9,9,2
2980,7,7,2
29820,11,11,2
29825,5,5,2
29856,10,10,2
2988,9,9,5
29883,9,9,4
2989,9,9,4
29896,11,11,3
2990,9,9,4
29914,10,10,2
29918,16,16,2
29939,9,9,2
2994,8,8,2
29962,8,8,2
29965,10,10,2
29968,17,17,2
29978,4,4,3
29988,9,9,2
30006,6,6,2
30009,15,15,2
30012,5,5,2
30018,10,10,2
30036,2,2,2
30051,8,8,2
30053,8,8,2
30055,10,10,2
30075,7,7,2
3008,8,8,2
30085,9,9,2
3012,7,7,2
30120,6,6,3
30136,16,16,2
30142,21,21,2
3016,25,25,9
3019,18,18,7
30198,10,10,2
3020,7,7,2
30204,12,12,2
30221,7,7,2
30232,10,10,3
30258,13,13,2
30279,6,6,2
30306,6,6,2
3031,9,9,6
30320,7,7,2
30330,7,7,2
30345,3,3,2
30351,9,9,2
30356,11,11,2
30357,4,4,2
30369,19,19,5
30370,21,21,2
30379,15,15,3
30380,9,9,2
30382,2,2,2
3039,10,10,5
30395,8,8,4
30439,9,9,4
3044,8,8,2
30440,18,18,4
30449,10,10,2
30466,2,2,2
30472,7,7,5
30473,9,9,2
30477,12,12,5
30478,9,9,4
30479,17,17,3
30482,7,7,2
30483,3,3,2
30490,7,7,2
30496,7,7,3
30507,7,7,2
30516,10,10,2
30557,10,10,5
30573,8,8,2
30576,20,20,3
30579,7,7,2
30581,7,7,2
30591,4,4,4
30593,8,8,2
30594,9,9,2
30604,6,6,2
30605,5,5,2
30615,2,2,2
30625,12,12,4
30631,13,13,6
30641,8,8,2
30660,10,10,4
3067,9,9,3
30670,7,7,2
30680,8,8,2
30685,24,24,2
30687,6,6,2
30691,6,6,2
30693,12,12,4
30695,8,8,2
30698,8,8,2
3070,7,7,2
30702,5,5,2
30712,12,12,2
30729,7,7,2
3073,12,12,2
30758,8,8,2
30759,9,9,2
30761,13,13,4
30762,3,3,2
30763,11,11,2
30765,4,4,2
30766,8,8,2
30767,9,9,2
30773,12,12,4
30776,15,15,2
30785,6,6,2
30791,12,12,2
30797,9,9,2
30799,6,6,2
30808,15,15,3
30810,2,2,2
30811,9,9,2
30819,11,11,2
30844,24,24,10
30846,4,4,3
30850,11,11,3
30874,6,6,2
30876,17,17,2
30898,4,4,2
30901,6,6,3
30902,7,7,2
30903,6,6,2
30904,8,8,2
30913,6,6,4
30914,6,6,2
30916,4,4,2
30935,14,14,7
3094,11,11,3
30940,5,5,2
30948,7,7,2
30950,6,6,2
30961,7,7,2
30966,11,11,6
30967,8,8,2
3098,6,6,2
30989,8,8,2
3099,8,8,2
30991,6,6,2
3100,5,5,2
31009,10,10,3
31011,9,9,2
31021,6,6,2
31022,13,13,2
31025,9,9,2
31027,7,7,2
31034,9,9,2
31036,7,7,3
3104,9,9,3
31043,5,5,2
31045,5,5,3
31046,8,8,2
31048,12,12,4
31075,5,5,3
31078,11,11,3
31103,20,20,3
31107,3,3,2
31115,7,7,2
31119,7,7,2
31128,6,6,2
31146,6,6,2
31162,5,5,2
31164,4,4,2
31165,4,4,2
31173,7,7,2
31176,12,12,4
31187,5,5,2
31188,13,13,5
31189,7,7,3
31190,11,11,4
31193,5,5,3
31194,11,11,6
31198,5,5,2
3120,14,14,2
31202,15,15,5
31219,7,7,3
31220,5,5,4
31223,9,9,4
31224,9,9,5
31227,10,10,2
31228,5,5,2
31235,9,9,4
31236,6,6,2
31237,19,19,8
31239,7,7,5
31241,12,12,2
31246,17,17,7
3125,6,6,2
31250,13,13,5
31251,13,13,3
31252,13,13,7
31253,13,13,2
31254,11,11,5
31255,9,9,2
31263,9,9,5
31265,12,12,4
31270,6,6,2
31273,9,9,2
31275,7,7,2
31282,8,8,4
31284,16,16,7
31290,9,9,3
31292,11,11,3
31293,17,17,6
31294,9,9,3
31295,8,8,4
31296,13,13,5
31297,9,9,3
31298,11,11,5
31299,12,12,5
31300,17,17,7
31303,12,12,3
31307,11,11,4
31322,9,9,3
31323,7,7,5
31332,3,3,2
31337,4,4,2
3134,7,7,2
31340,9,9,5
31354,3,3,2
31355,9,9,6
31356,11,11,6
3136,12,12,4
31361,8,8,2
31367,51,51,7
31368,25,25,7
31371,7,7,4
31373,8,8,2
31374,9,9,4
31378,11,11,5
31380,14,14,3
31382,12,12,3
31383,8,8,2
31384,4,4,2
31385,9,9,2
31387,2,2,2
31390,7,7,2
31396,15,15,3
31397,24,24,7
3140,9,9,2
31407,7,7,4
31410,12,12,6
31411,18,18,4
31414,18,18,5
31415,11,11,5
31420,5,5,3
31427,3,3,2
31437,2,2,2
3144,7,7,2
31454,11,11,2
31463,25,25,6
31466,9,9,3
31467,12,12,3
31468,12,12,7
31470,9,9,5
31471,6,6,2
31474,9,9,5
31475,11,11,5
31476,9,9,4
31485,6,6,2
31487,13,13,7
31488,6,6,2
31494,11,11,6
31495,15,15,6
31498,11,11,2
31499,8,8,4
3150,9,9,3
31515,7,7,2
3152,9,9,2
31527,5,5,2
3153,8,8,3
31543,10,10,2
31553,10,10,2
31555,24,24,6
31567,32,32,10
3157,9,9,2
31573,16,16,7
31574,3,3,3
3160,9,9,3
31606,18,18,6
31609,9,9,3
31613,10,10,2
31614,11,11,4
31616,25,25,7
31622,9,9,3
31623,5,5,2
31628,5,5,2
31630,7,7,4
31631,13,13,5
31632,7,7,5
31633,13,13,7
31634,14,14,6
31643,14,14,6
31645,7,7,3
31664,10,10,2
31672,5,5,4
31681,16,16,3
31686,3,3,2
31689,10,10,2
3169,13,13,2
31690,7,7,2
31693,8,8,2
31703,5,5,2
31704,8,8,2
3171,4,4,2
31719,14,14,7
31720,14,14,8
31725,7,7,2
31726,2,2,2
31734,7,7,4
31740,4,4,2
31752,10,10,3
31753,10,10,4
31754,15,15,8
31755,41,41,10
31757,5,5,2
31767,9,9,3
31771,10,10,3
31775,9,9,3
31777,9,9,2
3179,7,7,2
31810,6,6,2
31828,2,2,2
31849,8,8,2
31860,2,2,2
31862,9,9,4
31864,9,9,3
31865,8,8,3
3187,10,10,2
31870,9,9,4
31874,9,9,3
31879,3,3,2
31903,6,6,2
31905,9,9,5
31906,12,12,5
31917,8,8,2
31923,2,2,2
31926,2,2,2
3194,2,2,2
31951,3,3,2
31955,7,7,3
31958,17,17,7
31970,33,33,8
31975,3,3,2
31976,30,30,8
32001,6,6,4
32002,3,3,3
32003,11,11,4
32025,10,10,6
32026,8,8,2
3203,11,11,2
32033,16,16,5
32038,9,9,3
32039,8,8,2
32046,3,3,2
32052,8,8,2
32067,4,4,2
32071,2,2,2
32074,2,2,2
32096,23,23,10
32100,24,24,8
32105,10,10,2
3211,3,3,2
32110,5,5,2
32122,17,17,4
32123,10,10,4
32128,7,7,2
3214,11,11,2
32144,6,6,3
32145,9,9,4
32147,9,9,2
32165,6,6,4
32168,2,2,2
32174,5,5,3
32187,11,11,2
32191,18,18,5
32194,17,17,6
32195,2,2,2
32218,21,21,7
32223,3,3,3
32224,26,26,5
32228,8,8,2
32231,15,15,6
32233,9,9,2
32237,4,4,2
32241,9,9,3
32244,4,4,2
32262,15,15,5
32263,4,4,3
32264,6,6,2
32269,22,22,7
32274,6,6,2
32275,8,8,2
32278,2,2,2
32283,35,35,8
32286,7,7,4
32303,9,9,2
32308,6,6,2
32311,8,8,2
32342,22,22,7
32352,24,24,6
32366,7,7,2
32370,12,12,4
32374,6,6,2
32383,8,8,2
32413,14,14,2
32431,6,6,3
32435,19,19,7
32438,13,13,7
32439,6,6,3
32440,15,15,7
32446,8,8,4
32447,9,9,5
32454,10,10,2
32456,8,8,2
32458,2,2,2
32469,5,5,2
32479,14,14,4
32480,7,7,3
32483,7,7,3
32486,14,14,6
32488,12,12,4
32489,8,8,2
32493,7,7,4
32497,2,2,2
32515,6,6,2
32521,14,14,7
32525,5,5,2
32526,7,7,4
32536,2,2,2
32538,6,6,2
32541,6,6,2
32543,9,9,5
32546,12,12,4
32552,21,21,8
32559,4,4,2
32564,4,4,3
32574,18,18,5
32580,10,10,8
32609,3,3,3
3262,5,5,2
32634,9,9,7
32635,3,3,2
32641,16,16,7
32642,25,25,5
32645,6,6,3
32648,7,7,3
32650,7,7,2
32651,9,9,4
32652,8,8,4
32665,17,17,8
3268,7,7,2
32691,9,9,3
3270,7,7,2
3271,11,11,2
32729,5,5,2
32768,2,2,2
32790,2,2,2
32793,3,3,3
3281,18,18,4
32815,2,2,2
32821,9,9,2
32832,6,6,2
32836,16,16,4
3284,8,8,2
3287,22,22,2
32870,9,9,2
32893,6,6,2
32951,16,16,2
32962,7,7,5
32964,30,30,7
32970,11,11,2
32975,13,13,2
32979,7,7,2
32983,10,10,4
32998,13,13,6
33012,8,8,2
33015,8,8,2
33017,17,17,2
33018,13,13,7
33019,10,10,4
33020,4,4,3
3303,11,11,2
33039,7,7,2
33057,7,7,3
33059,10,10,4
33060,30,30,10
33061,9,9,4
33062,13,13,6
33069,9,9,4
33070,8,8,2
33071,8,8,2
33072,5,5,3
33073,8,8,3
33081,11,11,7
33082,10,10,6
33083,5,5,3
33085,16,16,8
33086,15,15,8
33087,28,28,7
33088,5,5,2
33089,9,9,2
33090,6,6,4
33091,10,10,6
33092,10,10,4
33093,18,18,7
33096,11,11,8
33097,11,11,6
33098,11,11,4
33101,8,8,3
33102,5,5,4
33103,8,8,4
33104,13,13,7
33107,11,11,6
33108,11,11,7
33109,10,10,4
33110,10,10,3
33112,18,18,5
33113,9,9,2
33114,11,11,5
33116,11,11,5
33117,16,16,8
33118,11,11,6
33119,10,10,6
33120,6,6,3
33124,2,2,2
33126,10,10,3
33127,10,10,4
33129,9,9,5
3313,12,12,2
33130,10,10,2
33131,11,11,5
33132,11,11,5
33133,9,9,5
33134,5,5,3
33137,9,9,3
33142,16,16,6
33145,6,6,2
33146,7,7,3
33150,6,6,5
33151,6,6,2
33154,10,10,5
33161,12,12,5
33164,2,2,2
33178,8,8,3
33187,9,9,3
33189,13,13,5
33190,6,6,2
33198,6,6,2
33203,8,8,5
33206,35,35,9
33207,17,17,7
33208,9,9,6
33209,8,8,2
33211,13,13,4
33214,10,10,2
33215,8,8,2
33217,8,8,3
33227,8,8,3
33242,8,8,2
33251,9,9,3
33253,3,3,2
33267,6,6,4
33278,17,17,6
33284,10,10,3
33285,22,22,8
33287,4,4,2
33288,10,10,4
33289,10,10,5
33292,10,10,3
33293,10,10,3
33294,10,10,4
33295,5,5,4
33299,9,9,3
3330,12,12,2
33301,9,9,2
33326,12,12,2
33340,35,35,7
33342,10,10,5
33343,6,6,2
33348,10,10,3
3335,10,10,2
3336,35,35,10
33372,12,12,6
33375,9,9,3
33380,7,7,2
3341,27,27,7
33416,16,16,6
33433,9,9,2
33436,7,7,2
33437,4,4,2
3344,10,10,2
33448,16,16,5
33449,4,4,2
33455,4,4,3
33470,11,11,2
33488,13,13,4
33490,9,9,2
33492,11,11,4
33494,11,11,5
33500,8,8,2
33504,9,9,2
33507,8,8,3
33513,36,36,8
33517,8,8,3
33519,8,8,2
3352,11,11,2
33522,12,12,4
33527,2,2,2
33528,29,29,7
33529,17,17,7
3353,7,7,2
33538,10,10,3
33543,8,8,3
33545,4,4,3
3355,7,7,2
33550,16,16,5
33554,3,3,2
33555,13,13,4
33557,4,4,2
33558,7,7,3
33559,6,6,3
33560,12,12,2
33561,10,10,2
3357,10,10,2
33573,23,23,7
3358,7,7,3
33588,8,8,2
3359,10,10,4
33593,17,17,7
3360,9,9,3
33616,3,3,2
33617,27,27,8
33618,34,34,9
33629,8,8,2
33637,13,13,6
33638,8,8,4
33642,15,15,8
33655,11,11,6
33656,5,5,5
33658,7,7,2
33659,9,9,2
33669,36,36,7
33670,13,13,6
33672,16,16,6
33677,14,14,7
33679,7,7,2
33683,9,9,3
33686,6,6,3
33687,16,16,7
33688,12,12,2
33693,4,4,3
33694,7,7,2
33697,7,7,2
3370,7,7,2
33710,6,6,2
3372,7,7,2
33720,8,8,2
33721,2,2,2
33746,23,23,9
33748,11,11,3
33761,23,23,7
33762,23,23,8
33763,13,13,4
33764,22,22,6
33770,8,8,2
33771,9,9,2
33774,12,12,5
33776,7,7,3
33777,7,7,3
3378,18,18,5
33781,10,10,3
33790,4,4,2
33791,31,31,8
33795,2,2,2
33798,7,7,2
33800,2,2,2
33802,7,7,2
3381,6,6,4
33811,12,12,3
3382,27,27,7
33820,23,23,6
33834,4,4,2
3384,9,9,3
33841,27,27,9
33854,6,6,2
33856,6,6,3
3386,7,7,3
33864,10,10,4
33867,4,4,2
3388,7,7,2
33886,9,9,2
3389,9,9,2
33894,8,8,2
33896,2,2,2
33899,8,8,3
339,8,8,2
33912,8,8,4
33913,36,36,7
3392,9,9,2
33923,4,4,3
33924,9,9,3
33937,12,12,6
33938,12,12,5
33944,2,2,2
33953,8,8,2
33965,12,12,3
33967,4,4,3
33989,12,12,3
3399,7,7,2
33990,11,11,2
33997,12,12,3
33998,10,10,3
3400,8,8,2
34008,3,3,2
3401,9,9,2
34012,12,12,5
3402,7,7,2
34034,10,10,4
34035,2,2,2
34037,7,7,5
34039,15,15,5
34047,6,6,4
34048,4,4,2
34049,9,9,2
34053,8,8,2
34058,3,3,3
34059,3,3,2
34061,6,6,5
34062,5,5,2
34063,7,7,2
34065,10,10,3
3407,8,8,2
34075,7,7,3
34085,10,10,3
34130,16,16,3
34131,11,11,6
34135,6,6,2
3414,9,9,2
34148,10,10,2
34158,11,11,5
34166,7,7,2
34169,10,10,2
34170,10,10,2
34178,2,2,2
3418,12,12,3
34235,5,5,2
34242,24,24,6
34243,7,7,2
34248,11,11,4
34251,14,14,4
34263,4,4,2
34265,11,11,4
34273,25,25,7
3428,12,12,3
34280,8,8,2
34285,15,15,6
34289,14,14,6
3429,9,9,3
34297,4,4,2
34303,5,5,3
34312,9,9,2
34324,12,12,3
34326,10,10,4
34329,21,21,7
34336,5,5,4
3434,7,7,2
34340,10,10,2
34348,9,9,2
3435,9,9,2
34357,10,10,2
34365,10,10,3
34369,13,13,5
34376,9,9,2
34386,15,15,5
34389,5,5,2
34391,12,12,4
34394,10,10,5
34402,8,8,2
34404,5,5,3
3442,12,12,3
34421,8,8,2
3443,4,4,2
34435,11,11,2
34438,15,15,3
3444,8,8,2
34450,10,10,2
34460,10,10,2
34467,8,8,3
34476,9,9,2
34485,5,5,2
34487,10,10,3
34488,2,2,2
34492,6,6,4
3450,8,8,2
3451,10,10,2
3454,10,10,2
3456,12,12,2
34575,10,10,2
3458,4,4,2
34596,5,5,4
34598,10,10,4
34599,2,2,2
3462,9,9,2
34632,4,4,2
34641,2,2,2
3465,7,7,2
34659,2,2,2
34662,7,7,2
34669,3,3,2
34675,9,9,2
34680,13,13,2
34683,2,2,2
34698,27,27,2
34718,5,5,3
34720,13,13,4
34721,13,13,6
34724,4,4,2
3473,8,8,2
34737,5,5,2
34744,6,6,2
34749,10,10,3
34756,12,12,2
34768,10,10,2
34769,10,10,2
34776,16,16,8
34783,12,12,5
34785,8,8,2
34786,7,7,3
34787,8,8,2
34792,8,8,2
34797,8,8,2
34803,8,8,4
34805,5,5,2
34806,6,6,2
34812,4,4,2
34813,5,5,4
34816,5,5,2
34826,4,4,2
3487,6,6,2
34871,3,3,2
34894,7,7,2
34899,8,8,2
3490,8,8,2
34905,4,4,2
3492,9,9,2
3493,15,15,2
34935,18,18,2
34938,5,5,2
34940,8,8,2
34946,6,6,3
34947,10,10,3
34948,6,6,4
34950,7,7,3
34959,9,9,2
3496,9,9,4
34976,4,4,2
34982,3,3,3
3499,9,9,2
3500,7,7,2
35007,6,6,2
35009,10,10,4
35010,6,6,3
35011,21,21,7
35024,24,24,11
35025,25,25,9
35026,8,8,2
35031,17,17,7
35040,18,18,6
35059,3,3,3
35066,3,3,3
35076,12,12,6
35078,6,6,2
35079,4,4,2
35082,6,6,2
35084,6,6,3
35091,6,6,2
35092,6,6,3
35106,6,6,3
35107,5,5,2
35108,8,8,2
35109,5,5,3
35111,11,11,3
35113,6,6,3
35114,6,6,2
35115,6,6,4
35123,31,31,10
35126,6,6,2
3513,7,7,2
35132,7,7,2
35133,5,5,2
35137,28,28,8
35143,13,13,5
35145,6,6,3
35152,7,7,2
35155,7,7,2
3516,10,10,2
35160,15,15,3
35169,6,6,2
3517,6,6,2
35176,8,8,2
35179,7,7,2
3518,8,8,2
35180,12,12,2
35184,9,9,2
35185,7,7,5
35187,8,8,6
35190,9,9,5
35191,8,8,3
35192,8,8,4
35194,9,9,3
35195,14,14,6
35196,24,24,9
35197,17,17,6
352,2,2,2
35202,9,9,5
35203,24,24,8
35207,8,8,4
35208,17,17,6
35210,24,24,8
35211,9,9,6
35212,9,9,5
35213,8,8,5
35214,9,9,5
35216,7,7,4
35217,8,8,4
35218,8,8,6
35219,9,9,4
35231,10,10,2
35234,9,9,5
35235,9,9,4
35236,9,9,4
35237,7,7,3
35238,2,2,2
35239,8,8,6
35240,8,8,5
35241,8,8,4
35242,8,8,3
35244,11,11,5
35256,13,13,6
35257,3,3,3
35258,7,7,2
3526,8,8,2
35265,6,6,2
35272,27,27,9
35274,5,5,2
35275,6,6,3
3528,51,51,3
3529,7,7,2
35296,14,14,7
35297,6,6,2
35305,10,10,2
35309,6,6,2
35321,5,5,3
35327,6,6,2
35328,5,5,3
35332,6,6,2
35368,4,4,2
35378,10,10,4
35386,3,3,3
35399,8,8,2
3541,8,8,3
35413,2,2,2
35414,29,29,8
35415,6,6,3
3542,7,7,2
35421,7,7,2
35426,8,8,2
35431,9,9,3
35433,7,7,2
35443,6,6,3
3545,5,5,2
35453,7,7,2
35454,7,7,2
35455,9,9,2
35459,7,7,2
35461,7,7,3
35469,10,10,2
35484,8,8,2
3549,21,21,8
35501,8,8,2
35508,21,21,6
35510,8,8,2
35520,12,12,6
35523,8,8,3
35528,7,7,2
35531,8,8,2
35538,7,7,3
35542,10,10,3
35547,8,8,2
35548,10,10,4
3555,10,10,2
35564,6,6,2
35583,12,12,6
35587,15,15,2
35605,7,7,2
3561,12,12,2
35633,9,9,2
35635,2,2,2
35636,8,8,3
3564,5,5,2
35640,6,6,2
35648,10,10,6
35649,6,6,2
35672,8,8,2
35673,6,6,2
35676,11,11,3
35681,6,6,3
35688,10,10,2
3569,4,4,2
35691,8,8,2
35697,12,12,3
35700,6,6,2
35702,6,6,2
35705,9,9,3
3571,19,19,4
35721,6,6,2
35732,3,3,2
35733,8,8,3
35743,9,9,2
35747,7,7,2
35752,2,2,2
35756,7,7,2
35758,7,7,2
3578,10,10,5
35805,9,9,3
35807,6,6,2
35812,7,7,2
35813,6,6,2
35814,3,3,2
35817,8,8,4
35826,4,4,2
35830,6,6,2
35836,8,8,4
35838,14,14,2
35839,9,9,3
35860,7,7,3
35864,6,6,2
35892,6,6,2
35909,4,4,2
36018,19,19,3
36045,8,8,2
36048,14,14,3
36070,14,14,2
36095,2,2,2
36096,7,7,3
36111,8,8,3
36114,7,7,3
36136,6,6,5
36137,7,7,2
36138,8,8,2
36141,18,18,6
3615,6,6,3
36151,21,21,9
36152,24,24,8
36154,4,4,2
36155,17,17,6
36159,10,10,2
36160,6,6,3
36163,8,8,2
36169,7,7,2
36171,6,6,4
36178,8,8,2
36180,6,6,2
36181,22,22,7
36220,8,8,2
36229,7,7,2
36247,8,8,2
36258,8,8,2
36269,2,2,2
3627,7,7,2
36270,7,7,2
36276,9,9,2
36299,11,11,2
36305,9,9,5
36318,19,19,3
36327,6,6,4
36330,5,5,2
36331,7,7,3
36332,3,3,3
36339,8,8,2
36345,12,12,4
36358,7,7,2
36359,7,7,2
36363,6,6,3
36366,8,8,2
36369,4,4,3
36378,9,9,2
36385,2,2,2
36395,4,4,2
36396,6,6,4
3640,7,7,2
36409,8,8,2
36413,8,8,2
36429,8,8,2
3643,8,8,3
36438,6,6,2
36470,2,2,2
36482,5,5,2
36493,12,12,5
36500,10,10,4
36504,14,14,2
36508,6,6,2
36527,6,6,3
36528,5,5,2
3653,11,11,2
36538,2,2,2
36541,8,8,2
36555,14,14,5
36578,7,7,4
36589,3,3,3
36603,6,6,3
3662,9,9,2
36628,5,5,3
36635,8,8,4
3664,3,3,2
36650,6,6,2
36656,14,14,4
36659,3,3,3
36671,5,5,2
36676,8,8,2
36677,2,2,2
36679,6,6,2
36681,7,7,2
36682,2,2,2
36690,7,7,2
36699,8,8,2
36704,7,7,2
36705,5,5,2
36710,7,7,2
36714,4,4,2
36724,6,6,4
36730,8,8,2
36733,12,12,2
36748,11,11,2
36755,7,7,3
36783,8,8,2
36796,8,8,2
36804,2,2,2
3681,8,8,2
36815,2,2,2
36818,6,6,3
36842,6,6,2
36877,5,5,2
36879,6,6,2
3689,16,16,2
36914,7,7,2
3692,11,11,3
36921,6,6,2
36933,8,8,6
36934,7,7,3
36936,2,2,2
36938,6,6,3
36948,8,8,5
36949,6,6,2
3695,12,12,2
36969,3,3,2
36970,5,5,3
36972,5,5,2
36975,9,9,4
36997,6,6,2
37,12,12,3
3700,13,13,3
37000,7,7,2
37001,2,2,2
37029,6,6,2
37049,8,8,2
37053,2,2,2
37091,7,7,3
37125,10,10,3
37126,6,6,2
3713,10,10,2
37166,6,6,2
37173,8,8,3
3719,8,8,2
3722,9,9,2
37229,2,2,2
3723,11,11,2
37233,8,8,2
37254,8,8,2
37256,2,2,2
3727,19,19,2
37282,10,10,2
37284,8,8,2
37287,8,8,2
37302,8,8,2
37324,11,11,2
37328,4,4,2
37331,12,12,3
37367,8,8,3
37372,5,5,2
3738,10,10,2
37380,8,8,4
37383,8,8,2
37395,4,4,3
37400,5,5,3
37448,8,8,2
37455,8,8,2
37457,8,8,3
37458,2,2,2
37485,6,6,2
37502,7,7,2
37507,2,2,2
37547,15,15,4
37597,6,6,2
37599,7,7,2
37666,2,2,2
3768,16,16,2
37695,7,7,2
3771,5,5,2
37716,6,6,3
37720,7,7,3
37721,5,5,3
37722,7,7,4
37723,8,8,4
37724,8,8,2
37728,6,6,3
37732,10,10,6
37738,9,9,3
37739,7,7,3
37741,7,7,2
37742,6,6,3
3775,13,13,2
37752,5,5,2
3776,13,13,3
37769,14,14,2
37776,12,12,2
37783,6,6,2
37795,4,4,2
37803,11,11,2
37820,10,10,2
37837,2,2,2
37840,23,23,4
37841,7,7,2
37850,11,11,2
37851,11,11,2
37852,6,6,2
37853,5,5,2
37854,9,9,4
37863,11,11,2
37866,5,5,3
3787,6,6,2
37876,6,6,3
37878,6,6,3
37883,6,6,2
37899,6,6,2
3790,9,9,2
3793,11,11,2
37935,8,8,2
37937,10,10,6
37947,12,12,5
37953,7,7,2
37972,5,5,2
37983,11,11,2
37992,6,6,3
37998,5,5,2
37999,5,5,3
3801,9,9,4
38036,3,3,2
38067,6,6,2
38070,13,13,4
38085,3,3,2
38088,2,2,2
38109,7,7,2
3813,13,13,2
38147,5,5,3
3815,3,3,3
38154,5,5,3
38155,6,6,2
38159,7,7,2
38166,2,2,2
38167,8,8,3
38169,6,6,2
38173,8,8,4
38174,6,6,2
38177,4,4,2
38178,14,14,3
38179,8,8,5
38186,6,6,3
3819,8,8,3
38201,9,9,2
38206,7,7,3
38208,6,6,4
38209,6,6,3
38212,6,6,4
38213,7,7,3
38220,7,7,2
38221,7,7,2
38222,13,13,4
38224,9,9,4
38225,9,9,3
38227,3,3,2
38231,6,6,2
38242,8,8,3
38246,6,6,2
38258,4,4,2
3826,7,7,2
3828,10,10,2
38289,8,8,2
3829,11,11,2
3830,2,2,2
38307,10,10,2
38313,3,3,2
38334,12,12,6
38335,9,9,2
38341,12,12,5
38342,11,11,6
38343,6,6,5
38350,11,11,3
38351,6,6,4
38352,8,8,6
38356,9,9,6
38364,3,3,2
38367,12,12,3
38368,9,9,5
38369,8,8,5
38386,7,7,2
38394,8,8,2
38415,8,8,2
38422,5,5,2
38438,4,4,2
3848,17,17,2
38502,8,8,2
38504,10,10,2
38505,8,8,2
38508,8,8,3
38513,6,6,2
38515,7,7,2
38517,5,5,2
3852,9,9,2
3853,11,11,3
38532,7,7,3
38533,7,7,3
38534,9,9,5
38537,4,4,3
38538,7,7,3
3854,11,11,2
38541,8,8,3
38547,24,24,8
38551,10,10,2
38556,8,8,3
38557,8,8,4
38562,6,6,5
38566,9,9,3
38577,2,2,2
38579,6,6,2
38580,9,9,4
38586,4,4,3
38592,7,7,2
38593,2,2,2
38598,9,9,4
3860,7,7,2
38604,6,6,2
38613,7,7,2
38621,3,3,2
38627,10,10,2
38630,9,9,3
38659,6,6,4
38661,6,6,3
38666,5,5,2
38674,6,6,2
38676,8,8,3
38679,7,7,2
38687,2,2,2
38701,7,7,3
38703,8,8,2
38712,9,9,5
38718,10,10,3
38719,5,5,3
38721,8,8,3
38722,5,5,3
38724,6,6,2
38740,5,5,2
38741,12,12,3
38743,6,6,6
38746,6,6,3
38759,3,3,2
38767,5,5,2
38783,6,6,3
38791,6,6,3
388,18,18,3
38802,2,2,2
38803,3,3,2
3882,12,12,2
3883,19,19,4
38833,2,2,2
38876,5,5,2
3889,14,14,2
38914,13,13,6
38916,8,8,2
38926,12,12,2
38938,6,6,2
38946,8,8,2
38947,3,3,3
38948,7,7,3
38950,14,14,2
38966,8,8,2
38969,3,3,2
38974,12,12,4
38977,7,7,2
38980,3,3,2
38982,9,9,2
38986,2,2,2
38989,5,5,2
38992,8,8,2
38996,5,5,2
38999,2,2,2
39004,8,8,3
39007,7,7,2
39009,7,7,5
39018,2,2,2
39023,6,6,2
3903,2,2,2
39030,6,6,2
39040,6,6,2
39044,2,2,2
39045,7,7,3
39049,9,9,2
39053,6,6,2
39075,5,5,4
39086,8,8,2
39088,9,9,2
39096,2,2,2
39102,5,5,2
39107,7,7,2
39112,6,6,2
39113,8,8,2
39117,7,7,2
39122,11,11,4
39131,5,5,2
3914,2,2,2
3915,11,11,2
39151,5,5,2
39160,7,7,2
39190,7,7,2
39201,5,5,2
39205,7,7,2
39207,8,8,2
39213,7,7,4
39214,2,2,2
39232,2,2,2
3924,10,10,2
39253,6,6,2
39255,7,7,2
39257,2,2,2
39260,9,9,2
39266,5,5,2
39267,3,3,2
39271,8,8,2
39273,6,6,5
39274,8,8,3
39275,9,9,3
39281,10,10,3
3930,18,18,2
39300,10,10,2
39332,12,12,5
39338,10,10,5
39339,3,3,2
39345,11,11,2
39350,7,7,2
39351,8,8,2
39352,7,7,2
39353,7,7,2
39354,5,5,2
39367,6,6,2
39368,5,5,2
39369,6,6,2
39375,7,7,2
39377,8,8,6
39386,7,7,2
39389,6,6,2
39393,8,8,2
39395,5,5,2
39411,4,4,3
39414,14,14,5
3942,9,9,2
39427,9,9,2
39428,10,10,3
39430,10,10,2
39438,9,9,4
39439,17,17,5
3944,11,11,3
39440,6,6,3
39442,7,7,3
39451,7,7,2
39455,9,9,5
39458,9,9,2
39459,8,8,2
39460,4,4,2
39478,7,7,2
39483,9,9,2
39488,8,8,2
39491,25,25,7
39494,11,11,2
39513,20,20,6
39519,5,5,2
39522,9,9,5
39527,7,7,2
39531,6,6,2
39537,7,7,3
39544,6,6,2
39559,8,8,2
39575,10,10,3
39582,5,5,3
39583,10,10,5
39593,6,6,4
39594,8,8,2
39597,5,5,3
39604,8,8,7
39608,12,12,5
39609,4,4,3
3961,13,13,2
39610,9,9,4
39611,8,8,3
39612,4,4,3
39613,3,3,2
39624,6,6,2
39626,10,10,4
39628,6,6,2
39631,13,13,5
39635,5,5,4
39636,6,6,2
39637,5,5,3
39640,4,4,2
39641,4,4,2
39643,5,5,3
39646,5,5,3
39648,3,3,3
39665,2,2,2
39671,13,13,2
39684,8,8,3
39687,7,7,4
39693,4,4,4
39696,7,7,2
39701,6,6,2
39703,8,8,2
39718,8,8,2
39720,6,6,2
3974,3,3,2
39742,8,8,2
39749,19,19,6
39750,14,14,4
39751,6,6,4
39753,8,8,2
39756,8,8,3
39759,3,3,2
39771,8,8,2
39797,7,7,2
39807,17,17,2
39818,8,8,4
39819,6,6,4
39821,10,10,5
39826,6,6,2
39827,6,6,2
39837,6,6,2
39842,6,6,2
39843,6,6,3
39847,20,20,7
39848,2,2,2
39853,5,5,3
39855,7,7,2
39876,10,10,4
39884,9,9,2
39889,9,9,2
39894,7,7,2
3990,4,4,2
39914,6,6,2
39919,8,8,3
39921,10,10,4
39928,3,3,2
39931,7,7,2
39933,10,10,2
39944,6,6,2
39951,7,7,3
39957,7,7,2
3996,5,5,3
39967,7,7,2
40015,6,6,2
40019,6,6,2
40023,3,3,3
40026,5,5,2
40030,11,11,3
40034,4,4,2
40037,7,7,2
40040,8,8,2
40046,4,4,2
40057,7,7,2
40058,7,7,2
40068,8,8,3
40094,4,4,3
4010,10,10,2
4011,11,11,4
40110,20,20,9
40115,6,6,4
40120,9,9,2
40126,5,5,2
40127,6,6,4
40131,6,6,2
40133,4,4,2
40136,7,7,2
40141,6,6,2
40161,3,3,2
40164,5,5,2
40174,3,3,3
40175,3,3,3
40192,10,10,2
40201,9,9,4
40206,8,8,4
40208,17,17,3
40219,5,5,3
40220,8,8,2
40223,8,8,6
40224,3,3,2
40229,10,10,7
4023,8,8,3
40231,3,3,3
40232,6,6,3
40233,7,7,2
40234,5,5,2
40235,9,9,5
4025,6,6,2
40255,24,24,13
40264,6,6,3
40271,12,12,3
40272,8,8,3
40276,3,3,2
40277,6,6,3
40278,3,3,2
40284,9,9,4
40290,7,7,2
40294,6,6,3
40295,4,4,2
40299,4,4,3
40301,6,6,2
40305,8,8,2
40308,7,7,2
4032,7,7,2
40325,7,7,2
40328,6,6,2
40331,4,4,2
4034,9,9,2
40349,6,6,2
4035,9,9,2
40363,3,3,2
40366,2,2,2
40369,8,8,2
40370,2,2,2
40372,9,9,2
40374,2,2,2
40377,8,8,2
40379,4,4,2
4038,9,9,2
4040,9,9,4
40416,8,8,2
40419,11,11,4
40421,6,6,4
40422,7,7,3
4043,5,5,2
40434,11,11,4
40437,8,8,2
4044,7,7,2
4045,10,10,2
40456,13,13,5
40462,5,5,4
40480,5,5,5
40481,3,3,3
40484,2,2,2
40486,4,4,3
4049,11,11,2
40498,4,4,3
40500,6,6,2
40502,7,7,2
4051,8,8,2
40511,6,6,2
40515,7,7,2
40516,4,4,2
4052,7,7,2
40525,8,8,3
40538,22,22,8
40550,6,6,2
40551,5,5,3
40554,3,3,2
40573,10,10,2
4058,4,4,2
40589,5,5,2
40591,8,8,4
40593,3,3,2
40598,5,5,2
4060,7,7,2
40600,6,6,4
40601,5,5,2
40603,6,6,3
40612,12,12,6
40613,9,9,3
40615,12,12,3
40619,6,6,3
40623,3,3,2
40627,11,11,4
40643,7,7,3
40644,9,9,3
40647,7,7,2
40657,4,4,2
40659,11,11,6
40660,2,2,2
40661,4,4,3
40666,7,7,3
4068,11,11,2
40680,9,9,3
4069,7,7,2
40693,13,13,2
40694,10,10,6
40705,8,8,3
40706,8,8,3
40719,3,3,2
4073,9,9,2
40730,6,6,4
40732,7,7,3
40733,2,2,2
40742,8,8,2
40749,2,2,2
40752,6,6,3
4077,10,10,2
40787,6,6,3
4079,7,7,3
40794,11,11,2
4081,8,8,2
4082,9,9,2
40828,3,3,2
4088,8,8,3
409,12,12,2
40919,8,8,2
4092,9,9,2
40920,9,9,2
40924,20,20,3
40932,7,7,2
4094,6,6,2
40944,19,19,3
40950,9,9,2
40952,7,7,2
40953,8,8,4
40954,8,8,3
40956,13,13,2
40961,11,11,3
40962,10,10,4
40963,7,7,3
40966,19,19,9
40968,10,10,4
4097,10,10,2
40975,8,8,2
40979,7,7,2
40989,9,9,4
41009,2,2,2
41021,4,4,2
41022,3,3,3
41038,7,7,4
4104,7,7,2
41040,7,7,3
41044,3,3,2
41046,5,5,2
41072,2,2,2
41086,4,4,2
4109,9,9,2
41099,2,2,2
4110,12,12,3
41112,11,11,5
41123,8,8,2
41125,8,8,3
41126,8,8,6
41127,11,11,3
41128,7,7,3
4114,12,12,2
41150,8,8,2
41151,12,12,2
41159,7,7,2
41163,9,9,2
41165,7,7,2
41175,7,7,4
41176,16,16,6
41178,5,5,3
4118,3,3,2
41185,4,4,2
41191,3,3,2
41199,8,8,2
412,8,8,2
41215,8,8,2
4122,8,8,2
41221,6,6,3
41222,6,6,3
41225,2,2,2
4123,11,11,2
41237,7,7,2
41246,7,7,2
41249,5,5,2
41257,6,6,2
41258,3,3,2
4126,6,6,2
41264,3,3,2
41268,6,6,4
41269,2,2,2
41271,2,2,2
41274,7,7,2
41283,2,2,2
41286,5,5,2
41304,2,2,2
41320,10,10,2
41354,2,2,2
41362,4,4,2
4137,8,8,3
41371,3,3,2
41373,5,5,4
41390,8,8,4
41402,5,5,2
41407,2,2,2
4143,10,10,2
41445,2,2,2
41447,8,8,2
4145,11,11,4
41479,6,6,2
41482,4,4,2
4149,9,9,2
41499,2,2,2
4153,4,4,2
41530,6,6,2
41538,3,3,2
41539,3,3,2
41542,8,8,2
41544,6,6,4
41545,9,9,3
41546,8,8,5
41548,5,5,2
41549,7,7,3
41560,2,2,2
41567,7,7,2
41590,8,8,3
41595,7,7,2
41636,8,8,5
41639,9,9,2
41642,6,6,2
4169,8,8,2
41704,10,10,6
41708,2,2,2
4172,7,7,3
41729,9,9,4
4173,4,4,2
41730,2,2,2
4176,9,9,3
41804,7,7,2
41811,9,9,2
41826,9,9,3
41827,7,7,2
4184,9,9,3
41844,5,5,3
41845,11,11,3
41846,10,10,3
41850,6,6,4
41851,8,8,3
41852,16,16,7
41854,5,5,4
41855,6,6,3
41856,11,11,5
4186,11,11,3
41860,9,9,4
41862,9,9,2
41863,7,7,5
41864,6,6,2
41865,9,9,4
41867,18,18,5
4188,8,8,2
41880,8,8,2
41919,2,2,2
41932,8,8,2
41961,5,5,3
41962,10,10,5
41963,6,6,4
41967,7,7,3
41971,10,10,3
41972,11,11,3
41976,8,8,3
41979,9,9,5
41983,6,6,2
41985,6,6,2
41991,6,6,5
41993,6,6,2
41994,6,6,2
42014,6,6,4
42015,7,7,2
42026,8,8,5
42027,8,8,5
42029,12,12,6
42034,11,11,4
42036,6,6,3
42038,11,11,2
42039,5,5,3
42043,13,13,5
42045,4,4,3
4205,6,6,3
42050,9,9,5
42053,13,13,7
42054,3,3,2
42055,4,4,4
42056,8,8,4
42057,2,2,2
42058,11,11,6
42059,4,4,2
42067,16,16,5
4207,10,10,2
42070,2,2,2
42073,4,4,3
42077,5,5,3
42078,2,2,2
42079,4,4,3
42080,8,8,2
42084,5,5,3
4209,11,11,2
42094,6,6,2
42098,6,6,4
42099,18,18,8
4211,8,8,2
42113,4,4,2
42130,7,7,3
42135,4,4,2
4214,7,7,2
42142,5,5,4
42145,10,10,4
4215,9,9,2
42155,7,7,2
42157,4,4,3
42160,7,7,2
42170,7,7,2
42181,8,8,3
42183,2,2,2
4219,9,9,2
42192,6,6,5
42196,7,7,2
4220,22,22,7
42201,11,11,3
42202,12,12,5
42217,5,5,2
4222,8,8,2
42234,4,4,2
4226,7,7,2
42260,7,7,2
42263,6,6,2
42285,7,7,2
42290,5,5,2
42306,7,7,2
42317,6,6,2
4233,12,12,3
42331,6,6,2
42333,6,6,2
42341,8,8,2
4235,9,9,2
42350,7,7,3
4237,7,7,2
4240,8,8,3
42413,7,7,2
4242,7,7,2
42428,4,4,2
42457,7,7,2
42465,8,8,3
4248,9,9,4
42489,6,6,2
4249,16,16,6
42525,6,6,2
42530,6,6,2
42561,9,9,4
42562,5,5,3
4257,12,12,2
4258,8,8,2
42597,9,9,2
42605,11,11,2
42639,8,8,2
42646,6,6,3
4265,4,4,2
42661,11,11,4
42662,6,6,3
42663,4,4,2
42667,9,9,5
42668,3,3,3
42672,10,10,4
42673,7,7,3
42675,5,5,3
42678,7,7,2
42679,5,5,5
42680,2,2,2
42681,2,2,2
42684,2,2,2
4269,6,6,2
42691,8,8,3
42697,4,4,3
42703,3,3,2
4271,8,8,2
42725,3,3,2
4273,10,10,2
42763,3,3,2
4277,8,8,3
4278,7,7,2
42782,11,11,2
42785,2,2,2
42793,7,7,3
4280,8,8,2
4281,8,8,2
4282,10,10,3
42821,8,8,5
42822,2,2,2
42826,8,8,5
42828,7,7,2
4283,9,9,2
42866,4,4,2
42879,3,3,2
42887,3,3,3
42889,5,5,2
42892,6,6,2
42912,2,2,2
42913,6,6,2
4293,10,10,4
42930,8,8,3
42977,2,2,2
42982,2,2,2
42987,2,2,2
4300,11,11,2
43016,6,6,2
43018,5,5,3
43019,10,10,3
4303,9,9,3
43033,5,5,2
43034,13,13,2
43036,10,10,5
4304,7,7,2
43049,6,6,4
43059,4,4,2
4308,11,11,5
43088,6,6,3
4310,8,8,2
43135,7,7,2
4315,6,6,2
43151,9,9,3
43165,2,2,2
43174,7,7,2
43179,6,6,2
43181,7,7,3
43183,7,7,2
43188,2,2,2
43202,14,14,7
43204,8,8,2
43206,9,9,3
43208,7,7,3
43209,6,6,2
4321,7,7,2
43210,19,19,6
43214,8,8,2
43216,9,9,3
43224,8,8,4
43225,11,11,7
43237,6,6,3
43243,8,8,6
43244,6,6,2
43249,9,9,3
43251,6,6,2
43252,8,8,3
43253,7,7,2
43257,8,8,3
43259,9,9,5
43260,9,9,5
43261,9,9,3
43265,11,11,5
43266,8,8,5
43267,18,18,7
43273,8,8,5
43276,9,9,4
43277,21,21,7
43293,7,7,2
4330,6,6,2
43312,6,6,2
43313,10,10,2
43314,9,9,4
43316,8,8,2
43317,7,7,2
43318,10,10,5
43320,13,13,3
43322,9,9,3
43326,8,8,2
43330,8,8,2
43336,15,15,7
4334,7,7,3
43357,22,22,9
43358,4,4,3
43359,8,8,3
4336,11,11,2
43360,7,7,2
43361,7,7,2
43374,7,7,3
43375,9,9,4
43376,6,6,2
43381,8,8,4
43382,3,3,2
43389,3,3,2
4339,17,17,6
43404,7,7,4
43406,4,4,2
4341,5,5,2
43412,7,7,3
43413,4,4,2
4344,6,6,2
43457,15,15,2
43468,7,7,2
43474,7,7,2
4348,14,14,2
43481,9,9,4
43485,8,8,2
43492,7,7,2
43500,9,9,4
43505,9,9,6
43520,8,8,2
43524,11,11,6
43525,11,11,2
4353,6,6,2
43538,24,24,5
43544,8,8,3
43561,4,4,2
43574,9,9,2
43587,8,8,4
4359,9,9,2
43603,11,11,3
43606,7,7,2
43627,6,6,2
43628,7,7,2
43632,9,9,2
43646,4,4,2
43648,8,8,4
43649,10,10,7
43651,10,10,2
43664,2,2,2
43665,13,13,6
43674,3,3,2
43683,13,13,3
43689,11,11,4
4369,10,10,2
43695,6,6,2
43698,7,7,2
43705,8,8,2
43730,9,9,2
43766,8,8,4
43787,2,2,2
4379,11,11,2
43790,8,8,2
4381,23,23,2
43811,6,6,2
43820,6,6,2
43825,6,6,2
43831,3,3,2
43842,6,6,2
43877,8,8,2
43892,4,4,3
43895,7,7,2
4390,10,10,2
43918,5,5,3
43919,10,10,5
43921,9,9,5
43922,25,25,7
43923,9,9,2
43924,21,21,5
43930,6,6,3
43933,7,7,4
43935,8,8,3
43969,10,10,4
43979,4,4,3
43982,5,5,3
44009,4,4,2
44020,14,14,4
44042,3,3,2
44062,8,8,2
44085,5,5,3
44104,3,3,2
44118,5,5,4
44120,6,6,3
44126,4,4,2
4415,2,2,2
44156,7,7,2
4418,7,7,2
44207,2,2,2
44208,2,2,2
4421,19,19,4
44215,7,7,3
4423,3,3,3
4429,6,6,3
44297,9,9,2
4431,7,7,2
44316,8,8,2
44342,28,28,5
4435,8,8,2
4436,6,6,2
44404,5,5,2
44409,11,11,2
44413,4,4,2
44418,7,7,2
44422,8,8,2
44426,5,5,2
44429,8,8,2
4443,5,5,2
44444,7,7,2
44490,9,9,3
44500,10,10,2
4453,9,9,2
44568,2,2,2
44569,2,2,2
44573,2,2,2
44574,2,2,2
4458,10,10,4
44580,2,2,2
44591,2,2,2
4460,6,6,3
44600,10,10,2
44626,11,11,2
44629,2,2,2
44637,2,2,2
4469,11,11,7
4472,8,8,2
4475,7,7,3
4478,9,9,3
4479,6,6,2
44814,4,4,2
44824,9,9,6
44825,9,9,5
4483,6,6,2
44867,6,6,2
4487,3,3,2
4488,10,10,2
44880,8,8,2
44891,2,2,2
44902,15,15,6
44904,12,12,3
44912,15,15,2
44915,7,7,2
44922,7,7,3
44939,2,2,2
4494,10,10,3
44943,8,8,3
44960,10,10,2
44965,13,13,6
44966,12,12,5
44967,10,10,2
44971,6,6,3
44974,7,7,2
44976,16,16,7
44977,20,20,7
4498,10,10,4
44983,12,12,4
44989,11,11,2
44996,12,12,5
44997,10,10,2
44999,5,5,3
45014,6,6,2
4503,8,8,4
4504,6,6,2
45045,5,5,2
45057,7,7,2
45059,13,13,5
45060,7,7,3
45067,8,8,2
45074,8,8,5
45075,4,4,2
45078,4,4,3
45079,8,8,2
45080,6,6,2
45081,24,24,8
4509,45,45,11
45093,8,8,2
45094,8,8,2
4510,12,12,3
45104,9,9,4
45105,6,6,2
45111,9,9,2
45112,12,12,5
45113,6,6,3
45117,7,7,2
4512,8,8,2
45125,12,12,5
45155,11,11,2
45158,11,11,5
45163,8,8,2
45181,11,11,3
45183,18,18,6
45184,5,5,2
45186,8,8,3
45187,9,9,4
45188,17,17,5
45191,11,11,2
45194,7,7,3
45199,2,2,2
45205,7,7,2
4522,7,7,2
45226,8,8,7
45227,8,8,2
45228,8,8,3
45231,7,7,2
4524,15,15,3
45241,8,8,2
45242,7,7,2
45243,4,4,3
45248,6,6,3
4525,8,8,2
45256,4,4,2
45275,6,6,3
45290,5,5,3
45291,18,18,7
45304,9,9,2
45314,3,3,2
45321,10,10,2
45326,5,5,2
4533,8,8,2
45346,7,7,2
45363,9,9,3
45367,7,7,3
45374,20,20,7
45389,9,9,2
45396,8,8,2
4540,6,6,2
45404,7,7,2
45410,7,7,2
45415,12,12,2
45420,9,9,4
45423,10,10,2
45428,8,8,4
45433,9,9,2
45434,8,8,2
45450,6,6,3
45457,8,8,2
4546,8,8,3
45463,11,11,2
45466,8,8,2
45467,7,7,2
45488,7,7,2
45492,8,8,2
45495,7,7,2
45503,8,8,3
45508,10,10,2
45526,8,8,2
45530,3,3,2
45538,9,9,2
45545,10,10,3
45546,10,10,4
4555,13,13,2
45559,9,9,4
4557,8,8,2
45587,6,6,2
45592,4,4,2
456,5,5,5
45600,7,7,2
45614,6,6,2
45617,7,7,2
45623,4,4,2
45633,7,7,2
4564,13,13,2
45643,15,15,7
45647,4,4,3
4565,7,7,2
45651,11,11,5
45655,3,3,3
45656,12,12,2
45666,4,4,2
45672,9,9,3
45676,4,4,3
45678,13,13,5
45679,9,9,3
45684,8,8,2
45688,2,2,2
45693,3,3,2
45703,4,4,3
4571,10,10,6
45715,3,3,2
4572,31,31,8
45724,9,9,3
45733,9,9,4
45735,5,5,2
45758,2,2,2
4576,7,7,2
45775,7,7,2
45780,14,14,6
45782,7,7,2
45791,7,7,3
458,3,3,2
4582,8,8,3
45829,7,7,2
45846,6,6,2
45847,8,8,2
45849,6,6,2
4585,17,17,6
4586,17,17,7
45863,7,7,3
45866,9,9,5
45868,6,6,3
45871,10,10,4
45874,11,11,5
45877,6,6,5
45879,12,12,4
4588,10,10,2
45880,24,24,7
45883,6,6,2
45899,6,6,2
4590,7,7,2
4592,13,13,6
45924,5,5,2
45925,4,4,2
45930,5,5,2
45931,6,6,5
45932,9,9,5
45938,15,15,5
4594,10,10,6
45946,7,7,2
45947,4,4,2
45950,9,9,2
45956,7,7,2
45966,5,5,2
45967,11,11,3
45973,3,3,2
45986,7,7,2
45997,14,14,5
4601,12,12,4
4602,8,8,3
46032,7,7,2
46042,8,8,2
46052,15,15,2
46077,4,4,2
46092,7,7,3
46106,10,10,5
46107,9,9,3
46108,9,9,3
46110,2,2,2
46112,6,6,2
46114,9,9,3
46115,9,9,3
4612,8,8,2
46127,7,7,2
46128,4,4,2
4614,5,5,2
46152,3,3,2
46153,31,31,3
46168,11,11,5
4617,9,9,2
46179,18,18,2
46180,16,16,3
46182,12,12,2
46202,7,7,2
46204,10,10,2
46212,7,7,4
4623,7,7,2
46234,7,7,2
46242,7,7,4
46257,3,3,2
4626,9,9,2
46272,2,2,2
46287,2,2,2
4631,6,6,2
46312,9,9,2
46329,9,9,2
46333,6,6,4
46334,12,12,5
46335,13,13,5
46347,6,6,2
46361,8,8,3
46368,12,12,5
46370,12,12,5
4639,9,9,2
46396,2,2,2
46425,13,13,7
46430,5,5,2
46434,12,12,3
46441,9,9,3
46456,7,7,2
4646,2,2,2
46484,12,12,5
46485,7,7,3
46498,5,5,2
4651,32,32,11
4654,6,6,2
46567,6,6,3
46568,2,2,2
46571,8,8,4
46572,6,6,3
46573,8,8,4
46575,8,8,4
46576,5,5,2
46580,11,11,3
46583,8,8,2
4661,11,11,5
46622,7,7,2
46624,21,21,2
4663,14,14,8
46643,8,8,2
46644,13,13,3
46645,6,6,2
46648,3,3,2
46650,7,7,3
46657,8,8,2
46658,8,8,3
46659,8,8,3
4666,7,7,2
46663,6,6,2
46669,10,10,2
46671,8,8,2
46672,6,6,2
46692,8,8,2
46696,6,6,2
46699,2,2,2
46703,24,24,3
46706,3,3,2
46710,10,10,2
46718,2,2,2
4675,5,5,3
46789,4,4,4
46791,3,3,2
46793,10,10,2
46797,3,3,2
468,26,26,2
46800,7,7,2
46802,7,7,2
46808,7,7,3
46809,15,15,3
46811,15,15,3
46813,7,7,2
4682,8,8,3
46820,10,10,3
46824,8,8,2
46826,17,17,3
46832,9,9,3
4685,9,9,2
46854,8,8,2
46857,8,8,2
46863,7,7,2
46865,5,5,2
46867,3,3,2
46875,6,6,2
46876,2,2,2
46880,7,7,2
46887,5,5,2
46889,6,6,2
46890,9,9,2
46897,11,11,4
4690,15,15,3
46902,9,9,4
46908,8,8,2
4692,8,8,2
46933,12,12,2
46937,8,8,3
46938,5,5,2
46949,8,8,2
4696,9,9,2
46962,10,10,5
46972,8,8,2
46985,4,4,2
46997,10,10,2
4700,8,8,2
4702,10,10,2
47022,25,25,3
47046,6,6,2
47067,8,8,2
47077,13,13,3
47091,7,7,4
47092,6,6,3
47093,5,5,2
47094,8,8,2
47098,5,5,2
47099,3,3,2
4711,8,8,2
47126,6,6,2
47147,4,4,2
4715,14,14,2
47151,5,5,2
47160,2,2,2
47161,5,5,2
47178,7,7,2
47185,7,7,2
47203,8,8,2
47226,4,4,2
47227,9,9,3
47231,10,10,3
47233,8,8,2
47243,9,9,4
47249,7,7,2
47252,2,2,2
4726,6,6,3
4727,5,5,3
47273,4,4,3
47288,12,12,5
4731,12,12,2
47348,8,8,4
47349,6,6,3
47370,5,5,2
47378,6,6,2
47405,7,7,2
47413,7,7,2
47426,9,9,2
47428,3,3,2
47442,16,16,2
47446,13,13,5
47460,5,5,2
47467,2,2,2
47479,8,8,2
4748,11,11,2
47480,7,7,2
47482,7,7,4
47485,2,2,2
47486,6,6,3
47494,7,7,2
47510,4,4,2
47511,11,11,6
47522,10,10,2
47526,13,13,2
47531,7,7,2
47536,13,13,2
47556,8,8,2
4757,8,8,2
47571,8,8,3
47572,2,2,2
47573,11,11,4
47577,2,2,2
47582,7,7,2
47586,10,10,5
47588,6,6,2
47607,8,8,3
4761,8,8,2
47612,9,9,3
47620,7,7,3
47624,8,8,3
47630,8,8,3
47640,9,9,2
47642,10,10,7
47644,10,10,4
47677,8,8,2
47681,7,7,2
47688,9,9,2
47699,8,8,3
47700,3,3,3
4772,7,7,4
4773,9,9,3
47740,7,7,2
47765,7,7,2
47769,14,14,5
47772,7,7,2
47776,14,14,2
47802,7,7,2
47812,3,3,2
4783,6,6,2
47871,5,5,2
4790,11,11,2
47907,3,3,2
4791,7,7,2
47928,2,2,2
47930,5,5,2
47948,3,3,2
4795,10,10,5
47957,5,5,2
47964,2,2,2
47965,5,5,2
4799,6,6,2
48,6,6,2
48000,3,3,2
48017,4,4,2
48047,2,2,2
4805,7,7,2
48051,6,6,2
48077,4,4,2
48088,2,2,2
48096,3,3,2
4810,10,10,2
48100,14,14,5
48109,8,8,2
4811,10,10,4
48113,9,9,3
48117,8,8,2
4812,10,10,3
48121,2,2,2
48125,9,9,4
48126,14,14,5
48138,28,28,3
48141,9,9,2
48149,4,4,2
48153,4,4,4
48172,2,2,2
48183,2,2,2
48189,8,8,2
48203,10,10,4
4822,2,2,2
48226,10,10,2
48228,8,8,2
4823,7,7,2
48233,8,8,2
48234,6,6,2
48242,7,7,2
48245,6,6,2
4825,6,6,2
48266,7,7,2
48284,6,6,2
48299,8,8,2
48302,7,7,2
48303,3,3,2
48316,2,2,2
48326,6,6,3
48332,4,4,2
48344,5,5,4
48348,9,9,3
48350,8,8,2
48352,6,6,3
48354,6,6,2
48356,16,16,2
48358,10,10,3
4842,11,11,4
48426,8,8,2
4844,3,3,2
48452,7,7,2
48457,2,2,2
48458,3,3,2
48464,7,7,3
48465,7,7,2
48470,6,6,2
48472,6,6,3
48476,2,2,2
48497,8,8,3
485,5,5,2
48504,9,9,2
48505,6,6,2
48506,9,9,3
48508,9,9,4
48520,2,2,2
48521,3,3,2
48535,7,7,2
48547,3,3,2
4862,4,4,2
48620,13,13,2
48641,9,9,2
48650,2,2,2
48664,3,3,3
48679,6,6,2
48681,6,6,2
48705,6,6,2
48706,5,5,2
48720,2,2,2
48732,6,6,2
4874,7,7,3
48740,7,7,2
4877,7,7,3
4878,7,7,2
48783,3,3,2
48784,9,9,2
48804,9,9,3
48815,8,8,3
48816,8,8,3
4882,9,9,4
48824,2,2,2
48827,7,7,2
48828,7,7,5
4883,15,15,6
48845,7,7,2
48849,5,5,2
48863,6,6,2
48868,3,3,2
4887,7,7,2
4890,7,7,2
48918,2,2,2
48926,10,10,4
48928,2,2,2
48939,6,6,3
48942,9,9,4
48946,2,2,2
48947,3,3,2
48963,5,5,2
48964,3,3,2
48974,3,3,3
49,9,9,2
49001,2,2,2
49010,12,12,5
49044,2,2,2
49085,2,2,2
49096,2,2,2
49106,4,4,2
49108,7,7,2
49111,18,18,2
49189,5,5,2
49207,4,4,2
49210,6,6,4
49213,9,9,3
4922,8,8,2
49241,7,7,2
49263,7,7,2
49264,7,7,2
49268,8,8,2
49278,12,12,7
49279,11,11,4
49287,3,3,2
4929,12,12,2
49306,2,2,2
49338,12,12,5
49354,8,8,4
49359,10,10,2
49360,17,17,3
49361,6,6,2
49362,9,9,2
49365,7,7,5
49374,6,6,2
4938,5,5,2
49415,6,6,2
49422,6,6,2
49430,11,11,6
49436,6,6,2
4944,3,3,3
49443,7,7,2
49454,4,4,2
495,7,7,3
49513,3,3,2
49515,3,3,2
49518,2,2,2
4952,5,5,2
4953,33,33,3
49552,2,2,2
4956,11,11,2
49587,3,3,2
49590,5,5,3
49639,8,8,2
4964,25,25,2
49653,7,7,2
4967,10,10,2
49678,6,6,2
49679,7,7,2
49693,7,7,2
49696,8,8,2
4973,8,8,2
49739,8,8,2
49753,10,10,3
49759,6,6,2
49764,4,4,2
49769,9,9,2
4977,4,4,2
49776,8,8,2
49782,7,7,2
49785,2,2,2
49798,10,10,4
498,8,8,3
4981,2,2,2
49834,9,9,2
49836,9,9,2
49843,7,7,2
49863,8,8,2
4989,8,8,2
49891,8,8,5
49896,7,7,2
49900,6,6,2
49914,9,9,2
4992,11,11,2
49923,8,8,2
49925,6,6,2
49947,7,7,2
49954,8,8,2
49958,10,10,4
49964,8,8,2
49969,7,7,2
49976,11,11,2
49979,11,11,6
49980,2,2,2
5,15,15,2
50013,6,6,2
50016,6,6,2
5002,7,7,2
50022,6,6,2
50031,6,6,2
50050,4,4,2
50058,8,8,4
50064,3,3,2
50089,2,2,2
50091,5,5,2
50095,12,12,2
50097,4,4,2
50098,11,11,4
50110,5,5,2
50117,10,10,4
5012,5,5,2
50121,12,12,6
50139,8,8,3
50140,3,3,3
50146,20,20,6
50155,10,10,3
50179,6,6,2
50182,6,6,2
50230,8,8,2
50233,7,7,2
5024,8,8,2
50254,4,4,2
50262,9,9,4
50263,10,10,5
50264,10,10,2
5027,12,12,6
5028,10,10,3
50297,10,10,2
50308,6,6,2
50316,7,7,2
5033,5,5,2
50332,10,10,2
50349,7,7,2
50351,7,7,2
50362,8,8,2
50363,12,12,2
5037,11,11,6
50381,10,10,3
50383,9,9,2
50399,14,14,2
5041,7,7,2
50414,8,8,3
5043,7,7,2
50432,7,7,3
50438,3,3,2
50439,6,6,2
50444,7,7,2
50445,11,11,4
5045,11,11,5
5047,2,2,2
50475,4,4,2
50503,4,4,3
5051,13,13,3
50524,5,5,2
50526,10,10,4
5054,7,7,2
50544,7,7,2
50548,7,7,3
50549,7,7,2
5055,9,9,5
5056,8,8,4
5057,14,14,6
50578,11,11,3
50583,11,11,6
50584,3,3,2
5059,14,14,7
50594,6,6,2
5061,12,12,2
50610,7,7,3
50619,12,12,2
5063,8,8,2
50633,7,7,3
50634,10,10,6
50636,2,2,2
5064,7,7,2
50648,8,8,4
5065,7,7,2
50659,6,6,2
50668,6,6,2
50691,3,3,2
50693,10,10,5
50707,7,7,2
50712,7,7,2
50713,8,8,2
5072,12,12,2
5073,7,7,2
50736,6,6,4
50741,2,2,2
50763,2,2,2
50764,10,10,4
5080,23,23,7
5081,23,23,6
50813,13,13,2
5082,9,9,2
50826,4,4,3
5083,6,6,2
50834,2,2,2
50878,8,8,4
50893,7,7,3
50896,2,2,2
5090,4,4,2
5091,6,6,2
50946,10,10,5
50962,9,9,2
50975,6,6,2
50976,7,7,2
50992,11,11,4
50998,6,6,2
51001,12,12,5
51012,10,10,5
51019,7,7,2
51021,6,6,2
51043,4,4,3
51055,9,9,4
51059,5,5,2
51071,4,4,2
51081,10,10,2
5110,9,9,2
51118,10,10,3
5115,8,8,2
51152,11,11,5
51154,2,2,2
5120,7,7,4
51202,5,5,2
51208,7,7,2
5121,4,4,2
51217,6,6,3
5122,6,6,2
51226,10,10,6
51229,8,8,2
5123,8,8,3
51240,6,6,2
5125,14,14,5
51252,11,11,4
5126,9,9,3
5127,7,7,6
51274,6,6,2
5128,7,7,3
51280,8,8,2
51285,13,13,4
51291,2,2,2
51295,4,4,2
5130,15,15,2
51305,2,2,2
5131,18,18,10
51328,3,3,2
51338,6,6,2
51346,7,7,2
51354,8,8,3
51357,7,7,2
51387,8,8,2
51388,14,14,5
51401,6,6,3
51405,3,3,3
51409,10,10,4
51411,10,10,4
51412,7,7,2
51417,11,11,4
51439,12,12,5
5144,8,8,5
51445,2,2,2
51456,11,11,5
51463,2,2,2
51468,12,12,6
515,8,8,2
5151,8,8,4
5152,4,4,2
5153,8,8,5
5155,7,7,2
5156,6,6,2
5158,8,8,2
5159,8,8,2
5160,8,8,2
5162,7,7,3
5163,8,8,3
5165,11,11,3
517,7,7,3
5170,7,7,2
5184,15,15,2
5187,8,8,3
5194,8,8,5
5205,7,7,2
5211,7,7,3
5223,7,7,2
5229,7,7,2
5232,7,7,2
5262,7,7,2
5268,10,10,4
5274,10,10,2
5277,7,7,2
5289,9,9,2
5291,7,7,2
5294,9,9,2
5305,4,4,2
5311,13,13,2
5312,9,9,3
5313,9,9,2
5316,9,9,2
533,7,7,2
5336,7,7,2
5339,8,8,2
5349,8,8,2
535,2,2,2
5361,8,8,2
5363,8,8,3
5365,11,11,2
5403,7,7,2
5411,11,11,2
5421,9,9,3
5426,7,7,2
5428,13,13,4
5430,4,4,2
5449,7,7,3
5459,9,9,2
5482,10,10,2
5484,7,7,2
5496,6,6,2
5499,9,9,2
5505,20,20,5
5507,12,12,4
5510,7,7,2
5534,9,9,3
5545,21,21,5
5546,7,7,2
555,10,10,2
5564,8,8,2
5583,26,26,8
5601,10,10,3
5613,8,8,2
5619,6,6,2
5624,14,14,5
5630,8,8,3
5635,4,4,2
5638,9,9,2
5639,8,8,3
5644,20,20,8
5662,8,8,3
5674,9,9,3
5675,7,7,2
5679,8,8,2
5689,10,10,2
5690,11,11,4
5692,7,7,2
5696,4,4,2
5711,37,37,9
5715,10,10,3
5717,11,11,4
5718,7,7,2
572,2,2,2
5735,5,5,2
5738,7,7,2
5751,8,8,2
5765,8,8,2
5783,7,7,2
5784,7,7,2
5791,27,27,7
5792,8,8,3
5794,14,14,6
5802,7,7,2
5804,7,7,2
5807,3,3,2
5815,8,8,3
5832,16,16,3
5836,5,5,3
5840,4,4,2
5844,3,3,2
5846,10,10,4
5852,6,6,2
5871,23,23,3
5874,7,7,2
5881,5,5,3
5888,7,7,2
5914,9,9,4
5916,7,7,3
5917,7,7,2
5923,10,10,3
5933,12,12,5
5934,10,10,2
5947,7,7,2
5954,5,5,2
5963,6,6,2
5964,28,28,7
5967,25,25,10
5969,28,28,7
5978,7,7,2
5980,8,8,2
5984,14,14,5
5999,8,8,3
6003,9,9,3
6006,7,7,2
6008,9,9,3
6014,12,12,4
6017,8,8,4
6029,14,14,3
6032,11,11,2
6033,9,9,4
6034,7,7,2
6038,10,10,2
6041,5,5,4
6044,9,9,4
6045,9,9,2
6046,8,8,2
6053,7,7,2
6057,9,9,3
6060,6,6,2
6061,18,18,7
6064,9,9,3
6067,9,9,2
6077,9,9,3
6080,12,12,4
6083,10,10,3
6086,3,3,2
6090,5,5,2
6094,12,12,3
6103,6,6,2
6108,10,10,3
6119,8,8,3
6126,6,6,2
6128,28,28,9
6138,9,9,2
6141,6,6,3
6144,6,6,4
6147,6,6,4
6152,8,8,2
6167,7,7,2
6168,6,6,2
6171,3,3,3
6178,7,7,2
6196,6,6,2
6197,8,8,3
6208,6,6,2
6209,7,7,2
6221,8,8,2
6223,7,7,2
6225,6,6,2
623,12,12,4
6232,6,6,2
6235,9,9,3
624,6,6,2
6249,7,7,2
6258,7,7,2
6263,7,7,2
6292,8,8,2
6304,7,7,2
6307,7,7,2
6310,7,7,2
632,11,11,6
6341,6,6,2
6347,8,8,2
6353,7,7,2
6364,7,7,4
6365,7,7,2
637,21,21,6
6370,2,2,2
6376,11,11,2
639,4,4,2
6395,9,9,2
6396,6,6,2
6431,5,5,2
6443,8,8,2
65,9,9,2
650,20,20,4
6508,8,8,2
6514,4,4,2
6515,8,8,3
652,16,16,5
6523,8,8,3
6531,9,9,2
654,28,28,7
6542,11,11,5
655,21,21,9
6560,10,10,3
657,4,4,3
6596,10,10,3
6605,11,11,2
6613,6,6,2
6626,7,7,3
6629,8,8,2
6631,8,8,2
6634,4,4,2
6652,8,8,3
6667,2,2,2
667,10,10,2
6671,3,3,2
6674,7,7,2
6676,6,6,3
6693,4,4,2
670,8,8,3
6700,9,9,5
6701,7,7,4
6715,7,7,2
672,9,9,3
6728,11,11,2
6730,4,4,2
6735,7,7,2
674,18,18,8
6743,7,7,2
675,11,11,2
6763,7,7,2
6777,6,6,2
6778,13,13,6
680,27,27,6
6802,7,7,2
6803,9,9,2
6805,7,7,2
6813,7,7,3
6819,10,10,2
682,22,22,7
6829,16,16,4
6839,14,14,4
6844,7,7,5
6848,9,9,4
6849,8,8,2
685,8,8,2
6853,8,8,2
6865,9,9,3
6878,7,7,2
688,5,5,2
6880,13,13,3
6912,19,19,3
692,7,7,2
6936,8,8,4
6948,9,9,2
6952,7,7,2
6962,8,8,2
6976,7,7,3
6977,7,7,2
698,6,6,2
6985,6,6,2
699,11,11,4
6995,9,9,2
6997,5,5,2
700,4,4,4
7008,12,12,3
702,5,5,2
7024,8,8,2
7027,5,5,3
7036,7,7,2
7050,7,7,2
7063,7,7,2
7073,14,14,5
7079,10,10,2
7084,11,11,2
7088,12,12,2
7095,9,9,3
7100,9,9,2
7101,7,7,2
7107,5,5,2
7109,10,10,2
7132,10,10,2
7133,9,9,2
7136,8,8,2
7138,9,9,2
7139,8,8,3
7140,14,14,2
7143,8,8,2
7145,19,19,2
7171,9,9,2
7176,10,10,3
7180,14,14,2
7185,11,11,3
7189,8,8,2
7192,11,11,3
7202,10,10,2
7205,13,13,2
7231,10,10,2
7232,8,8,2
7233,12,12,2
7244,9,9,2
7245,12,12,2
7246,11,11,3
7253,9,9,3
7256,9,9,2
7262,8,8,2
7274,9,9,2
7295,9,9,2
7300,8,8,2
7308,8,8,2
731,7,7,2
7311,7,7,3
7319,8,8,2
7326,8,8,2
7328,13,13,2
7343,9,9,2
7353,7,7,2
7354,7,7,2
7370,7,7,2
7374,3,3,3
7375,8,8,2
7392,6,6,2
7394,3,3,2
7395,9,9,4
7398,8,8,2
7408,8,8,2
7409,8,8,2
7411,25,25,6
7414,19,19,6
7416,34,34,10
7419,9,9,2
7428,21,21,7
7449,10,10,3
7465,8,8,2
7474,2,2,2
7475,7,7,2
7482,7,7,2
7486,10,10,2
7490,13,13,5
7493,6,6,2
7505,8,8,2
7508,5,5,2
7510,9,9,2
7514,20,20,6
7522,13,13,6
7525,7,7,2
7528,10,10,5
7530,15,15,5
7533,9,9,2
7538,10,10,2
7541,7,7,2
7550,8,8,2
7553,4,4,2
7557,7,7,2
7561,7,7,2
7567,7,7,2
7586,8,8,2
7589,9,9,3
7597,12,12,2
7604,10,10,2
7611,33,33,8
7612,9,9,4
7613,4,4,2
7614,9,9,4
7615,9,9,3
7616,13,13,4
7617,4,4,2
7624,7,7,2
7627,9,9,3
7629,8,8,2
7636,4,4,3
7637,13,13,7
7638,9,9,4
7639,17,17,6
7658,9,9,2
7671,13,13,2
7678,6,6,2
7698,21,21,6
7700,8,8,4
7702,21,21,7
7703,7,7,2
7707,28,28,7
7715,25,25,5
7719,11,11,4
7725,8,8,2
7734,8,8,2
7738,9,9,4
7743,7,7,2
7746,8,8,2
7748,8,8,3
7763,9,9,2
7777,13,13,6
7784,7,7,2
7796,8,8,2
7802,8,8,2
7804,10,10,2
781,11,11,4
7818,6,6,2
7838,6,6,2
7845,9,9,2
7846,6,6,3
7847,8,8,2
7850,12,12,5
7851,9,9,4
786,8,8,3
7869,6,6,2
7876,7,7,2
7886,13,13,3
7887,13,13,5
7888,7,7,4
7889,23,23,6
7894,21,21,5
7898,20,20,6
790,8,8,3
7901,22,22,10
7908,7,7,2
791,9,9,2
7918,8,8,3
7937,9,9,2
7946,8,8,2
7949,25,25,8
7954,8,8,2
7957,11,11,4
7960,4,4,2
7965,6,6,3
7969,11,11,2
7974,6,6,2
7987,8,8,2
7994,6,6,2
8010,7,7,2
8017,20,20,7
802,14,14,5
8028,9,9,2
8030,6,6,2
8037,7,7,2
8050,8,8,2
8052,9,9,2
8055,11,11,2
8077,7,7,2
8083,8,8,4
8102,7,7,2
8108,10,10,3
8109,7,7,2
8123,7,7,2
8130,2,2,2
8133,9,9,2
8135,6,6,3
8141,7,7,2
8142,6,6,2
8152,12,12,3
8163,21,21,6
8164,22,22,5
8165,7,7,2
8166,9,9,3
8174,10,10,3
8177,9,9,3
818,6,6,2
8181,8,8,2
819,10,10,2
8194,8,8,2
8196,3,3,2
8197,13,13,4
8199,7,7,2
8205,7,7,2
8208,6,6,2
821,2,2,2
8210,6,6,4
8225,12,12,2
8236,9,9,2
8241,7,7,2
8253,10,10,2
8254,9,9,4
8258,6,6,2
826,3,3,2
8261,9,9,2
8262,3,3,2
8275,7,7,2
8277,11,11,5
8286,7,7,2
8287,9,9,3
8291,13,13,4
830,9,9,4
8321,6,6,5
8329,7,7,2
8331,7,7,2
8332,17,17,4
8334,9,9,2
8346,9,9,2
8347,15,15,2
8349,6,6,2
8351,4,4,2
8352,13,13,3
836,7,7,2
8365,6,6,3
8369,9,9,2
8384,8,8,2
8387,9,9,4
8388,5,5,2
8389,7,7,2
839,7,7,2
8391,13,13,6
8395,14,14,4
8396,9,9,4
8397,10,10,2
8406,9,9,2
8408,6,6,2
8417,8,8,2
8418,7,7,2
8423,12,12,3
8427,7,7,2
8432,7,7,3
8439,7,7,2
8462,7,7,2
8465,6,6,2
8466,12,12,5
8467,27,27,9
8468,8,8,2
8469,6,6,5
8470,2,2,2
8487,6,6,2
8497,4,4,2
8502,10,10,2
8514,7,7,2
8527,29,29,3
8529,7,7,2
8530,8,8,4
8531,8,8,4
8535,8,8,4
8539,8,8,6
8540,8,8,3
8546,7,7,2
8555,6,6,2
8590,10,10,4
8597,11,11,2
8607,4,4,2
8624,7,7,2
8625,7,7,4
8626,7,7,2
8636,21,21,6
8645,23,23,8
8646,3,3,2
8647,16,16,2
8648,10,10,3
8650,8,8,2
8654,10,10,3
8659,9,9,3
8666,6,6,2
8669,7,7,3
8675,7,7,2
8679,7,7,2
8683,12,12,3
8686,8,8,3
8688,8,8,3
8692,9,9,2
8698,11,11,3
8723,7,7,3
8737,9,9,2
874,7,7,2
8748,7,7,2
8758,5,5,2
8763,8,8,2
8766,13,13,6
8769,8,8,4
877,8,8,2
8773,13,13,5
8778,11,11,3
8781,8,8,2
8782,20,20,6
8799,6,6,2
8803,5,5,4
8805,8,8,2
8806,7,7,3
8809,4,4,2
8810,3,3,2
8811,8,8,3
8813,7,7,2
882,9,9,4
8825,10,10,2
8826,8,8,3
8828,8,8,3
8831,7,7,2
8833,9,9,2
8836,7,7,2
8837,8,8,3
884,8,8,2
8841,7,7,2
8852,9,9,2
8879,9,9,4
8880,7,7,2
8881,7,7,2
8887,6,6,2
8894,13,13,2
8900,8,8,4
891,10,10,2
8910,9,9,2
8915,6,6,2
8931,10,10,3
8936,12,12,4
8940,7,7,2
8941,8,8,3
8945,10,10,2
8952,8,8,2
8956,6,6,2
8968,8,8,3
8969,9,9,2
8970,14,14,6
8971,6,6,2
8973,9,9,3
8975,6,6,3
8977,7,7,2
8980,5,5,3
8981,9,9,3
8983,5,5,3
8985,20,20,7
8990,21,21,6
8992,17,17,5
8997,7,7,2
900,8,8,2
9003,19,19,6
901,8,8,2
9017,9,9,2
9021,7,7,2
9029,10,10,4
9036,7,7,2
9038,7,7,3
9046,7,7,2
9052,3,3,3
9053,7,7,3
9055,13,13,7
906,9,9,2
9063,6,6,3
9064,3,3,2
9071,8,8,3
9072,14,14,5
9075,7,7,2
9089,9,9,2
9091,9,9,2
9092,3,3,2
9096,11,11,3
9102,11,11,3
9103,9,9,3
9105,11,11,2
9110,7,7,2
9115,8,8,3
9122,25,25,8
9124,9,9,5
9125,7,7,2
9126,2,2,2
9129,9,9,2
9131,9,9,2
9133,13,13,5
9136,9,9,3
916,8,8,2
9177,8,8,2
9182,7,7,2
9194,8,8,3
9196,7,7,2
9197,6,6,2
9200,20,20,5
9211,6,6,2
9219,9,9,2
9223,8,8,2
9231,7,7,2
9247,6,6,2
9260,7,7,2
9273,7,7,2
928,6,6,2
9285,7,7,2
9289,22,22,6
9290,18,18,7
9291,10,10,2
9295,3,3,3
9329,14,14,4
9338,6,6,2
9339,8,8,2
9351,12,12,3
9373,13,13,2
9381,5,5,3
9383,12,12,2
9387,9,9,3
939,8,8,2
9397,6,6,2
9398,6,6,2
9399,10,10,2
94,5,5,3
9411,8,8,3
9420,8,8,2
9434,9,9,2
9455,7,7,2
9457,8,8,2
9467,9,9,3
9476,9,9,2
9499,5,5,2
9505,9,9,3
9506,6,6,2
9512,26,26,6
9513,25,25,10
9528,9,9,2
9529,7,7,2
9531,7,7,6
9532,2,2,2
9533,11,11,6
9534,10,10,8
9543,6,6,2
9544,10,10,3
9548,2,2,2
9549,11,11,4
9554,9,9,4
9562,7,7,3
9565,7,7,2
9579,14,14,5
9587,7,7,2
959,6,6,2
9592,8,8,3
9595,3,3,3
9599,10,10,2
9611,7,7,2
9620,7,7,2
9626,7,7,2
9647,16,16,5
9649,11,11,2
9665,7,7,2
9685,9,9,2
9686,8,8,2
9706,10,10,3
9714,8,8,2
9723,8,8,2
9725,3,3,2
9751,6,6,2
9760,21,21,7
9763,8,8,2
9767,10,10,3
9771,6,6,2
9772,9,9,3
9778,8,8,3
9780,8,8,3
9781,3,3,2
9783,8,8,2
9785,9,9,3
9787,10,10,2
9789,9,9,2
9790,7,7,2
9797,10,10,2
9799,7,7,2
980,7,7,2
9804,12,12,2
9811,10,10,3
9813,2,2,2
9817,9,9,2
9818,8,8,3
982,9,9,3
9825,7,7,2
9833,14,14,2
9835,9,9,3
9841,6,6,2
9849,3,3,2
986,5,5,2
9860,7,7,2
9869,10,10,2
9870,11,11,2
9876,7,7,3
9877,11,11,2
988,10,10,2
9893,7,7,2
990,3,3,2
9909,7,7,2
9911,10,10,4
9913,8,8,2
9924,9,9,2
9931,7,7,2
9939,10,10,2
9942,7,7,2
9943,8,8,2
9945,9,9,3
9947,7,7,2
9948,10,10,2
9951,9,9,3
9967,7,7,2
9971,5,5,2
9973,7,7,2
9976,7,7,2
998,8,8,3
9997,6,6,2
