OLD_CLUSTER,OLD_SIZE,BADGES_IN_COMMON,SPLIT_INTO
10000,7,7,2
10015,10,10,2
10029,11,11,2
10038,12,12,4
10043,8,8,3
10049,9,9,3
10051,8,8,2
10058,3,3,2
10060,8,8,2
10067,2,2,2
10069,7,7,2
1007,7,7,2
10071,7,7,2
10076,9,9,3
10078,7,7,2
1008,11,11,2
10081,13,13,3
10089,9,9,4
10093,11,11,3
10097,7,7,2
1010,7,7,2
1012,7,7,2
10123,10,10,3
10130,6,6,2
1014,9,9,3
10141,7,7,2
10145,2,2,2
10160,2,2,2
10161,3,3,3
10162,2,2,2
10163,2,2,2
10165,3,3,3
10187,6,6,2
10192,10,10,2
10195,7,7,2
1020,9,9,2
10205,6,6,2
10210,7,7,2
10212,10,10,2
10218,7,7,2
10221,5,5,2
1023,24,24,2
10232,8,8,3
10241,9,9,2
10257,7,7,2
1026,6,6,2
10266,7,7,2
10280,10,10,2
10285,8,8,3
10289,3,3,2
10294,12,12,3
10308,7,7,2
10333,12,12,2
10354,9,9,2
10356,7,7,2
10364,13,13,2
10381,6,6,2
10384,8,8,2
10391,7,7,2
10400,8,8,3
10417,7,7,3
10424,6,6,2
10425,8,8,3
10439,7,7,2
10449,9,9,2
10451,7,7,2
10467,7,7,2
1048,7,7,2
10480,8,8,2
10481,9,9,2
10488,7,7,2
10491,7,7,2
10497,9,9,3
10499,8,8,2
1050,7,7,3
10502,8,8,2
10507,7,7,2
1051,9,9,2
1052,20,20,4
10530,8,8,2
10531,10,10,2
10536,11,11,2
10539,3,3,2
1054,13,13,2
10541,6,6,2
1055,7,7,2
10559,18,18,3
1056,7,7,3
10560,7,7,2
10563,8,8,3
10570,16,16,3
10577,9,9,2
10579,10,10,2
10590,7,7,2
10594,8,8,3
10596,8,8,2
10603,8,8,2
10621,10,10,3
10623,9,9,2
10631,8,8,3
10632,9,9,2
10634,10,10,2
10656,7,7,2
10661,6,6,2
10663,13,13,2
10666,9,9,2
10667,8,8,3
10686,8,8,2
10689,6,6,2
10691,8,8,2
10693,14,14,2
10695,7,7,2
10698,7,7,2
10701,23,23,3
10702,12,12,4
10703,13,13,3
10705,8,8,2
10711,9,9,2
10714,11,11,2
10722,10,10,2
10729,2,2,2
10734,6,6,4
10736,3,3,2
10742,10,10,2
10748,12,12,3
1075,10,10,3
10751,7,7,2
10758,8,8,3
10763,10,10,3
10780,7,7,3
10782,7,7,2
10783,2,2,2
10784,2,2,2
10785,3,3,3
10793,2,2,2
10794,14,14,2
10796,8,8,2
10801,10,10,2
10803,2,2,2
10804,10,10,3
10816,10,10,2
10818,3,3,2
10823,7,7,2
10828,12,12,2
10831,7,7,4
10832,6,6,3
10834,7,7,3
10835,21,21,5
10845,7,7,2
1085,8,8,3
10858,12,12,2
10860,11,11,2
10865,3,3,3
10867,6,6,2
10868,7,7,2
1087,10,10,2
10874,9,9,2
1088,9,9,2
10880,6,6,3
10883,7,7,2
10884,8,8,3
10886,7,7,2
10891,8,8,2
10901,7,7,2
10903,12,12,2
10916,8,8,2
10917,10,10,3
10918,13,13,2
1093,18,18,3
10930,9,9,3
10938,9,9,3
1095,10,10,2
10970,7,7,3
10976,14,14,2
10989,2,2,2
1099,7,7,2
10990,7,7,2
10993,6,6,2
11011,7,7,2
11021,7,7,2
11023,3,3,3
11024,2,2,2
11025,2,2,2
11029,8,8,2
11034,3,3,3
11045,8,8,2
11049,9,9,3
11071,7,7,2
11078,10,10,2
11091,7,7,2
11108,7,7,2
11127,2,2,2
11146,7,7,2
11163,8,8,2
11169,10,10,3
11188,21,21,3
11190,14,14,3
11192,9,9,2
11199,11,11,2
11212,8,8,2
11217,6,6,2
11232,10,10,2
11244,13,13,2
11246,6,6,2
11254,7,7,2
11256,7,7,2
11257,7,7,2
11281,7,7,2
11285,9,9,2
11289,8,8,2
11292,10,10,2
11304,6,6,2
11319,9,9,2
11322,9,9,2
11326,8,8,2
11344,11,11,2
11354,11,11,3
11355,7,7,2
11357,7,7,2
11369,7,7,2
11372,7,7,2
11379,10,10,2
11382,15,15,4
11384,12,12,2
11387,11,11,2
11389,7,7,2
11392,7,7,2
11409,7,7,2
11410,3,3,2
11414,14,14,2
11425,7,7,2
1143,7,7,2
11432,6,6,2
11449,7,7,2
11458,8,8,2
11462,10,10,2
11464,9,9,4
11470,7,7,2
11471,8,8,2
11476,8,8,2
11485,7,7,2
11492,6,6,2
11498,4,4,2
11520,7,7,2
11524,8,8,2
11527,7,7,2
11529,7,7,2
11530,8,8,2
11531,9,9,2
11559,8,8,2
11564,9,9,3
11577,9,9,2
1158,7,7,2
11580,2,2,2
11608,3,3,2
11631,2,2,2
11636,8,8,2
11637,7,7,2
11650,8,8,2
11669,8,8,3
11694,2,2,2
11695,6,6,2
1170,7,7,2
11703,11,11,3
11708,10,10,2
1171,8,8,2
11715,8,8,2
11716,12,12,3
11719,8,8,2
11720,8,8,2
11722,10,10,2
11726,5,5,2
11730,7,7,2
11731,7,7,2
11734,8,8,2
11735,11,11,3
11739,14,14,3
11740,16,16,3
11741,10,10,3
11746,2,2,2
11747,6,6,2
11768,6,6,2
11793,9,9,3
11812,2,2,2
11823,8,8,2
11835,8,8,2
11838,11,11,3
11843,7,7,2
11844,7,7,2
1185,6,6,2
11870,7,7,2
11874,9,9,2
11880,8,8,2
11882,3,3,2
11887,7,7,2
119,3,3,2
11912,8,8,2
11921,8,8,2
11923,7,7,2
11931,8,8,2
11937,2,2,2
11939,10,10,3
11942,9,9,2
11944,7,7,2
1195,17,17,2
11952,10,10,2
11956,9,9,3
11966,10,10,2
11967,8,8,2
11975,11,11,4
11976,9,9,2
11977,30,30,6
11981,7,7,2
11987,7,7,3
11991,10,10,2
12001,8,8,2
1201,7,7,2
12023,8,8,4
12033,7,7,2
12047,6,6,3
12052,2,2,2
12056,8,8,3
12090,8,8,2
12092,2,2,2
12093,7,7,2
12101,7,7,2
12108,10,10,2
12117,2,2,2
1213,6,6,2
12132,8,8,2
12136,9,9,2
12139,7,7,2
12147,8,8,2
12150,7,7,2
12153,3,3,2
12154,11,11,3
12155,2,2,2
12160,8,8,2
12171,7,7,2
12189,8,8,2
12197,8,8,3
12198,7,7,2
12201,10,10,2
1223,15,15,2
12232,2,2,2
12242,6,6,2
1226,9,9,3
12261,2,2,2
12266,8,8,2
12286,7,7,2
12289,12,12,2
12296,12,12,2
1230,7,7,2
12307,7,7,2
12315,8,8,2
12352,8,8,2
12363,2,2,2
12374,12,12,3
12377,9,9,2
12380,7,7,2
1239,7,7,2
12400,6,6,2
12403,8,8,3
12407,10,10,2
1241,9,9,2
1242,12,12,2
12421,10,10,2
12422,13,13,2
12428,7,7,2
12430,2,2,2
1244,8,8,4
12440,9,9,2
12442,7,7,2
12444,6,6,2
1246,9,9,2
12464,6,6,2
12469,8,8,2
12473,19,19,3
12475,8,8,2
12495,9,9,3
12497,7,7,2
12504,2,2,2
12505,7,7,2
12507,10,10,3
1251,9,9,3
12512,2,2,2
12514,12,12,3
12517,9,9,2
12529,8,8,2
12530,7,7,2
12542,2,2,2
12570,9,9,2
12585,8,8,3
12591,10,10,2
12602,10,10,2
12610,14,14,2
12630,13,13,2
12649,10,10,3
12652,11,11,2
12681,10,10,2
12684,7,7,2
1269,2,2,2
12707,11,11,2
12710,12,12,2
12719,13,13,2
1273,8,8,2
12733,14,14,2
12744,9,9,2
1276,7,7,2
12762,8,8,2
12766,10,10,3
12771,10,10,2
12773,8,8,2
12777,12,12,2
12785,9,9,2
12787,7,7,2
12789,4,4,2
1279,8,8,2
12791,8,8,2
12800,4,4,2
12807,17,17,3
12823,10,10,2
12825,7,7,2
12828,11,11,2
12840,9,9,2
1286,9,9,2
12889,2,2,2
1291,8,8,2
12921,3,3,2
12923,9,9,4
12929,4,4,2
12930,11,11,2
1294,7,7,2
12973,11,11,2
12987,23,23,2
12988,46,46,2
12998,12,12,2
13001,10,10,2
13012,11,11,2
13023,12,12,2
13045,3,3,2
13047,11,11,2
13048,3,3,3
13049,3,3,3
1305,14,14,2
13050,7,7,2
13051,9,9,2
13052,6,6,2
13053,4,4,3
13059,4,4,3
1306,7,7,2
13060,2,2,2
13068,3,3,2
1307,2,2,2
13070,2,2,2
13074,10,10,2
13075,10,10,2
13077,8,8,3
1308,7,7,2
13083,7,7,3
13096,4,4,2
1310,8,8,2
13104,2,2,2
13107,7,7,2
13109,2,2,2
13113,8,8,2
1312,12,12,2
13141,3,3,2
13162,8,8,2
13175,3,3,2
13191,8,8,2
13195,8,8,2
1320,10,10,3
13202,3,3,3
13204,7,7,2
13210,4,4,2
13216,4,4,2
13219,6,6,4
1322,8,8,2
13228,3,3,2
13229,2,2,2
1323,2,2,2
13239,6,6,2
1324,7,7,3
13244,9,9,2
13247,10,10,2
13255,6,6,2
13259,13,13,2
13268,8,8,3
1327,13,13,3
13291,7,7,2
13297,7,7,2
13302,8,8,2
13308,8,8,3
1331,7,7,2
13315,10,10,2
1332,8,8,4
13334,6,6,2
13344,8,8,2
1335,11,11,2
13355,9,9,2
13358,8,8,2
1336,7,7,2
1338,6,6,2
13382,9,9,2
13386,7,7,2
13387,9,9,2
13394,7,7,2
13420,12,12,2
13425,7,7,2
13428,8,8,2
1343,4,4,2
1344,2,2,2
13454,9,9,3
13460,7,7,2
13481,12,12,2
13482,9,9,2
13491,10,10,2
13493,11,11,3
13499,9,9,3
1351,4,4,2
13512,8,8,2
13513,4,4,2
13516,8,8,2
13520,5,5,2
13537,3,3,2
13538,9,9,2
13544,14,14,2
13549,8,8,2
13556,10,10,2
13562,5,5,2
13564,6,6,2
13571,10,10,2
13572,13,13,2
13578,8,8,2
13582,10,10,2
13584,7,7,2
13586,8,8,2
13612,8,8,2
1362,6,6,2
13621,6,6,2
13626,6,6,2
1363,7,7,2
13643,15,15,2
13648,9,9,2
13650,14,14,3
13655,10,10,2
13656,9,9,2
13669,7,7,2
13671,12,12,2
1369,7,7,2
13696,9,9,2
13699,8,8,2
1370,8,8,2
13701,7,7,2
13704,10,10,2
13717,6,6,2
13736,8,8,2
13743,11,11,2
13757,8,8,2
1377,8,8,2
1380,8,8,2
13800,7,7,2
13803,8,8,2
13821,10,10,2
13837,2,2,2
13839,2,2,2
13877,9,9,2
1389,10,10,3
13892,9,9,2
13897,6,6,2
13906,9,9,2
13924,9,9,3
13925,9,9,2
1393,8,8,3
13930,16,16,2
1394,2,2,2
13950,9,9,2
13955,9,9,2
13965,8,8,2
1399,11,11,3
13998,10,10,3
14002,8,8,3
14009,15,15,2
1401,9,9,2
14012,7,7,2
1402,5,5,2
14026,9,9,3
14034,8,8,2
14037,8,8,2
14038,7,7,2
14039,8,8,2
14041,7,7,2
14042,8,8,2
14044,7,7,2
14045,10,10,3
14053,7,7,2
14060,11,11,2
14068,6,6,2
14069,9,9,3
14075,11,11,2
14079,10,10,2
14082,7,7,2
14087,13,13,3
14088,11,11,2
14094,9,9,2
14100,8,8,2
14102,9,9,2
14109,8,8,2
14116,7,7,2
14134,7,7,2
14135,10,10,2
14137,7,7,2
14142,4,4,2
14146,3,3,2
14147,7,7,2
14150,9,9,4
14167,6,6,2
14168,8,8,3
14169,10,10,2
14172,9,9,3
14173,8,8,2
14191,13,13,2
142,12,12,2
1420,10,10,3
14211,8,8,2
14229,3,3,2
14248,11,11,2
14260,10,10,2
14261,7,7,2
14264,7,7,2
14265,6,6,2
14274,10,10,2
14277,14,14,2
1428,6,6,3
14281,6,6,4
14284,12,12,2
14296,7,7,3
14297,7,7,2
14299,8,8,2
14306,6,6,2
14313,9,9,2
14319,19,19,3
14320,7,7,2
14325,9,9,2
14326,11,11,2
14332,8,8,3
14335,10,10,2
14344,10,10,2
14350,17,17,3
14351,9,9,2
14353,9,9,2
14354,8,8,2
14358,7,7,2
14366,6,6,2
14377,11,11,5
14390,13,13,2
14398,17,17,3
1440,7,7,2
14404,8,8,2
14405,8,8,2
14409,11,11,3
14412,7,7,2
14415,7,7,2
14416,6,6,3
14424,8,8,2
14428,14,14,3
14434,10,10,4
14436,12,12,2
14441,10,10,3
14449,7,7,2
14462,5,5,2
14463,8,8,2
14466,12,12,2
14468,30,30,2
14473,7,7,2
14475,10,10,2
14476,9,9,2
14488,8,8,2
1449,2,2,2
14490,7,7,2
14495,7,7,2
14505,7,7,2
1451,8,8,2
14510,8,8,2
14512,7,7,2
14519,7,7,2
14527,9,9,2
14529,8,8,2
14536,9,9,2
1454,9,9,2
14545,8,8,2
14546,6,6,2
14548,8,8,2
14564,7,7,2
14575,3,3,2
14577,9,9,2
14590,12,12,2
14594,9,9,3
14598,7,7,2
14605,7,7,2
14608,7,7,2
1461,6,6,2
14618,7,7,3
14619,12,12,2
14622,8,8,2
14624,8,8,2
14636,13,13,2
1464,7,7,2
14644,12,12,2
14649,8,8,2
1466,7,7,2
14660,7,7,2
14664,7,7,2
14666,2,2,2
14671,2,2,2
14674,9,9,4
14677,6,6,2
14679,2,2,2
14682,8,8,3
14685,7,7,2
14686,10,10,5
1469,8,8,2
14694,8,8,2
14696,8,8,2
14701,6,6,2
14709,8,8,2
14711,7,7,2
14714,7,7,2
14716,7,7,2
14717,6,6,2
14726,7,7,2
14728,5,5,2
1473,6,6,3
14731,3,3,2
14732,12,12,2
14734,8,8,2
14735,6,6,2
14736,12,12,2
14738,8,8,2
14739,7,7,2
14746,8,8,2
14747,2,2,2
14753,12,12,3
14755,13,13,2
14761,10,10,2
14762,9,9,2
14764,8,8,3
14766,10,10,2
14767,8,8,3
14769,4,4,2
14786,8,8,2
14788,8,8,2
14791,12,12,2
14794,7,7,2
14802,12,12,2
14813,2,2,2
14816,11,11,2
14819,11,11,2
14820,4,4,2
14822,5,5,2
14824,4,4,2
14825,7,7,2
14829,4,4,2
14834,3,3,2
14837,13,13,2
14839,8,8,2
14841,2,2,2
14847,6,6,2
14849,8,8,2
14850,2,2,2
14863,10,10,2
14867,2,2,2
14887,9,9,2
14889,7,7,2
14895,8,8,2
14896,6,6,2
14900,7,7,2
14910,8,8,2
14920,8,8,2
14924,4,4,2
14931,10,10,3
14941,7,7,2
14943,9,9,2
1495,8,8,2
14955,8,8,2
14966,7,7,2
14979,7,7,2
14981,12,12,3
14989,21,21,4
1499,7,7,2
14996,8,8,2
14997,9,9,2
15004,7,7,2
1501,6,6,2
15010,9,9,2
1502,7,7,2
15020,7,7,2
15021,8,8,2
15025,20,20,4
15034,13,13,2
15038,2,2,2
15043,7,7,2
15045,8,8,2
15052,12,12,2
15070,7,7,2
15075,11,11,2
15098,12,12,3
1510,7,7,2
15104,7,7,2
15107,9,9,2
15111,6,6,2
1512,6,6,4
15123,10,10,2
15131,25,25,10
15133,6,6,2
15142,7,7,2
15144,8,8,2
15145,9,9,2
15147,8,8,2
15153,2,2,2
15160,3,3,2
15164,7,7,4
1517,7,7,2
15172,2,2,2
15174,10,10,2
15175,9,9,2
1519,7,7,2
15204,3,3,2
15206,2,2,2
15223,9,9,2
15230,7,7,2
15234,7,7,2
15237,13,13,5
15239,9,9,2
15261,8,8,2
15262,15,15,2
15263,2,2,2
15270,7,7,2
15276,13,13,2
15280,7,7,2
15288,8,8,2
15289,5,5,2
15290,11,11,2
15291,2,2,2
15292,2,2,2
15296,10,10,3
15305,11,11,3
15309,2,2,2
15310,10,10,2
15315,2,2,2
15316,5,5,2
15317,8,8,2
15320,10,10,2
15321,3,3,2
15323,2,2,2
15324,2,2,2
15328,5,5,2
15331,9,9,3
15336,8,8,3
15340,2,2,2
15349,10,10,2
15350,10,10,4
15353,8,8,2
15360,10,10,2
15364,6,6,2
15371,12,12,3
15372,8,8,3
15378,7,7,2
15379,5,5,2
15380,2,2,2
15386,8,8,3
15387,7,7,2
15388,12,12,2
15389,2,2,2
15392,3,3,2
15393,6,6,2
15404,9,9,3
15407,7,7,2
15411,9,9,2
15412,14,14,5
15418,7,7,2
15424,11,11,2
15428,8,8,2
15435,11,11,3
15446,9,9,3
15448,3,3,2
15449,3,3,2
15450,7,7,3
15453,3,3,2
15454,8,8,2
1546,10,10,2
1547,7,7,2
15470,2,2,2
15495,8,8,2
15498,8,8,2
15499,9,9,2
15510,3,3,2
15511,6,6,2
15512,7,7,2
15515,26,26,5
15519,7,7,2
15521,6,6,3
15523,12,12,3
15525,22,22,3
15526,10,10,2
15527,3,3,2
15530,2,2,2
15531,2,2,2
15533,10,10,2
15534,4,4,2
15535,14,14,3
15537,9,9,2
15538,2,2,2
15539,3,3,2
15540,3,3,3
15556,3,3,2
15559,2,2,2
15560,2,2,2
15576,2,2,2
15577,8,8,2
15582,7,7,2
15583,14,14,4
15591,15,15,2
15594,12,12,2
15596,10,10,3
1560,2,2,2
15606,5,5,2
1561,3,3,2
15617,4,4,2
15618,7,7,2
1562,3,3,2
15622,8,8,2
15627,4,4,3
15629,6,6,3
1563,15,15,3
15630,2,2,2
1564,12,12,2
15661,7,7,2
15664,12,12,2
15665,7,7,2
15692,2,2,2
1570,6,6,2
15700,3,3,2
15722,8,8,2
15725,6,6,3
15737,8,8,2
15739,7,7,2
15753,7,7,2
15759,10,10,3
15778,8,8,2
1578,8,8,2
15786,12,12,2
15799,10,10,2
158,8,8,2
15802,16,16,3
15833,4,4,2
15839,7,7,2
15846,3,3,2
15862,8,8,3
15863,9,9,4
15869,8,8,2
1587,8,8,2
15878,2,2,2
1588,7,7,2
15883,2,2,2
15884,3,3,2
159,2,2,2
15904,7,7,2
15913,10,10,3
15922,11,11,2
15933,7,7,2
15941,8,8,3
15942,9,9,3
15950,9,9,3
15952,4,4,2
15961,4,4,2
15974,25,25,5
15975,8,8,2
15977,2,2,2
15982,6,6,2
1600,13,13,2
16010,8,8,2
16025,2,2,2
16026,10,10,2
16066,7,7,2
16074,7,7,2
16078,7,7,3
1608,2,2,2
16129,10,10,2
16131,9,9,2
16136,8,8,2
16138,9,9,2
1614,12,12,2
16143,7,7,2
16145,8,8,2
16148,7,7,2
16154,12,12,2
16155,9,9,2
16164,7,7,4
16168,8,8,2
1617,8,8,3
16170,12,12,2
16172,2,2,2
16176,3,3,2
16185,8,8,2
16187,9,9,3
16198,13,13,2
16209,9,9,2
16212,10,10,2
16218,13,13,2
16223,5,5,3
16227,9,9,2
16236,11,11,2
16245,8,8,2
1625,8,8,2
16254,7,7,2
16269,4,4,2
16274,10,10,2
16280,7,7,2
16283,11,11,2
1629,7,7,2
16295,12,12,3
16298,8,8,2
16303,7,7,2
16323,4,4,2
16329,7,7,2
16348,9,9,2
16349,8,8,2
1635,7,7,2
16359,10,10,2
1636,11,11,2
1637,10,10,2
16373,10,10,2
16394,7,7,2
16396,8,8,2
16397,12,12,2
16418,9,9,2
16440,8,8,2
16449,6,6,2
1647,7,7,2
16502,7,7,2
16507,7,7,3
1651,8,8,3
16514,7,7,2
16531,7,7,2
16533,10,10,2
16543,4,4,2
16547,9,9,2
16556,6,6,2
16562,8,8,4
16565,7,7,2
16571,8,8,2
16576,9,9,2
16582,7,7,2
16583,8,8,2
16588,8,8,3
16590,29,29,4
16592,8,8,2
16595,7,7,3
166,8,8,2
16605,3,3,2
16607,7,7,2
16608,8,8,2
16609,7,7,2
16614,12,12,2
16626,7,7,2
16632,9,9,2
16638,7,7,2
16639,7,7,2
16646,8,8,2
16663,9,9,2
16664,13,13,2
16672,14,14,3
16685,8,8,2
1669,12,12,2
16701,8,8,2
16733,7,7,2
16743,7,7,2
16744,9,9,2
16753,7,7,2
1676,7,7,2
16769,8,8,2
1677,8,8,2
16780,11,11,2
16784,8,8,2
16794,12,12,2
16818,6,6,2
16827,9,9,2
16832,9,9,2
16834,11,11,5
16844,11,11,2
16848,11,11,2
16850,8,8,2
1686,3,3,2
16865,2,2,2
16866,7,7,3
16871,11,11,3
16878,7,7,2
16886,11,11,2
1689,2,2,2
16903,7,7,2
16906,12,12,2
16916,12,12,2
16928,20,20,2
16929,9,9,2
16942,11,11,2
16955,11,11,3
16956,9,9,2
16959,7,7,2
16961,6,6,2
16965,11,11,2
16968,26,26,5
16979,25,25,4
16991,8,8,2
16993,7,7,2
16999,8,8,2
170,8,8,3
17003,6,6,2
17008,13,13,2
17026,10,10,2
1703,9,9,2
17031,7,7,2
17039,12,12,3
17040,9,9,2
1705,2,2,2
17051,3,3,2
17060,7,7,2
17070,8,8,2
17072,7,7,2
17082,9,9,2
171,7,7,2
17100,14,14,4
17110,11,11,2
17119,8,8,2
17128,9,9,2
17137,15,15,5
17138,12,12,2
17143,3,3,2
17160,9,9,2
17178,8,8,3
1718,6,6,2
17185,9,9,2
17192,7,7,2
17194,7,7,2
17200,10,10,2
17207,7,7,2
17225,7,7,2
17239,6,6,3
17243,9,9,2
17254,9,9,2
17264,8,8,2
17278,8,8,2
173,6,6,2
17308,5,5,2
17330,12,12,3
17331,15,15,2
17345,15,15,2
17353,9,9,2
17378,10,10,2
17388,13,13,2
1739,10,10,2
17398,2,2,2
174,7,7,2
17405,7,7,2
17406,3,3,2
17407,7,7,2
17409,7,7,2
1741,6,6,2
17411,15,15,2
17414,19,19,3
17420,9,9,2
17421,9,9,2
17430,14,14,4
17431,2,2,2
17439,12,12,2
17457,9,9,2
17463,8,8,2
17472,18,18,4
17473,5,5,2
17482,9,9,2
17496,9,9,2
17500,6,6,2
17502,9,9,2
17505,12,12,2
17514,11,11,2
17516,8,8,2
17517,12,12,2
17520,10,10,3
17524,8,8,2
17525,2,2,2
17527,7,7,2
17533,4,4,2
17535,11,11,2
17536,10,10,2
17538,11,11,2
17541,8,8,2
17544,5,5,2
17546,8,8,2
17547,8,8,2
17549,6,6,2
17551,7,7,2
17552,13,13,2
17559,7,7,2
17560,10,10,2
17562,8,8,2
17571,10,10,2
17572,3,3,2
17579,13,13,2
17580,28,28,5
17581,15,15,2
17583,6,6,2
17588,16,16,2
17593,20,20,2
17599,2,2,2
17600,29,29,2
17607,4,4,2
17610,14,14,2
17614,9,9,2
17619,10,10,2
17626,2,2,2
17632,5,5,3
17638,13,13,4
17639,7,7,2
17671,9,9,3
17679,2,2,2
17687,8,8,2
17689,8,8,2
17692,20,20,3
17704,8,8,2
17726,5,5,3
1773,2,2,2
17730,5,5,2
17738,5,5,2
17741,10,10,3
17744,4,4,2
17756,10,10,2
17799,12,12,2
17823,8,8,2
17831,2,2,2
17840,19,19,3
17844,4,4,3
1785,7,7,2
17851,4,4,2
17861,24,24,3
17862,13,13,3
17904,11,11,2
1791,6,6,2
17915,7,7,2
17921,8,8,2
17931,10,10,3
17933,19,19,2
17952,13,13,2
1796,14,14,2
17960,9,9,2
17963,12,12,2
17989,10,10,2
18,7,7,2
18003,8,8,2
18006,6,6,2
18023,27,27,5
18028,7,7,2
18029,6,6,2
1806,8,8,2
18063,8,8,2
18065,10,10,2
1807,7,7,2
18070,12,12,2
18087,10,10,2
18092,14,14,2
1810,7,7,3
18100,8,8,2
18109,7,7,2
18124,8,8,2
18127,4,4,2
1813,8,8,3
18134,9,9,2
18138,9,9,2
1815,7,7,2
18172,11,11,2
18173,7,7,2
18184,5,5,2
18199,6,6,2
18204,8,8,2
18220,11,11,4
18224,11,11,2
18240,7,7,2
18241,7,7,2
18252,13,13,2
18260,7,7,2
18271,8,8,3
18272,8,8,2
18280,7,7,2
18282,2,2,2
18306,11,11,2
18309,10,10,2
18315,11,11,2
18318,7,7,2
1832,6,6,2
18326,16,16,2
18356,8,8,2
18357,8,8,2
18360,7,7,2
18365,5,5,2
18366,9,9,3
18371,4,4,2
18373,9,9,2
18377,12,12,4
18383,2,2,2
18394,11,11,3
18396,7,7,2
18399,8,8,2
18406,13,13,2
18427,9,9,3
18438,7,7,2
18448,10,10,2
18449,11,11,3
18460,8,8,2
18466,5,5,2
18468,6,6,2
18470,6,6,2
18485,7,7,2
18486,2,2,2
18508,7,7,3
18514,10,10,2
18516,9,9,2
18521,3,3,2
18524,10,10,3
18527,8,8,2
18530,10,10,2
18534,6,6,2
18535,7,7,2
18537,2,2,2
18547,8,8,2
18548,8,8,2
18549,6,6,2
1855,23,23,2
18550,6,6,2
18566,8,8,2
18570,9,9,2
18573,8,8,2
18576,17,17,2
18588,13,13,2
18635,2,2,2
18645,3,3,2
18646,5,5,2
18653,6,6,3
18655,3,3,2
18677,12,12,3
18695,8,8,2
1870,14,14,2
1871,11,11,2
1874,6,6,2
18758,8,8,2
1877,3,3,2
18772,6,6,2
18777,8,8,2
18792,11,11,2
18815,12,12,2
18816,11,11,2
18822,7,7,2
18826,7,7,3
18832,9,9,2
18840,8,8,2
18842,10,10,2
18845,7,7,2
18864,12,12,2
18866,8,8,2
18868,7,7,3
1887,9,9,2
1888,2,2,2
18880,9,9,2
18885,2,2,2
18900,7,7,2
18914,7,7,2
18917,7,7,2
18923,7,7,2
1893,9,9,2
18934,6,6,2
18937,9,9,4
18939,8,8,2
18944,9,9,3
1895,14,14,4
18950,2,2,2
18951,9,9,2
1897,3,3,2
18971,11,11,2
18974,7,7,2
18981,6,6,2
18987,2,2,2
19004,2,2,2
19006,7,7,2
19028,11,11,6
1903,8,8,2
19036,8,8,2
1904,8,8,2
19048,8,8,3
19056,8,8,2
19063,8,8,2
19064,11,11,2
1908,15,15,3
1911,7,7,2
19122,4,4,2
19127,7,7,2
19133,4,4,3
19135,4,4,2
19137,6,6,2
19139,2,2,2
19149,15,15,2
19152,6,6,2
19153,14,14,5
19169,7,7,2
19171,9,9,2
1918,9,9,2
19182,8,8,2
19189,7,7,3
192,7,7,2
19206,6,6,2
19233,12,12,2
1925,9,9,3
19262,3,3,2
19269,3,3,2
19287,7,7,3
19297,7,7,2
19300,6,6,2
19305,12,12,6
19311,7,7,3
19327,8,8,2
19329,9,9,2
19330,3,3,2
19335,3,3,2
19341,11,11,2
19346,3,3,2
19353,4,4,2
19354,10,10,3
19356,5,5,2
19358,3,3,2
19364,9,9,2
19367,3,3,2
1937,8,8,2
19370,9,9,3
19371,3,3,3
19372,7,7,2
1938,10,10,2
19388,9,9,2
19392,21,21,3
19395,7,7,2
19412,4,4,3
19413,9,9,2
19417,6,6,2
19428,3,3,2
19430,3,3,2
19431,3,3,2
19438,7,7,3
19444,6,6,2
19448,5,5,3
19449,8,8,2
19454,8,8,2
19457,6,6,2
19463,15,15,2
19471,7,7,2
19476,22,22,2
1948,8,8,5
1949,2,2,2
19494,7,7,2
19495,7,7,2
19500,8,8,2
19501,7,7,2
19509,4,4,2
19511,7,7,2
19528,13,13,4
19532,8,8,3
19539,2,2,2
19540,7,7,2
19542,6,6,2
19544,11,11,3
19550,10,10,2
19556,6,6,2
19564,6,6,2
19567,7,7,2
1957,7,7,2
19577,7,7,2
19591,13,13,2
19593,2,2,2
19595,3,3,2
196,9,9,2
19611,7,7,2
19612,6,6,2
19618,8,8,2
19619,6,6,2
19621,2,2,2
19630,10,10,2
19631,8,8,2
19632,2,2,2
19637,5,5,2
19639,7,7,2
19652,8,8,2
19653,2,2,2
19654,9,9,2
1967,11,11,2
19671,2,2,2
19673,2,2,2
19705,16,16,2
19706,10,10,3
19709,2,2,2
1972,6,6,3
19735,12,12,2
19738,7,7,2
19743,6,6,2
19746,8,8,2
19755,7,7,2
19757,8,8,2
19759,6,6,2
19765,2,2,2
19783,10,10,3
19784,7,7,2
19788,6,6,2
19789,3,3,2
198,10,10,2
19805,10,10,2
19809,13,13,3
19815,7,7,2
19822,4,4,2
19824,4,4,2
19830,2,2,2
19834,6,6,2
19836,6,6,2
19846,10,10,2
19849,12,12,2
19853,7,7,2
19863,7,7,2
19886,7,7,2
19892,8,8,2
19895,3,3,2
19896,7,7,2
1990,2,2,2
19900,7,7,2
19906,7,7,2
1991,15,15,2
19911,10,10,2
19913,7,7,2
19928,4,4,3
19952,13,13,3
19953,15,15,3
1996,7,7,2
19962,6,6,2
19985,6,6,2
19986,6,6,2
19989,7,7,2
19996,13,13,2
2000,9,9,2
20006,4,4,3
20010,3,3,2
20022,2,2,2
20023,3,3,2
20024,7,7,2
20026,8,8,3
20029,19,19,2
20036,2,2,2
2004,6,6,2
20042,10,10,3
20053,7,7,2
20055,12,12,2
20061,15,15,6
20072,10,10,2
20074,8,8,3
20082,11,11,2
20088,5,5,2
20092,7,7,2
2010,12,12,3
20110,8,8,2
20111,12,12,2
20116,9,9,2
20124,10,10,3
20140,4,4,3
20150,8,8,2
20151,4,4,2
20157,9,9,2
20168,8,8,4
20173,7,7,2
20174,6,6,2
20181,14,14,3
20196,11,11,2
2020,16,16,2
20200,10,10,2
20204,8,8,2
20205,4,4,2
20213,12,12,4
20217,6,6,2
20227,6,6,2
20229,2,2,2
20230,2,2,2
20231,2,2,2
20248,7,7,3
20250,7,7,2
20254,7,7,2
20259,12,12,5
20262,7,7,2
20263,9,9,3
20267,2,2,2
2027,7,7,2
20270,7,7,2
20276,8,8,2
20286,3,3,3
20290,7,7,2
20291,7,7,2
20295,4,4,2
20301,4,4,2
20302,2,2,2
20305,7,7,2
20317,9,9,3
20318,2,2,2
20327,2,2,2
20332,8,8,3
20333,2,2,2
20335,8,8,2
20347,8,8,2
20348,7,7,2
20349,7,7,2
20351,8,8,2
20361,11,11,2
20362,4,4,2
20365,11,11,2
20379,8,8,2
20383,6,6,2
20394,17,17,2
20419,10,10,2
20430,5,5,2
20442,5,5,4
20446,7,7,2
20448,2,2,2
20449,9,9,2
20450,2,2,2
20452,7,7,3
20454,11,11,2
20456,5,5,2
20458,8,8,2
20466,6,6,2
2047,12,12,2
20471,7,7,2
20472,7,7,2
20475,6,6,2
20481,7,7,2
20483,16,16,3
20501,7,7,3
20506,14,14,2
2052,9,9,2
2053,12,12,3
20534,2,2,2
20540,11,11,2
20543,7,7,2
20544,7,7,2
20548,2,2,2
20549,2,2,2
2055,8,8,2
20552,2,2,2
20562,8,8,3
20563,6,6,2
20569,7,7,2
20579,7,7,2
20580,7,7,3
20583,8,8,2
20587,7,7,2
20594,7,7,3
20595,12,12,2
20596,2,2,2
20597,6,6,2
2060,8,8,2
20600,2,2,2
20601,2,2,2
20609,7,7,2
20616,6,6,2
20618,8,8,2
20621,8,8,2
20628,10,10,2
20630,6,6,2
20632,8,8,2
2064,7,7,2
20641,11,11,2
20643,12,12,2
20680,7,7,2
20683,4,4,2
20684,8,8,2
20687,7,7,2
20688,7,7,2
20691,3,3,2
20695,6,6,2
20699,14,14,3
20704,6,6,2
20709,6,6,2
20717,13,13,4
20727,2,2,2
20728,7,7,2
20736,7,7,2
20757,7,7,2
2076,3,3,3
20773,7,7,2
2078,8,8,2
20782,7,7,2
20809,11,11,3
20817,6,6,2
20830,7,7,2
20832,7,7,2
2084,8,8,2
2086,9,9,2
20867,12,12,2
20877,2,2,2
20879,19,19,7
20885,8,8,2
20919,2,2,2
20924,7,7,2
20932,2,2,2
20934,9,9,2
20935,3,3,2
20952,3,3,2
20953,3,3,2
20958,10,10,3
20973,11,11,2
20974,14,14,3
20986,10,10,4
2099,9,9,2
210,9,9,2
21000,7,7,2
21009,8,8,2
21015,12,12,3
21017,19,19,2
2102,11,11,2
21023,9,9,2
21027,7,7,2
21035,7,7,2
21041,6,6,2
21064,7,7,2
21073,6,6,2
21089,7,7,2
21090,7,7,2
21093,12,12,3
21096,7,7,2
21110,8,8,3
21111,7,7,2
21112,6,6,2
21113,7,7,2
21117,6,6,2
21119,7,7,2
21139,6,6,2
2114,8,8,2
21142,9,9,2
21147,2,2,2
21149,7,7,2
21152,6,6,2
21170,7,7,2
21173,2,2,2
21179,2,2,2
2118,2,2,2
21185,4,4,2
21205,49,49,6
21209,9,9,3
2121,2,2,2
21222,11,11,2
21226,7,7,2
21229,7,7,3
21231,2,2,2
21233,8,8,3
2126,8,8,2
21270,7,7,2
21274,11,11,4
21282,7,7,2
21287,8,8,3
21293,12,12,2
21301,3,3,2
21302,3,3,3
21303,7,7,3
21316,7,7,2
2132,5,5,2
21332,7,7,2
21349,2,2,2
21367,7,7,2
21369,7,7,2
21370,7,7,2
21374,9,9,2
21379,11,11,2
2138,8,8,2
21380,8,8,2
21382,9,9,5
21388,9,9,2
21395,7,7,2
21408,6,6,2
21410,8,8,2
21417,6,6,2
21425,9,9,2
21453,7,7,2
21458,7,7,2
2146,5,5,2
21482,6,6,2
21490,2,2,2
21491,8,8,2
21492,2,2,2
21509,13,13,2
21522,7,7,2
21528,6,6,2
21531,6,6,2
21532,13,13,2
21538,5,5,4
21540,8,8,3
21541,4,4,3
21548,2,2,2
21570,8,8,2
21579,8,8,2
21584,7,7,2
21589,7,7,2
21597,10,10,2
21598,8,8,3
21604,14,14,2
21607,7,7,3
21613,6,6,2
21619,7,7,2
2162,7,7,2
21622,7,7,2
21624,9,9,2
21634,8,8,3
21649,34,34,5
21679,14,14,2
21695,27,27,4
21704,5,5,2
21705,4,4,2
21714,4,4,2
21719,6,6,2
21736,6,6,2
21741,6,6,2
21752,7,7,3
21759,8,8,2
2176,10,10,2
21763,11,11,3
21766,10,10,2
21769,7,7,2
2177,6,6,2
21771,9,9,3
21772,10,10,4
2178,7,7,2
21781,7,7,3
21782,7,7,2
21784,9,9,4
21790,7,7,2
21791,7,7,3
21792,10,10,2
21796,8,8,4
21810,10,10,2
21811,8,8,3
21812,6,6,2
21820,6,6,2
21821,2,2,2
21822,3,3,2
21831,16,16,2
21838,13,13,2
21841,7,7,2
21847,7,7,2
21860,10,10,2
21861,5,5,2
21865,12,12,2
21866,8,8,2
21878,7,7,2
21884,10,10,2
21885,2,2,2
21889,7,7,3
21897,6,6,2
21898,10,10,2
219,34,34,6
21903,7,7,4
2191,8,8,2
21923,24,24,4
21925,9,9,2
21937,9,9,2
21938,6,6,2
21939,4,4,2
21940,10,10,2
21947,11,11,3
21952,6,6,2
2196,10,10,2
21961,17,17,2
21962,9,9,2
21973,7,7,2
21974,8,8,2
21976,8,8,2
21984,6,6,4
21986,3,3,2
21989,7,7,2
21995,2,2,2
22006,12,12,2
22007,9,9,2
22011,11,11,4
22013,16,16,5
22017,2,2,2
22019,5,5,3
22060,20,20,2
22063,2,2,2
2207,3,3,2
22071,7,7,2
22076,3,3,2
22086,3,3,2
22094,18,18,3
22097,8,8,3
22113,9,9,2
22117,7,7,2
22130,6,6,2
22133,7,7,3
22145,3,3,2
22150,5,5,2
22154,7,7,2
2216,8,8,2
22167,22,22,3
22170,11,11,2
22172,7,7,2
22175,9,9,3
22178,31,31,5
22183,9,9,2
22184,8,8,2
2219,12,12,2
22197,8,8,2
22198,7,7,2
22199,10,10,3
222,13,13,2
2220,22,22,4
22208,7,7,2
22213,4,4,2
22215,8,8,3
22229,2,2,2
22231,9,9,2
22240,18,18,2
22242,14,14,2
22256,13,13,2
2226,7,7,2
22262,19,19,2
22278,4,4,4
22281,6,6,2
22285,11,11,2
22287,6,6,2
22291,7,7,2
22294,6,6,5
22295,6,6,2
22333,7,7,2
22334,6,6,2
2234,9,9,2
22341,4,4,2
22343,6,6,3
22348,3,3,2
22360,7,7,2
22367,9,9,3
22372,7,7,2
22373,7,7,2
22377,7,7,2
22381,7,7,2
2239,6,6,2
22393,7,7,3
22394,12,12,2
22398,13,13,3
22399,6,6,3
2241,8,8,2
22413,6,6,2
22421,11,11,2
22424,16,16,2
22427,6,6,3
2244,6,6,2
22445,2,2,2
22447,8,8,2
2245,3,3,2
22458,8,8,2
22459,5,5,2
22460,2,2,2
22469,2,2,2
22470,4,4,2
22471,12,12,5
22472,2,2,2
22486,7,7,2
22504,8,8,2
22505,9,9,2
2252,2,2,2
22522,12,12,4
22526,8,8,2
2253,4,4,2
22532,11,11,2
22534,7,7,2
22540,7,7,2
22545,9,9,2
22557,2,2,2
22558,2,2,2
22561,10,10,2
22562,9,9,2
22569,3,3,2
22571,2,2,2
22572,3,3,2
22580,14,14,3
22585,7,7,2
22590,2,2,2
22606,13,13,2
2261,9,9,2
22613,12,12,2
22621,8,8,3
22625,7,7,2
22627,7,7,3
22630,11,11,4
22642,2,2,2
22643,7,7,3
22653,2,2,2
22654,7,7,2
22661,2,2,2
22663,6,6,2
22667,7,7,2
22669,6,6,2
22677,10,10,2
22696,8,8,2
22698,6,6,2
22703,8,8,3
22713,7,7,2
22719,7,7,2
22724,8,8,2
22737,5,5,5
2274,2,2,2
22743,7,7,2
22746,7,7,2
22747,6,6,2
22752,6,6,2
22762,6,6,2
22774,4,4,2
22778,2,2,2
2278,14,14,2
22783,2,2,2
22787,2,2,2
22799,10,10,2
22802,5,5,2
22805,7,7,2
22807,7,7,2
2282,7,7,2
22828,7,7,2
22832,7,7,2
22837,7,7,2
22841,4,4,2
22842,8,8,2
22853,8,8,2
22856,7,7,2
22860,8,8,2
22872,5,5,2
22888,9,9,2
22892,8,8,2
22909,6,6,2
2291,10,10,2
22910,4,4,2
22915,4,4,4
22919,4,4,3
22922,3,3,3
22939,8,8,3
22944,8,8,2
22953,8,8,3
22956,10,10,3
22957,8,8,2
22965,7,7,2
22966,7,7,2
22968,8,8,2
22970,7,7,2
22971,2,2,2
22974,7,7,2
22975,4,4,2
22979,6,6,2
22980,6,6,2
22983,11,11,2
22987,9,9,2
22988,15,15,3
22998,9,9,2
23,10,10,2
23007,9,9,2
23009,7,7,2
23014,9,9,2
23022,10,10,2
23024,10,10,3
23029,9,9,2
23039,6,6,2
23047,7,7,2
23063,12,12,2
23066,10,10,4
23069,8,8,2
23071,9,9,3
23072,7,7,2
23093,9,9,3
23094,27,27,4
23102,14,14,2
23106,12,12,3
23108,6,6,2
23109,19,19,2
23126,9,9,2
23132,9,9,4
23135,8,8,2
23141,9,9,3
23150,8,8,2
23163,6,6,2
23164,3,3,2
23166,13,13,2
23172,3,3,2
23187,9,9,2
2319,7,7,2
23192,21,21,7
23201,13,13,2
23202,10,10,2
23204,18,18,3
23206,7,7,2
23213,7,7,2
23215,10,10,2
23216,10,10,2
23218,9,9,2
2322,7,7,3
23224,7,7,2
23228,6,6,2
23235,6,6,2
23237,4,4,2
23238,7,7,2
23240,13,13,2
23255,8,8,2
23260,7,7,2
23262,7,7,2
23272,8,8,2
23280,7,7,2
23301,7,7,3
23313,2,2,2
23315,10,10,2
23324,14,14,2
2333,6,6,2
23330,6,6,2
23332,14,14,2
2334,9,9,2
23346,7,7,2
23356,6,6,2
23358,2,2,2
23360,9,9,2
23363,8,8,2
23364,25,25,6
23366,6,6,2
23377,38,38,2
23388,6,6,2
23399,7,7,2
23408,14,14,4
23419,11,11,2
23424,23,23,2
2343,7,7,2
23448,10,10,2
23453,10,10,2
23455,4,4,2
23457,10,10,2
2346,8,8,2
23469,14,14,2
23481,10,10,3
23482,13,13,3
23491,34,34,2
23492,12,12,2
23493,7,7,2
23495,7,7,2
23511,7,7,2
2352,8,8,2
23524,8,8,2
23526,8,8,2
23527,6,6,3
23534,3,3,2
23535,6,6,2
23536,6,6,2
23541,2,2,2
23543,9,9,2
23544,7,7,2
23546,10,10,5
23551,11,11,2
23552,11,11,2
23553,3,3,3
23559,10,10,3
23563,12,12,2
23564,6,6,2
23566,17,17,4
23569,8,8,2
2357,7,7,2
23582,8,8,3
23585,7,7,2
23592,10,10,3
23600,2,2,2
23609,20,20,3
23613,8,8,3
23617,7,7,2
23619,6,6,2
23621,9,9,2
23628,6,6,3
23632,7,7,2
23635,9,9,2
23637,2,2,2
23638,10,10,2
23640,7,7,2
23643,7,7,2
2365,3,3,2
23689,7,7,2
23698,10,10,2
23699,12,12,2
23706,22,22,2
23711,15,15,2
23713,7,7,3
23720,5,5,2
23722,5,5,2
2373,2,2,2
23735,8,8,2
23736,12,12,3
23737,6,6,3
23740,10,10,3
23742,8,8,2
23757,11,11,2
23766,7,7,2
23774,5,5,2
23777,3,3,2
23796,8,8,2
23797,6,6,2
23799,4,4,3
2381,11,11,2
23814,8,8,2
23843,13,13,4
2386,6,6,3
23871,12,12,2
23874,7,7,2
23875,11,11,2
23876,2,2,2
23878,7,7,6
23882,2,2,2
23901,11,11,2
23906,6,6,2
23907,7,7,2
23920,10,10,2
23930,18,18,2
2394,15,15,2
23942,7,7,2
23962,7,7,2
23963,19,19,2
23966,8,8,2
23983,2,2,2
23993,7,7,2
24003,9,9,2
24016,6,6,2
24021,7,7,2
24026,6,6,2
24032,9,9,2
2404,8,8,2
24042,7,7,2
24048,10,10,2
2405,10,10,2
24050,7,7,2
24055,13,13,2
24067,3,3,2
24075,2,2,2
24078,7,7,2
24093,6,6,2
2410,16,16,2
24102,12,12,2
24121,3,3,2
24138,2,2,2
24143,12,12,2
24151,9,9,2
24153,6,6,2
24157,2,2,2
24158,10,10,3
24159,4,4,2
24161,9,9,3
24163,2,2,2
24165,9,9,2
24169,3,3,2
24170,12,12,2
24173,2,2,2
24198,17,17,5
24214,4,4,3
24219,2,2,2
24221,2,2,2
24230,8,8,2
24233,17,17,3
24247,2,2,2
24252,7,7,2
24265,15,15,3
24267,4,4,2
24268,3,3,2
24271,4,4,4
2428,8,8,2
24286,4,4,2
24287,2,2,2
2429,7,7,2
24292,6,6,2
24296,2,2,2
24301,5,5,2
24302,6,6,4
24315,9,9,2
24324,8,8,2
24331,4,4,3
24354,2,2,2
24358,7,7,2
24362,9,9,3
24372,2,2,2
24374,8,8,3
24375,2,2,2
24376,2,2,2
24395,8,8,3
24396,4,4,2
24402,3,3,2
24403,7,7,2
24407,12,12,2
24413,7,7,2
24415,2,2,2
24416,4,4,2
24426,22,22,2
24429,12,12,5
2444,4,4,2
24440,9,9,2
24465,11,11,2
24467,2,2,2
24473,11,11,2
24493,6,6,3
24497,6,6,2
24498,4,4,2
24499,6,6,2
245,7,7,2
24501,7,7,3
24503,5,5,2
24504,2,2,2
24510,4,4,3
24513,13,13,2
24517,7,7,2
24520,17,17,2
24522,2,2,2
24525,2,2,2
2453,8,8,2
24532,3,3,2
24533,4,4,2
24537,7,7,2
24538,10,10,2
24539,24,24,2
24540,6,6,2
24542,9,9,2
24547,9,9,2
24556,2,2,2
24561,7,7,2
24565,2,2,2
24571,12,12,5
24572,4,4,2
24573,2,2,2
24577,7,7,2
24593,9,9,4
24594,3,3,3
246,7,7,2
2460,7,7,2
24601,9,9,4
24604,12,12,3
24607,10,10,3
24613,2,2,2
24619,2,2,2
2462,8,8,2
24626,9,9,8
24629,4,4,4
24632,6,6,6
24633,8,8,3
24646,11,11,2
24647,3,3,2
24648,5,5,2
24651,7,7,2
24652,7,7,2
24658,8,8,2
24659,7,7,2
2466,8,8,2
24661,2,2,2
24663,5,5,4
24671,2,2,2
24675,4,4,2
24682,2,2,2
24689,14,14,2
24692,2,2,2
24695,3,3,3
24705,7,7,2
24714,2,2,2
24716,6,6,2
24717,11,11,2
24719,2,2,2
24721,5,5,2
24722,3,3,2
24723,7,7,3
24733,3,3,2
24751,5,5,2
24760,12,12,3
24762,4,4,2
24771,4,4,2
24772,7,7,2
24779,7,7,2
24791,8,8,2
24799,5,5,2
24802,2,2,2
24806,10,10,4
24807,6,6,2
24810,9,9,2
2482,7,7,2
24867,9,9,2
24874,6,6,2
24879,3,3,2
2489,8,8,2
24897,9,9,2
24905,2,2,2
24917,3,3,2
24931,14,14,2
24937,9,9,4
24943,7,7,3
24947,10,10,2
24973,6,6,2
24976,2,2,2
2498,11,11,2
24980,6,6,2
24990,2,2,2
25000,12,12,2
25003,6,6,2
25013,2,2,2
25014,4,4,2
25026,8,8,2
25027,2,2,2
25029,6,6,2
25031,2,2,2
25034,3,3,3
25036,3,3,2
25044,3,3,3
25052,12,12,2
25068,14,14,2
25069,8,8,2
2507,8,8,2
25072,3,3,2
25076,13,13,2
25080,21,21,2
25084,6,6,2
25091,2,2,2
25098,4,4,2
251,46,46,10
25100,2,2,2
25101,2,2,2
25103,6,6,2
25106,3,3,2
25107,7,7,3
25109,7,7,5
25118,3,3,2
25128,7,7,2
25138,16,16,4
25153,3,3,2
25157,8,8,2
25183,2,2,2
25184,10,10,2
25199,7,7,2
25201,6,6,2
25209,8,8,2
25210,16,16,4
25212,9,9,2
25215,3,3,2
25226,10,10,2
25235,10,10,2
25253,10,10,2
25271,2,2,2
2528,2,2,2
25308,11,11,3
25317,3,3,2
25318,8,8,2
25325,10,10,2
25330,6,6,3
25338,2,2,2
25343,2,2,2
25355,6,6,3
25357,10,10,3
25364,8,8,2
25376,8,8,2
25382,6,6,3
25383,4,4,2
25388,2,2,2
25390,3,3,2
25434,2,2,2
25435,4,4,2
25444,3,3,2
25450,8,8,3
25457,2,2,2
25458,2,2,2
25465,7,7,2
25467,2,2,2
25470,7,7,2
25477,7,7,2
25478,8,8,2
25487,7,7,2
25499,2,2,2
25503,4,4,2
25517,5,5,2
25531,6,6,2
25539,9,9,2
25543,7,7,2
25560,6,6,2
25566,8,8,2
25568,6,6,2
25576,10,10,2
25579,2,2,2
25588,2,2,2
25596,7,7,2
256,10,10,2
25601,7,7,3
25609,12,12,3
25613,6,6,2
25615,2,2,2
25616,8,8,2
25644,7,7,2
25646,2,2,2
25647,2,2,2
25648,4,4,3
25650,5,5,2
25651,5,5,3
25653,4,4,2
25655,3,3,2
25658,3,3,2
25659,3,3,2
25660,6,6,2
25661,7,7,2
25662,2,2,2
25663,9,9,2
25666,4,4,3
25678,2,2,2
25696,11,11,3
25714,6,6,2
2572,11,11,2
25732,7,7,3
25744,7,7,2
25756,7,7,2
25775,7,7,2
25778,8,8,3
25787,10,10,2
25806,15,15,2
25837,4,4,3
25843,17,17,3
2585,7,7,2
25852,7,7,2
25854,17,17,4
25857,16,16,2
25858,17,17,2
25862,25,25,2
25863,3,3,2
2587,7,7,2
25879,8,8,3
25881,8,8,2
25895,4,4,2
25901,11,11,2
25939,7,7,2
25944,13,13,2
25954,6,6,2
25973,6,6,2
25975,6,6,2
25977,2,2,2
26010,12,12,2
26024,7,7,2
26049,3,3,2
26058,12,12,3
26064,2,2,2
26074,13,13,2
26076,2,2,2
26080,6,6,2
26086,7,7,2
2609,6,6,2
26099,6,6,2
26106,7,7,2
26112,10,10,2
26121,6,6,3
26126,8,8,2
26128,3,3,2
26131,4,4,2
26132,7,7,2
26136,6,6,2
26138,7,7,2
26145,6,6,2
26146,11,11,2
26151,25,25,6
26156,3,3,2
26169,13,13,2
26200,6,6,2
26207,9,9,2
2621,8,8,2
26213,9,9,2
26216,9,9,2
26224,15,15,3
26247,5,5,2
26251,2,2,2
26253,6,6,2
26262,7,7,2
26276,6,6,2
26297,2,2,2
2631,7,7,2
2632,3,3,2
26323,6,6,3
26344,2,2,2
26350,7,7,2
26351,10,10,2
26388,7,7,2
2639,3,3,2
26400,7,7,2
2641,11,11,2
26411,7,7,3
26450,7,7,2
26467,6,6,2
2647,7,7,2
26471,7,7,3
26485,10,10,5
2650,18,18,4
26505,3,3,2
26507,12,12,2
26517,14,14,2
26520,3,3,2
26521,6,6,3
26523,8,8,2
26528,7,7,2
26534,2,2,2
26535,3,3,2
26536,6,6,3
2654,6,6,2
26545,3,3,2
26554,7,7,2
26557,2,2,2
2657,7,7,2
26573,7,7,2
26587,8,8,2
26597,4,4,2
2660,7,7,2
2661,8,8,2
26610,2,2,2
26614,10,10,2
26619,10,10,2
26620,6,6,2
26630,4,4,2
26632,7,7,2
26641,6,6,2
26667,7,7,2
26678,7,7,2
26680,6,6,3
26688,7,7,2
26689,2,2,2
26691,6,6,2
26694,5,5,2
26701,8,8,2
26702,2,2,2
26705,8,8,3
26725,10,10,2
26727,6,6,2
26735,6,6,3
26750,6,6,2
26753,17,17,2
26754,4,4,2
26779,4,4,2
26786,7,7,2
26792,3,3,2
26795,7,7,3
26798,7,7,2
26811,8,8,2
2682,7,7,2
26829,2,2,2
26833,11,11,4
26849,8,8,3
26855,8,8,2
26864,8,8,2
26886,6,6,2
26898,2,2,2
26902,7,7,2
26903,7,7,2
26905,7,7,2
26906,8,8,4
26910,7,7,2
26930,17,17,2
26931,2,2,2
26940,7,7,2
26949,2,2,2
2695,7,7,2
26964,14,14,2
2698,7,7,2
26989,8,8,2
26992,11,11,2
26997,2,2,2
26998,11,11,3
2700,3,3,2
27013,9,9,2
27023,14,14,2
27029,16,16,4
2703,11,11,2
27043,2,2,2
27050,3,3,3
2706,10,10,2
27060,2,2,2
27062,2,2,2
27063,6,6,3
27064,2,2,2
27073,7,7,2
27096,6,6,2
27100,2,2,2
27103,2,2,2
27104,11,11,2
2711,18,18,4
27111,7,7,2
27117,10,10,2
27127,9,9,3
27137,5,5,2
27142,10,10,4
27145,8,8,4
27148,2,2,2
27162,2,2,2
2717,11,11,2
27173,10,10,2
27182,8,8,2
27197,3,3,2
2720,7,7,2
27210,2,2,2
27222,7,7,2
27225,7,7,3
27226,5,5,2
27242,6,6,2
27300,7,7,2
27306,8,8,3
27310,13,13,3
27319,11,11,2
27322,2,2,2
27325,16,16,2
27326,2,2,2
27329,9,9,2
27339,7,7,2
27347,6,6,2
2735,8,8,2
27362,10,10,2
27363,5,5,2
27367,2,2,2
27383,6,6,2
27389,5,5,2
27399,7,7,2
2740,2,2,2
27400,8,8,2
27424,11,11,3
27446,2,2,2
27451,7,7,2
27488,5,5,2
27495,4,4,2
27503,14,14,2
27515,10,10,2
27516,4,4,2
27529,3,3,2
27531,8,8,2
27533,11,11,2
27543,6,6,2
27574,2,2,2
27577,7,7,2
27584,2,2,2
27585,4,4,2
2759,7,7,2
27593,3,3,2
2760,7,7,2
27611,2,2,2
27613,2,2,2
27614,6,6,2
27618,7,7,2
27623,6,6,2
27626,6,6,2
27639,6,6,2
27641,15,15,2
27658,2,2,2
27670,9,9,2
27678,2,2,2
27680,4,4,2
27689,3,3,2
2769,7,7,2
27696,2,2,2
27703,2,2,2
27704,2,2,2
27705,6,6,4
27706,12,12,4
27707,17,17,2
27708,3,3,2
27727,2,2,2
27751,2,2,2
27771,3,3,2
2778,9,9,2
27800,5,5,4
27802,9,9,4
27804,9,9,2
27814,10,10,2
27818,13,13,3
27820,7,7,2
27821,8,8,2
27828,2,2,2
27833,8,8,2
27836,9,9,3
27849,7,7,2
27858,7,7,2
27869,10,10,3
27871,12,12,2
27873,20,20,3
27875,2,2,2
27878,15,15,2
27886,6,6,2
2789,8,8,2
27903,7,7,2
27906,8,8,2
27908,10,10,2
2791,9,9,4
27922,18,18,2
27926,25,25,5
27929,8,8,2
27936,6,6,2
27947,7,7,2
27952,9,9,3
27959,2,2,2
2796,2,2,2
2797,7,7,2
27976,7,7,2
27979,2,2,2
27983,4,4,2
27986,2,2,2
27990,7,7,2
27995,2,2,2
27998,11,11,2
27999,6,6,2
28,11,11,2
28002,8,8,2
28004,7,7,3
28007,4,4,3
28012,6,6,3
28013,4,4,2
28014,8,8,2
2803,7,7,2
28035,3,3,2
28049,2,2,2
28086,5,5,2
28102,2,2,2
28113,7,7,2
28119,10,10,3
28123,11,11,2
28130,6,6,2
28166,9,9,2
28193,10,10,2
28198,10,10,2
28200,6,6,2
28215,10,10,2
28228,16,16,3
2823,17,17,4
28240,13,13,2
28241,6,6,2
28242,8,8,2
28243,3,3,2
28244,2,2,2
28245,3,3,2
28247,2,2,2
28255,4,4,2
28268,8,8,2
28269,3,3,2
2827,6,6,2
28281,7,7,2
28282,5,5,2
28305,22,22,5
28307,6,6,2
28312,7,7,2
28313,9,9,2
2832,8,8,2
28326,4,4,2
28334,6,6,2
28340,7,7,2
28343,9,9,2
28345,17,17,2
28349,12,12,2
28353,8,8,2
28369,4,4,2
28370,7,7,2
28379,18,18,2
28389,9,9,2
28392,9,9,3
28395,9,9,2
28408,9,9,2
28415,9,9,2
28416,9,9,2
2842,8,8,4
28420,9,9,2
28421,8,8,2
28430,6,6,2
28436,7,7,2
28441,16,16,3
28446,7,7,2
28451,8,8,2
28452,8,8,2
28489,4,4,2
285,7,7,2
28510,6,6,2
28513,7,7,2
28528,16,16,2
28529,9,9,2
28534,6,6,2
28538,6,6,2
28545,6,6,2
28552,8,8,2
28561,8,8,2
28562,19,19,3
28569,7,7,2
28573,9,9,2
286,26,26,3
28621,12,12,2
28623,8,8,2
28624,2,2,2
28634,10,10,3
28635,16,16,4
28636,3,3,2
28637,8,8,2
28645,6,6,2
28651,12,12,2
28660,6,6,2
28663,9,9,2
28665,7,7,2
2867,12,12,2
28674,8,8,2
28676,10,10,2
28682,8,8,2
2869,6,6,2
28696,6,6,2
2870,2,2,2
28710,2,2,2
28711,8,8,2
28712,9,9,3
28713,10,10,3
28724,7,7,2
28731,11,11,2
28735,11,11,5
28748,16,16,2
28750,7,7,2
28756,12,12,2
28762,9,9,2
28766,7,7,2
28770,9,9,3
28778,6,6,2
28784,7,7,2
28792,4,4,2
28795,7,7,3
28797,13,13,3
2880,19,19,4
28802,14,14,2
28808,7,7,2
28818,9,9,2
28819,4,4,2
28843,3,3,2
28845,10,10,2
28848,7,7,2
2885,3,3,2
28852,5,5,3
28856,12,12,2
28859,5,5,2
28860,11,11,2
28861,17,17,2
28869,2,2,2
2887,10,10,2
28872,9,9,2
28886,6,6,2
28890,6,6,2
28892,7,7,2
289,9,9,2
28904,8,8,2
28919,12,12,2
2893,8,8,2
28935,5,5,2
28942,10,10,2
28951,7,7,2
28956,5,5,2
28981,6,6,2
28983,19,19,2
28984,7,7,2
2899,9,9,3
28992,3,3,2
28994,7,7,3
29010,11,11,2
29015,5,5,2
29017,7,7,2
29018,2,2,2
2904,7,7,3
29043,6,6,2
29044,2,2,2
29057,7,7,2
29062,4,4,3
29066,9,9,3
29068,12,12,2
29069,8,8,2
29071,2,2,2
29072,2,2,2
29078,2,2,2
29086,7,7,2
29114,8,8,2
29168,6,6,2
29170,11,11,2
29194,9,9,2
29203,7,7,2
29210,8,8,2
29213,8,8,2
2922,8,8,3
29229,8,8,2
2925,2,2,2
29260,10,10,2
2929,6,6,2
29311,10,10,2
29318,10,10,2
29329,12,12,2
29348,9,9,2
29376,11,11,2
29388,8,8,2
29398,13,13,2
29429,9,9,2
29431,2,2,2
29436,9,9,2
29460,7,7,2
29471,8,8,3
29478,7,7,2
29491,3,3,2
29492,8,8,3
29494,6,6,2
2952,13,13,2
29532,6,6,2
29538,6,6,2
29558,6,6,2
29559,4,4,2
29561,3,3,2
29575,9,9,3
29576,2,2,2
29578,5,5,2
29588,3,3,3
29589,4,4,2
29598,11,11,3
29631,8,8,4
29639,15,15,3
29645,3,3,3
29653,3,3,2
29656,7,7,2
29657,14,14,2
29661,7,7,2
29662,5,5,2
29664,14,14,2
29669,6,6,2
29676,6,6,2
29678,11,11,2
29681,2,2,2
29685,4,4,2
29692,10,10,2
2970,7,7,2
29700,5,5,2
29717,7,7,2
2973,8,8,2
29738,11,11,2
29739,6,6,2
29746,8,8,3
29753,9,9,3
29757,4,4,2
29763,8,8,2
29767,11,11,2
2977,7,7,2
29773,9,9,3
29783,7,7,2
29789,2,2,2
29803,16,16,2
29808,18,18,3
2981,10,10,3
29815,7,7,2
2983,5,5,2
29838,7,7,3
29846,9,9,2
2985,8,8,2
29851,6,6,4
29852,7,7,2
29859,2,2,2
29863,2,2,2
29867,6,6,2
29874,6,6,2
29878,8,8,2
29889,14,14,2
29893,9,9,2
29895,12,12,5
29896,6,6,2
29910,2,2,2
29920,5,5,2
29930,12,12,2
29933,6,6,2
29934,9,9,2
29936,3,3,2
2994,10,10,3
29947,8,8,2
2996,2,2,2
29962,8,8,2
29977,13,13,2
29988,9,9,2
2999,2,2,2
29990,6,6,2
29991,10,10,4
29992,7,7,2
30002,6,6,2
30005,12,12,2
30014,7,7,2
30020,23,23,5
30024,7,7,2
30026,23,23,3
30031,10,10,2
30036,17,17,2
30060,2,2,2
30067,6,6,2
30072,4,4,2
30076,19,19,2
30079,12,12,3
30094,8,8,2
30100,9,9,2
30102,9,9,2
30111,19,19,2
30113,8,8,2
30114,9,9,2
30122,2,2,2
30125,4,4,3
30132,7,7,3
30139,8,8,4
30140,6,6,2
30142,6,6,3
30155,6,6,2
30158,12,12,2
30160,12,12,2
30168,10,10,2
30169,11,11,2
30170,3,3,2
30195,9,9,3
30202,27,27,5
30204,8,8,2
30223,9,9,4
30231,7,7,2
30232,7,7,2
30235,10,10,2
30240,9,9,2
30250,7,7,2
30252,5,5,2
30253,4,4,3
30254,9,9,3
30261,7,7,2
30269,9,9,3
30277,6,6,2
30278,4,4,2
30288,7,7,2
3029,2,2,2
30314,6,6,2
30318,7,7,2
30327,9,9,2
3033,8,8,2
30330,9,9,2
30340,7,7,2
30344,24,24,3
30353,7,7,2
30355,17,17,5
30358,7,7,2
30364,6,6,2
30365,10,10,3
30368,7,7,2
30383,8,8,2
30396,8,8,2
30421,10,10,2
30427,14,14,2
3043,2,2,2
30430,8,8,3
30441,14,14,3
3045,10,10,2
30455,8,8,2
30460,13,13,2
30469,7,7,2
3047,2,2,2
30473,7,7,3
30474,8,8,2
30480,7,7,2
30487,8,8,2
30497,7,7,2
30501,8,8,3
30505,7,7,2
30506,8,8,2
30512,2,2,2
30516,8,8,4
30519,9,9,2
30525,14,14,3
30533,8,8,2
30540,2,2,2
30543,11,11,2
30544,11,11,2
30550,7,7,2
30553,7,7,2
30562,20,20,3
30565,7,7,2
30566,10,10,2
30591,12,12,2
30598,7,7,3
30600,7,7,2
30603,10,10,2
30611,2,2,2
30619,7,7,2
30628,7,7,3
30638,7,7,2
30663,4,4,2
30666,9,9,2
3067,7,7,2
30681,7,7,2
30685,10,10,2
3069,2,2,2
30696,10,10,4
30697,8,8,2
30706,4,4,3
30707,10,10,3
30708,8,8,2
30713,9,9,2
30714,2,2,2
30716,10,10,4
30723,9,9,2
30729,10,10,2
30746,4,4,2
30754,2,2,2
3077,3,3,3
30773,8,8,2
3078,8,8,2
30783,8,8,2
30785,11,11,3
30797,18,18,4
30798,7,7,2
30804,7,7,2
3082,2,2,2
30832,9,9,2
30857,3,3,2
30858,2,2,2
30859,3,3,2
3086,3,3,3
30864,8,8,2
30866,2,2,2
3087,9,9,4
30871,8,8,2
30878,7,7,2
30880,9,9,2
30882,9,9,3
30895,11,11,2
30899,10,10,2
30900,7,7,3
30901,13,13,3
30906,11,11,3
3091,2,2,2
30912,11,11,2
30913,12,12,2
30914,9,9,2
3092,4,4,2
30921,8,8,2
30924,12,12,2
3093,2,2,2
30930,7,7,2
30938,10,10,2
30944,7,7,2
30947,26,26,3
3098,2,2,2
30990,8,8,2
31015,8,8,2
3104,3,3,2
31042,11,11,3
31053,8,8,2
31054,5,5,2
31056,2,2,2
31065,2,2,2
31076,8,8,2
31087,4,4,2
31090,12,12,2
31093,21,21,4
31097,8,8,2
31099,13,13,2
31100,10,10,2
31104,3,3,2
31105,8,8,2
3113,8,8,2
31132,8,8,2
31139,11,11,2
3114,8,8,2
31161,19,19,7
31162,17,17,2
31166,15,15,2
31168,18,18,3
31175,5,5,2
31178,4,4,2
31179,2,2,2
31181,3,3,3
31182,8,8,2
31184,9,9,2
31202,3,3,2
31204,3,3,2
31207,12,12,2
3121,9,9,2
31212,2,2,2
31213,4,4,2
3122,8,8,2
31222,10,10,2
31227,12,12,2
31239,2,2,2
31246,14,14,2
31253,9,9,2
31256,9,9,2
31257,10,10,2
3126,8,8,2
31260,16,16,2
31273,4,4,2
31280,3,3,2
3131,2,2,2
31326,2,2,2
31329,7,7,2
31339,2,2,2
31341,8,8,4
31354,6,6,2
31433,5,5,2
31462,4,4,2
31497,9,9,2
31501,9,9,3
31505,3,3,2
31506,13,13,2
3151,14,14,2
3153,10,10,2
31535,8,8,3
31539,6,6,2
31544,10,10,2
31549,7,7,2
31550,8,8,2
31551,2,2,2
31559,8,8,2
31569,10,10,4
31571,5,5,2
31580,13,13,2
31601,10,10,3
31606,9,9,3
31607,3,3,3
31615,13,13,3
31639,8,8,2
3164,9,9,2
3165,2,2,2
31656,9,9,2
31659,8,8,2
31660,9,9,3
31662,4,4,3
3169,10,10,2
31694,4,4,2
3170,7,7,2
31708,12,12,3
31719,6,6,3
31725,2,2,2
31726,3,3,2
31730,25,25,2
31737,15,15,2
31740,9,9,2
31741,2,2,2
31742,14,14,2
31743,7,7,2
31748,3,3,2
31760,4,4,2
31767,10,10,2
31769,5,5,2
31776,2,2,2
31788,24,24,4
31792,8,8,2
31794,4,4,3
31811,11,11,5
31812,3,3,2
31813,11,11,3
31819,10,10,2
31828,10,10,2
3184,14,14,2
31842,7,7,2
31879,7,7,2
31916,11,11,4
31927,6,6,3
31932,9,9,2
31934,9,9,2
31937,13,13,2
31943,5,5,2
31954,6,6,3
31972,4,4,2
31977,8,8,2
31982,11,11,3
31987,8,8,4
31989,7,7,2
31995,7,7,2
32005,11,11,2
32012,9,9,2
32017,9,9,2
32035,7,7,2
32036,4,4,3
32037,6,6,2
32038,7,7,3
32045,9,9,3
32051,13,13,2
32053,11,11,2
32057,19,19,3
3207,3,3,2
3208,3,3,2
32082,10,10,4
32095,7,7,2
32097,4,4,3
32099,2,2,2
3210,2,2,2
3212,11,11,2
32124,9,9,2
32134,19,19,2
32145,8,8,2
32146,9,9,2
3215,5,5,2
32154,9,9,2
32157,8,8,2
32177,10,10,3
32179,8,8,2
32195,9,9,2
32197,8,8,2
32203,10,10,2
32221,6,6,2
32232,8,8,2
32238,3,3,2
3227,8,8,2
3228,7,7,2
32292,8,8,2
32298,7,7,2
32299,8,8,2
32300,4,4,2
32319,9,9,2
32324,4,4,2
32331,21,21,2
32352,2,2,2
3237,7,7,2
32377,7,7,2
32389,11,11,2
32390,7,7,3
32403,6,6,2
32409,8,8,2
32411,12,12,2
32412,3,3,2
3242,8,8,2
32439,2,2,2
32443,2,2,2
32445,4,4,2
32453,2,2,2
32460,24,24,2
32471,9,9,2
32478,11,11,2
32485,7,7,3
32487,9,9,3
32490,4,4,2
32512,7,7,2
32533,19,19,2
32556,7,7,2
32577,7,7,2
32578,12,12,2
32580,3,3,2
32584,7,7,2
32589,8,8,2
3259,7,7,2
3262,13,13,2
32630,9,9,3
32645,9,9,2
3266,11,11,2
32660,8,8,2
32666,12,12,2
3267,2,2,2
32680,8,8,2
32691,7,7,4
3271,14,14,2
32713,8,8,3
32726,9,9,2
3273,10,10,4
32732,11,11,2
32736,19,19,2
3274,11,11,3
32747,7,7,2
32756,13,13,3
32759,2,2,2
3276,17,17,2
32762,16,16,3
3278,6,6,2
32782,28,28,2
32784,7,7,3
32786,2,2,2
32788,6,6,2
32789,10,10,2
32794,7,7,2
32796,7,7,2
32798,10,10,2
32814,8,8,2
32832,9,9,2
32841,7,7,2
32845,19,19,3
32853,25,25,2
3289,6,6,2
32890,7,7,2
32891,8,8,2
32893,8,8,3
32894,6,6,2
32896,14,14,3
32900,8,8,2
3291,9,9,2
32911,9,9,2
32913,3,3,2
32922,8,8,2
3293,11,11,2
32930,7,7,2
32936,9,9,2
32962,11,11,2
32965,2,2,2
3297,7,7,2
32979,15,15,2
32986,15,15,2
3299,6,6,2
32990,30,30,5
32998,7,7,2
33011,13,13,8
33013,6,6,2
33016,7,7,2
33021,6,6,2
33025,12,12,2
33035,7,7,2
33038,7,7,2
3304,12,12,2
33047,15,15,2
33049,11,11,2
33055,16,16,3
33059,6,6,2
33065,6,6,2
33066,4,4,2
33068,15,15,3
33069,7,7,2
33075,7,7,2
33076,7,7,2
33088,5,5,3
3309,13,13,2
33097,7,7,2
331,8,8,2
3310,2,2,2
33106,7,7,3
33107,8,8,2
3312,8,8,2
33124,8,8,2
33140,4,4,2
33141,7,7,2
33150,10,10,2
33157,7,7,2
3316,7,7,2
3317,9,9,2
33173,8,8,2
33183,10,10,2
33185,7,7,3
3319,8,8,3
33191,4,4,2
3324,7,7,2
33242,7,7,2
33243,6,6,2
3327,8,8,2
333,7,7,2
33303,10,10,2
33305,8,8,2
33316,15,15,2
33322,9,9,3
33323,13,13,4
33331,3,3,2
33335,6,6,2
33336,8,8,2
33342,28,28,5
33343,23,23,4
33349,6,6,2
3335,7,7,2
33352,2,2,2
33353,9,9,2
33368,9,9,2
33377,3,3,3
33388,7,7,2
33389,11,11,2
33397,3,3,2
33409,2,2,2
33418,4,4,2
33422,9,9,3
33434,11,11,2
33436,3,3,2
33446,8,8,2
33456,11,11,2
33459,6,6,2
33475,6,6,2
33477,5,5,2
33489,9,9,3
33491,8,8,2
3350,7,7,2
33504,11,11,2
33505,10,10,2
33514,8,8,2
33518,3,3,3
33524,7,7,2
33525,10,10,2
33546,2,2,2
33591,8,8,2
3360,2,2,2
33606,5,5,2
33614,11,11,2
33616,4,4,2
33622,3,3,2
33634,2,2,2
33635,7,7,2
33637,2,2,2
33648,5,5,2
33658,2,2,2
33667,3,3,2
33673,2,2,2
33674,7,7,2
33676,3,3,2
33680,9,9,2
33681,2,2,2
33686,5,5,2
33688,3,3,3
33695,8,8,2
33720,2,2,2
33721,3,3,2
33722,6,6,2
33726,6,6,2
33734,8,8,2
3374,15,15,4
33749,11,11,2
33770,9,9,3
33777,11,11,2
33782,15,15,2
33783,9,9,2
33787,8,8,3
33792,3,3,3
33819,3,3,2
33831,18,18,3
33833,9,9,3
33847,3,3,3
33851,8,8,2
33858,6,6,2
33859,7,7,2
33860,3,3,2
33861,5,5,3
33872,10,10,2
33874,4,4,2
33878,3,3,2
33879,10,10,4
33899,10,10,2
33901,7,7,2
33917,2,2,2
33944,7,7,2
33959,8,8,3
3396,10,10,2
33967,7,7,2
33976,7,7,2
33978,4,4,2
33985,8,8,3
33987,4,4,3
33988,3,3,3
33992,4,4,3
34001,6,6,3
34004,2,2,2
34005,2,2,2
34013,8,8,3
34020,4,4,2
34030,11,11,3
34031,7,7,2
34061,7,7,2
34100,15,15,2
34101,11,11,2
3412,11,11,2
34129,6,6,2
34132,10,10,3
34133,2,2,2
34135,12,12,3
34137,3,3,2
34142,3,3,2
34144,4,4,2
34150,13,13,3
34157,8,8,2
34163,8,8,2
34175,4,4,2
34177,2,2,2
34178,2,2,2
34179,12,12,2
34183,3,3,2
34185,3,3,2
34196,8,8,2
34199,2,2,2
34202,8,8,4
34203,2,2,2
34259,5,5,2
34282,3,3,2
34285,8,8,2
34288,3,3,2
3429,9,9,2
34297,3,3,3
34298,4,4,2
3430,7,7,3
34300,3,3,2
34306,6,6,4
3431,7,7,2
34315,3,3,2
34317,5,5,2
34325,5,5,2
3434,8,8,2
34341,8,8,2
34354,29,29,6
34382,9,9,2
34398,9,9,2
34404,6,6,2
34428,6,6,3
34441,11,11,2
34442,8,8,2
34466,7,7,3
34478,8,8,2
3448,10,10,2
34484,6,6,2
34503,5,5,2
34504,2,2,2
34509,9,9,2
34513,5,5,3
34515,6,6,2
34522,4,4,2
34525,8,8,2
34536,5,5,2
3455,7,7,2
34553,11,11,2
34561,2,2,2
34565,8,8,2
34567,9,9,2
34568,11,11,2
3457,6,6,2
34574,11,11,2
34575,22,22,4
34577,6,6,2
34579,12,12,3
34581,2,2,2
34599,7,7,2
34600,7,7,2
34602,3,3,2
34603,9,9,2
34607,8,8,2
34626,6,6,3
34662,9,9,2
34694,8,8,2
34709,2,2,2
34711,11,11,2
3472,11,11,2
34731,9,9,2
34733,20,20,2
3474,12,12,3
34752,8,8,2
34759,8,8,2
34760,10,10,3
34767,7,7,2
34771,8,8,2
34785,9,9,2
34796,4,4,2
34797,4,4,2
34808,3,3,2
34811,10,10,2
34813,2,2,2
34815,5,5,4
34817,2,2,2
34818,2,2,2
34820,5,5,2
34821,7,7,3
34833,6,6,2
34838,2,2,2
34841,6,6,3
34847,8,8,2
34854,2,2,2
34859,3,3,3
3486,12,12,2
34868,5,5,2
34872,3,3,2
34874,4,4,2
34884,11,11,2
34899,2,2,2
3492,12,12,2
34933,3,3,2
34960,9,9,2
34964,7,7,3
34967,10,10,2
3500,8,8,2
35003,10,10,2
3501,12,12,3
35026,3,3,2
35027,3,3,2
35036,2,2,2
35041,2,2,2
35049,2,2,2
35060,3,3,2
3507,12,12,2
35075,2,2,2
35091,2,2,2
35097,10,10,2
3510,7,7,2
35104,6,6,3
35105,6,6,2
35120,2,2,2
35136,9,9,3
35168,4,4,2
35171,4,4,3
35191,2,2,2
35196,2,2,2
3522,7,7,2
35239,3,3,2
35247,5,5,2
3526,7,7,2
3527,8,8,2
3528,27,27,4
35285,2,2,2
35294,2,2,2
3531,6,6,2
35317,9,9,3
3538,7,7,2
35453,8,8,2
35456,8,8,2
35458,18,18,2
35460,5,5,2
35464,10,10,2
35466,11,11,6
35477,5,5,2
3549,10,10,2
35490,8,8,2
35493,3,3,2
35494,6,6,2
35512,9,9,3
35513,6,6,2
35514,5,5,3
3553,6,6,3
35530,9,9,2
35537,9,9,2
35538,8,8,3
3554,18,18,2
35541,9,9,2
35551,5,5,2
35554,7,7,2
35556,3,3,2
35562,9,9,4
3557,8,8,2
35574,2,2,2
35575,8,8,2
35577,2,2,2
35578,5,5,2
3558,8,8,2
35583,5,5,3
35585,9,9,3
35586,8,8,3
3559,7,7,2
35590,9,9,2
35596,8,8,2
35600,3,3,2
35602,7,7,2
35603,4,4,2
35606,3,3,2
35613,6,6,2
35614,7,7,4
35620,4,4,2
35622,3,3,2
35626,12,12,2
35637,7,7,2
35639,7,7,2
35646,3,3,2
35647,8,8,3
3565,8,8,2
35650,4,4,2
35660,13,13,2
35661,2,2,2
35662,6,6,2
35692,4,4,2
35693,8,8,4
35694,6,6,2
3570,19,19,3
35702,7,7,2
35705,14,14,2
35708,9,9,2
3571,10,10,3
35710,10,10,2
35719,6,6,2
35721,13,13,2
35754,7,7,2
35758,4,4,2
35760,8,8,2
35764,10,10,3
35786,7,7,3
35788,17,17,4
35790,3,3,2
35791,4,4,3
35798,11,11,3
35799,9,9,2
3580,8,8,2
3581,10,10,2
35812,3,3,2
35821,4,4,2
35822,2,2,2
35823,2,2,2
35851,9,9,3
35886,9,9,2
35892,9,9,2
359,7,7,2
3590,8,8,2
35901,6,6,2
35902,10,10,2
35905,9,9,2
3591,7,7,2
35934,2,2,2
35947,7,7,2
35971,2,2,2
3598,15,15,2
35982,5,5,2
35989,2,2,2
35992,4,4,2
36002,11,11,2
36003,7,7,2
36004,7,7,2
36010,11,11,2
36013,14,14,3
36014,4,4,2
36019,9,9,2
36027,3,3,2
36035,8,8,2
36059,8,8,2
3606,9,9,2
36062,11,11,2
36068,9,9,2
36072,12,12,3
36080,11,11,3
36081,2,2,2
36082,8,8,2
36084,8,8,3
36087,6,6,2
36088,8,8,2
36095,6,6,2
36103,3,3,2
36104,7,7,2
36120,9,9,2
36127,11,11,3
3613,10,10,2
36141,13,13,2
36146,4,4,2
36152,7,7,2
36155,7,7,2
36162,14,14,2
36173,28,28,6
3619,16,16,4
3621,9,9,2
36216,3,3,2
36226,10,10,2
36266,12,12,2
36270,6,6,2
36275,10,10,2
36280,2,2,2
36282,5,5,2
36288,8,8,2
36304,7,7,2
3632,12,12,2
36335,7,7,2
36339,6,6,2
36341,7,7,2
36342,8,8,2
36347,10,10,4
36350,2,2,2
36351,11,11,2
36355,8,8,2
36357,9,9,3
3638,22,22,6
3641,8,8,2
36423,9,9,2
36425,2,2,2
36428,17,17,2
36450,17,17,2
36467,2,2,2
36472,4,4,2
36473,2,2,2
36474,10,10,2
36477,8,8,2
36486,11,11,2
36488,8,8,3
36492,8,8,2
36497,15,15,2
36498,7,7,3
36500,2,2,2
3651,8,8,2
36517,7,7,2
36544,3,3,2
36552,9,9,2
3656,2,2,2
36576,2,2,2
3658,8,8,2
36582,12,12,2
36592,2,2,2
36594,2,2,2
3660,11,11,3
36604,2,2,2
36605,7,7,2
36608,12,12,2
3662,8,8,2
36620,8,8,2
36623,14,14,3
36624,7,7,2
3663,10,10,2
36635,2,2,2
3664,14,14,4
36640,2,2,2
36657,5,5,2
36663,2,2,2
36681,3,3,2
36684,8,8,2
3670,8,8,2
3673,10,10,4
36737,4,4,2
36747,6,6,2
36756,14,14,2
36761,8,8,2
36764,7,7,2
36765,8,8,2
36770,7,7,2
36773,9,9,2
36794,9,9,2
36797,3,3,2
36833,2,2,2
36843,2,2,2
3687,7,7,2
36887,2,2,2
36889,2,2,2
36895,2,2,2
36910,6,6,2
36913,2,2,2
36918,7,7,2
36937,7,7,2
3695,10,10,3
3696,7,7,2
3697,7,7,2
36972,8,8,2
36981,14,14,2
36984,9,9,2
3699,7,7,2
36993,15,15,2
36995,7,7,2
36999,6,6,2
37004,9,9,2
37006,6,6,2
3701,9,9,3
37011,10,10,2
37022,12,12,2
37025,9,9,2
37029,6,6,2
3703,56,56,3
37054,3,3,2
3706,10,10,2
371,17,17,4
3710,8,8,2
3711,6,6,2
37115,10,10,2
3712,8,8,3
37136,7,7,2
37137,8,8,2
37138,8,8,2
37146,9,9,3
37156,7,7,2
37161,7,7,3
37165,6,6,2
37171,7,7,2
37175,5,5,3
37178,6,6,2
3718,10,10,2
37185,10,10,2
37196,11,11,2
37209,2,2,2
3722,20,20,3
37223,16,16,3
37228,9,9,2
37230,7,7,2
37231,6,6,2
37240,17,17,2
37243,12,12,2
37253,4,4,2
37257,7,7,2
3726,8,8,2
37279,7,7,2
37305,10,10,2
37309,9,9,2
3731,8,8,2
37333,7,7,2
37358,9,9,2
37359,2,2,2
37362,2,2,2
37382,6,6,2
3739,10,10,2
3742,18,18,5
3744,4,4,2
37480,8,8,3
37546,9,9,2
37596,27,27,2
37598,8,8,2
37647,10,10,2
37650,8,8,2
37658,22,22,3
37659,11,11,2
37687,12,12,3
37693,8,8,2
37694,16,16,2
37697,8,8,2
37699,3,3,2
37704,2,2,2
37705,9,9,2
37708,3,3,2
37709,9,9,3
37723,2,2,2
37725,6,6,2
37730,8,8,2
37792,13,13,2
37794,3,3,2
37802,7,7,2
37831,7,7,2
37862,8,8,2
37875,12,12,2
37879,2,2,2
37881,2,2,2
37883,6,6,4
37887,8,8,2
37890,9,9,2
37894,8,8,2
37896,5,5,3
37897,6,6,3
37928,10,10,3
37940,7,7,2
37947,6,6,2
37956,7,7,2
37965,11,11,2
37969,8,8,2
37974,7,7,2
37976,7,7,2
37987,9,9,2
37993,4,4,2
37997,3,3,2
38003,3,3,2
38004,5,5,2
38020,4,4,3
38023,4,4,3
38026,9,9,2
38027,6,6,2
38029,3,3,2
38033,9,9,2
38043,6,6,2
38044,2,2,2
38045,8,8,2
38049,3,3,2
3805,10,10,2
38054,3,3,2
38061,2,2,2
38063,11,11,4
38064,3,3,2
38065,10,10,2
38066,11,11,3
38069,16,16,3
38070,2,2,2
38072,6,6,2
38078,13,13,3
38079,9,9,2
38082,4,4,2
38083,10,10,2
38085,6,6,2
38090,8,8,3
38095,11,11,2
38097,5,5,2
38103,11,11,2
38125,8,8,2
38127,9,9,2
38133,10,10,2
38148,9,9,3
38150,2,2,2
38158,3,3,2
38159,2,2,2
38160,10,10,2
38161,2,2,2
38163,7,7,2
38169,8,8,3
3817,9,9,3
38173,3,3,2
38187,10,10,2
38189,2,2,2
38190,2,2,2
38202,3,3,2
3821,28,28,6
38216,6,6,2
3822,11,11,2
38221,7,7,2
38223,3,3,2
38224,2,2,2
38225,2,2,2
38226,8,8,2
38227,2,2,2
38231,3,3,2
38233,3,3,2
38234,7,7,3
38235,2,2,2
38237,7,7,2
38239,3,3,2
38250,7,7,2
38266,2,2,2
38267,8,8,2
38268,2,2,2
38269,2,2,2
3827,11,11,2
38270,3,3,2
38271,2,2,2
38272,9,9,3
38273,2,2,2
38274,3,3,2
38305,2,2,2
38306,7,7,2
38310,11,11,2
3832,8,8,2
38321,2,2,2
38322,4,4,3
38327,8,8,2
38348,7,7,2
38349,7,7,3
38369,8,8,2
38380,8,8,2
38386,6,6,2
38391,8,8,3
38392,8,8,2
38405,10,10,2
38414,8,8,2
38422,4,4,2
3843,10,10,2
38442,4,4,2
38443,4,4,2
38445,3,3,2
38446,8,8,2
38450,4,4,2
38455,7,7,3
38469,3,3,2
38470,9,9,2
38472,8,8,2
38477,19,19,2
38478,2,2,2
38480,6,6,2
38491,7,7,2
38496,8,8,3
38497,11,11,3
38501,10,10,2
38520,8,8,2
38521,9,9,4
38524,7,7,2
38529,14,14,2
3853,13,13,3
38531,17,17,4
38532,8,8,2
38533,10,10,2
3854,8,8,2
38543,7,7,2
38544,8,8,2
38551,7,7,2
38559,9,9,2
38562,2,2,2
38563,4,4,2
38576,4,4,3
38577,2,2,2
38578,12,12,3
38586,7,7,2
38587,14,14,2
38589,8,8,2
38593,6,6,2
38595,5,5,2
38606,9,9,2
38608,7,7,2
38619,4,4,2
38620,9,9,2
38625,9,9,2
38628,3,3,2
38629,8,8,3
38640,7,7,2
38641,11,11,3
38643,2,2,2
38645,4,4,2
38653,3,3,3
38687,7,7,2
38689,7,7,2
38695,6,6,2
38702,9,9,2
38708,2,2,2
38712,6,6,3
38719,6,6,2
38726,7,7,2
38731,7,7,2
3874,8,8,2
38741,8,8,2
38744,6,6,2
38745,8,8,3
38750,7,7,3
38752,8,8,2
38758,15,15,2
38768,2,2,2
38771,2,2,2
38778,10,10,2
3878,7,7,2
38782,6,6,2
38788,7,7,2
38789,6,6,2
3880,10,10,2
38809,7,7,2
38836,7,7,2
38843,7,7,2
38848,2,2,2
38850,5,5,2
38877,2,2,2
38880,8,8,2
38882,7,7,2
38883,7,7,2
38893,7,7,2
38895,2,2,2
38896,2,2,2
38900,4,4,3
38902,7,7,2
38911,7,7,2
38916,3,3,2
38930,2,2,2
38938,12,12,3
38939,2,2,2
38955,5,5,2
38971,10,10,2
38974,11,11,3
38975,7,7,2
38976,7,7,2
38977,2,2,2
38981,8,8,2
38998,8,8,2
38999,6,6,2
39000,6,6,2
39028,12,12,2
39035,7,7,2
39038,5,5,2
39041,11,11,2
39058,4,4,2
39083,5,5,2
39093,2,2,2
39102,3,3,2
3911,13,13,2
39113,19,19,2
39115,26,26,5
39138,4,4,2
3914,13,13,2
39149,2,2,2
39159,8,8,2
3916,7,7,2
3919,8,8,2
39190,2,2,2
39204,8,8,2
39209,3,3,2
39211,4,4,3
39218,9,9,3
39219,12,12,4
39223,2,2,2
39228,6,6,2
39231,3,3,2
39234,7,7,2
3924,3,3,2
3925,7,7,2
39253,4,4,2
39255,2,2,2
39269,7,7,2
39282,13,13,2
39285,3,3,2
39288,2,2,2
39299,5,5,2
39331,8,8,2
39355,7,7,2
39360,7,7,2
3937,18,18,3
39389,10,10,2
39392,5,5,2
39393,11,11,2
39444,9,9,2
39450,21,21,2
39465,27,27,5
39468,14,14,2
3948,32,32,5
39487,24,24,3
39496,4,4,2
39500,4,4,2
39502,2,2,2
3951,17,17,2
39523,6,6,2
39528,6,6,3
39530,3,3,2
39537,9,9,3
39538,2,2,2
39539,8,8,3
39549,5,5,3
39574,3,3,2
39576,2,2,2
39577,4,4,2
39591,14,14,5
39595,3,3,3
39599,9,9,2
39608,8,8,2
39617,12,12,2
39618,9,9,3
39632,4,4,2
39637,9,9,2
39638,5,5,2
39639,7,7,2
3965,12,12,3
39661,7,7,3
39669,11,11,2
39678,6,6,2
39682,4,4,3
39683,2,2,2
39700,7,7,2
39706,8,8,2
3972,7,7,2
39737,2,2,2
39743,6,6,2
39744,9,9,2
39761,7,7,2
39762,9,9,2
39765,8,8,2
39781,12,12,3
398,5,5,2
39805,11,11,2
39828,2,2,2
39829,4,4,2
39850,7,7,2
39857,3,3,2
3986,9,9,2
39865,5,5,2
39874,11,11,2
39885,7,7,2
3989,8,8,3
3990,13,13,2
39911,7,7,2
39917,10,10,2
39947,7,7,2
39948,9,9,2
3995,10,10,2
3996,7,7,2
39965,10,10,3
39967,14,14,3
39969,8,8,3
39972,11,11,3
3999,11,11,2
39999,7,7,2
4,11,11,2
40010,6,6,2
40017,7,7,2
40022,3,3,2
40035,10,10,3
40040,2,2,2
40047,4,4,2
40050,8,8,2
40056,6,6,2
40081,6,6,2
40086,6,6,2
4009,9,9,3
40094,11,11,2
40113,9,9,3
40119,10,10,2
4014,4,4,2
40147,2,2,2
40148,6,6,2
40150,3,3,2
40169,2,2,2
40172,2,2,2
40173,3,3,2
40175,3,3,2
40178,3,3,2
40190,7,7,2
40198,8,8,2
40212,10,10,2
40216,7,7,2
40219,7,7,2
40231,5,5,2
40290,5,5,2
40306,5,5,2
40316,2,2,2
40320,7,7,2
40337,16,16,2
4034,9,9,2
40347,7,7,3
4036,9,9,2
40363,6,6,2
4037,7,7,2
4041,6,6,2
40427,2,2,2
40456,4,4,2
40470,10,10,3
40516,8,8,2
40519,7,7,2
40530,9,9,2
40547,9,9,2
40565,2,2,2
4057,9,9,2
40574,5,5,2
40580,9,9,2
40583,12,12,2
40594,7,7,2
4060,8,8,2
40608,16,16,2
4061,8,8,2
40624,8,8,2
40635,3,3,3
4064,5,5,2
40641,6,6,2
40643,2,2,2
40645,9,9,2
40649,3,3,2
40656,2,2,2
40669,5,5,2
40706,7,7,2
4071,4,4,2
40713,7,7,2
4072,8,8,3
40724,7,7,2
40725,8,8,2
40738,6,6,2
40751,9,9,2
40792,2,2,2
40793,2,2,2
40803,6,6,2
40809,14,14,3
40835,8,8,2
4089,12,12,2
40967,6,6,2
40969,3,3,2
40971,3,3,2
40975,6,6,2
40982,2,2,2
40983,12,12,2
40984,4,4,2
40985,2,2,2
40991,2,2,2
40994,2,2,2
41008,8,8,2
41014,10,10,2
41024,8,8,2
41042,11,11,2
41060,12,12,2
41061,10,10,2
41077,6,6,2
41078,7,7,2
41085,7,7,2
41092,9,9,4
41101,20,20,2
41106,8,8,2
41117,6,6,2
4112,8,8,2
4114,11,11,2
41169,8,8,2
4117,9,9,2
4118,30,30,2
41213,2,2,2
4122,12,12,2
41232,7,7,2
41240,11,11,2
41252,7,7,2
41255,6,6,2
41265,9,9,2
4127,9,9,2
41273,7,7,2
41275,2,2,2
41279,5,5,2
41287,14,14,2
413,10,10,2
41307,13,13,2
4131,23,23,3
41316,8,8,2
4133,8,8,2
41335,10,10,2
41369,2,2,2
4138,13,13,4
41390,13,13,2
41394,7,7,2
41395,11,11,3
41400,10,10,3
41417,4,4,2
41421,9,9,2
41430,2,2,2
41439,9,9,3
41440,2,2,2
41450,7,7,2
41466,2,2,2
41469,12,12,4
4147,8,8,2
41477,2,2,2
41478,2,2,2
41481,2,2,2
41493,6,6,3
41494,2,2,2
41503,3,3,2
41508,10,10,3
41510,3,3,3
41512,8,8,2
41515,6,6,2
41517,3,3,2
41525,7,7,2
41532,2,2,2
41537,2,2,2
41538,11,11,2
41542,9,9,3
41558,10,10,2
41568,6,6,2
41585,9,9,3
41593,2,2,2
41631,11,11,3
41639,2,2,2
41655,7,7,2
41662,11,11,3
41663,2,2,2
41664,7,7,4
41673,4,4,2
41674,3,3,2
41676,7,7,2
41678,7,7,3
41679,3,3,2
41680,4,4,2
41687,10,10,2
41689,9,9,2
41693,2,2,2
41694,8,8,2
41696,3,3,2
4171,9,9,2
41717,3,3,2
41724,4,4,2
41771,14,14,3
41806,4,4,2
41816,2,2,2
41840,10,10,2
41842,11,11,2
41863,10,10,2
41865,3,3,3
41866,11,11,3
41871,6,6,2
41882,6,6,2
41886,11,11,2
4189,21,21,8
4190,7,7,2
4191,10,10,2
41910,2,2,2
41918,3,3,2
41935,2,2,2
41965,3,3,2
41966,4,4,2
41974,6,6,2
41987,2,2,2
42002,11,11,2
42006,8,8,3
42027,7,7,2
42047,2,2,2
4207,14,14,2
42071,7,7,2
4208,6,6,2
42081,2,2,2
42092,10,10,2
42093,3,3,2
42097,9,9,2
42108,4,4,2
42109,2,2,2
42112,2,2,2
42119,2,2,2
42121,3,3,2
42123,6,6,2
42135,2,2,2
4217,7,7,2
42177,2,2,2
4218,14,14,3
4221,8,8,2
42244,2,2,2
42336,9,9,2
4234,9,9,4
42341,12,12,2
42354,8,8,2
42378,21,21,2
42388,6,6,2
42390,11,11,2
42392,23,23,4
42396,4,4,2
42397,3,3,3
42401,5,5,2
42402,8,8,2
42403,11,11,2
42415,2,2,2
42417,6,6,2
42418,9,9,4
42419,4,4,2
4242,6,6,2
42421,3,3,3
42422,7,7,2
42424,21,21,4
42425,7,7,2
42427,2,2,2
42428,12,12,2
4243,11,11,2
42441,8,8,2
42443,10,10,2
42447,5,5,2
42448,4,4,2
42454,8,8,2
42460,2,2,2
42465,4,4,3
4248,8,8,2
42480,5,5,3
42481,3,3,2
42482,7,7,3
42496,6,6,2
42497,8,8,3
4250,7,7,2
42501,7,7,3
42505,3,3,3
42506,9,9,2
42508,2,2,2
4251,7,7,2
42513,6,6,2
42514,8,8,2
42515,3,3,3
42521,7,7,2
42525,9,9,2
42527,2,2,2
42529,5,5,4
4253,12,12,2
42530,2,2,2
4254,7,7,2
42550,2,2,2
42552,2,2,2
42553,2,2,2
42554,2,2,2
42555,4,4,3
42578,8,8,2
4258,7,7,2
42595,3,3,2
4260,13,13,2
42604,2,2,2
42606,7,7,2
42613,7,7,2
42616,14,14,2
42653,2,2,2
4266,7,7,2
4268,7,7,2
42695,7,7,2
4270,8,8,2
4271,26,26,4
42724,2,2,2
42728,2,2,2
42732,3,3,2
42734,5,5,3
42742,7,7,2
42755,5,5,2
42771,9,9,2
42772,3,3,3
4278,6,6,2
42783,3,3,3
4279,4,4,2
42810,3,3,3
42812,3,3,2
4282,8,8,2
4284,14,14,2
42844,7,7,2
42856,26,26,2
42860,3,3,2
4287,7,7,2
42873,8,8,3
42874,4,4,3
42875,5,5,2
42876,9,9,3
42878,7,7,2
42879,7,7,2
42880,3,3,3
42881,9,9,3
42883,6,6,2
42884,8,8,5
42888,7,7,2
4289,9,9,2
42890,16,16,3
42894,7,7,2
42897,8,8,2
42901,7,7,2
42908,7,7,2
42911,7,7,2
42921,7,7,2
42922,4,4,2
42923,7,7,6
42924,5,5,5
42927,8,8,2
42936,8,8,2
42937,6,6,2
42945,7,7,2
4295,10,10,2
42959,12,12,2
4296,14,14,3
42961,9,9,2
42969,19,19,4
42978,8,8,3
42979,9,9,3
4298,10,10,2
42990,2,2,2
42991,8,8,2
42992,2,2,2
42994,14,14,3
42996,4,4,2
42998,6,6,3
42999,3,3,3
43,7,7,2
43004,6,6,2
43009,7,7,2
43010,14,14,2
43012,15,15,2
43013,10,10,2
43014,5,5,4
43019,2,2,2
43020,3,3,2
43030,7,7,2
43039,3,3,3
43042,7,7,2
43052,8,8,2
43064,10,10,2
43071,8,8,2
43081,8,8,2
43086,3,3,2
43087,2,2,2
43091,9,9,3
4310,10,10,2
43106,7,7,2
43108,7,7,2
4311,13,13,2
43110,7,7,2
43127,8,8,2
43130,8,8,2
43134,7,7,2
43139,7,7,2
43140,11,11,2
43146,6,6,2
43147,4,4,2
43148,2,2,2
43149,7,7,3
43152,9,9,2
43155,7,7,2
43163,2,2,2
43168,2,2,2
4317,2,2,2
43181,2,2,2
43183,2,2,2
43184,3,3,2
43185,2,2,2
43186,12,12,3
43188,7,7,2
43193,7,7,2
43194,7,7,2
43198,7,7,2
43204,6,6,2
43209,9,9,2
43215,10,10,2
43222,5,5,3
43223,6,6,2
43226,3,3,3
43227,7,7,2
43229,7,7,2
43231,2,2,2
43232,2,2,2
43236,2,2,2
43237,11,11,2
43247,8,8,2
43251,8,8,2
43270,7,7,2
43288,2,2,2
43289,6,6,2
43296,7,7,2
43297,6,6,2
43304,8,8,2
43321,8,8,3
43328,8,8,2
43334,7,7,2
43340,7,7,2
43350,12,12,3
43352,3,3,2
43354,2,2,2
43355,8,8,2
43369,5,5,2
43378,7,7,2
4338,6,6,2
43390,7,7,2
43394,3,3,2
43401,7,7,2
43403,7,7,2
43405,7,7,2
43407,6,6,2
43421,9,9,2
43423,10,10,3
43427,2,2,2
43432,6,6,2
43442,7,7,3
43455,7,7,2
43458,3,3,3
43460,5,5,3
43461,11,11,2
43463,2,2,2
43465,7,7,2
4347,11,11,2
43472,7,7,2
43476,7,7,2
43480,3,3,2
43489,8,8,2
43490,6,6,2
43493,9,9,2
435,7,7,2
43506,10,10,2
43523,6,6,2
43524,8,8,3
43538,8,8,2
43544,2,2,2
4355,4,4,2
43557,7,7,2
43569,6,6,2
43574,7,7,2
43593,8,8,2
43606,8,8,2
43610,7,7,2
43618,8,8,2
43624,7,7,2
43625,6,6,2
43630,11,11,2
43635,7,7,2
4364,10,10,3
43648,2,2,2
43649,7,7,2
43651,2,2,2
43653,7,7,2
43656,4,4,2
43658,2,2,2
43660,7,7,2
43661,8,8,2
43671,7,7,2
4368,7,7,2
43696,7,7,2
43715,8,8,2
43726,3,3,2
43728,7,7,2
43729,7,7,2
4373,10,10,2
43732,2,2,2
43737,4,4,2
43738,15,15,3
43745,8,8,3
43769,7,7,2
43771,9,9,2
43786,7,7,2
43810,7,7,2
43814,6,6,2
43821,10,10,2
43824,2,2,2
43825,2,2,2
43828,8,8,2
43829,3,3,3
43830,8,8,2
43831,10,10,2
43833,12,12,3
4384,9,9,3
43843,10,10,4
43844,2,2,2
43846,2,2,2
43848,10,10,2
43849,6,6,3
43850,5,5,3
43855,9,9,4
43859,7,7,2
43860,5,5,3
43871,7,7,2
43873,7,7,2
43875,7,7,2
43879,10,10,4
4388,8,8,2
43883,4,4,2
43886,10,10,3
43888,2,2,2
43895,8,8,2
43900,2,2,2
43918,3,3,2
43919,3,3,2
4392,2,2,2
43929,9,9,2
43930,6,6,2
43931,2,2,2
43936,7,7,2
43942,3,3,2
43943,2,2,2
43946,4,4,2
43953,6,6,2
43958,7,7,2
43967,2,2,2
43969,7,7,2
43980,8,8,2
44005,6,6,2
44009,29,29,14
44010,4,4,4
44011,11,11,2
44017,4,4,4
44018,2,2,2
44020,11,11,2
44021,2,2,2
44022,2,2,2
44023,6,6,4
44027,9,9,3
44033,6,6,2
4405,14,14,2
44064,7,7,2
44068,2,2,2
44069,6,6,2
44070,8,8,4
44090,3,3,2
44093,3,3,2
4412,11,11,2
44125,2,2,2
44144,12,12,4
44175,6,6,2
44177,4,4,2
44184,2,2,2
44200,3,3,2
44202,6,6,2
44207,7,7,2
44209,7,7,2
4421,4,4,2
4422,8,8,3
44223,2,2,2
44225,7,7,2
44226,18,18,4
44229,12,12,2
44233,7,7,2
4424,2,2,2
44257,9,9,2
44258,3,3,2
4426,10,10,2
44274,7,7,4
44277,3,3,2
44282,7,7,2
4429,9,9,2
44299,2,2,2
44309,2,2,2
44310,4,4,4
44311,4,4,3
44319,10,10,3
4433,6,6,2
44332,10,10,2
44335,7,7,2
44338,3,3,3
44340,2,2,2
44350,9,9,2
44358,5,5,3
44359,9,9,2
44363,3,3,2
44366,2,2,2
44374,11,11,2
4438,10,10,2
44385,9,9,3
44403,2,2,2
44404,7,7,2
44406,4,4,3
44407,10,10,4
44408,3,3,2
44410,3,3,2
44414,2,2,2
44427,2,2,2
44428,7,7,2
44430,12,12,2
44435,8,8,2
4444,9,9,3
44453,7,7,2
44457,15,15,2
44458,8,8,2
44468,8,8,2
4447,8,8,2
44475,6,6,3
44483,2,2,2
44488,8,8,2
44501,8,8,2
44503,2,2,2
44504,2,2,2
44505,2,2,2
4451,6,6,2
44516,3,3,2
44517,6,6,2
44518,5,5,2
4453,10,10,2
4456,12,12,2
4460,2,2,2
44690,8,8,2
44692,9,9,2
44694,8,8,2
44696,16,16,3
44697,21,21,4
44704,8,8,2
44711,21,21,2
44720,7,7,2
44725,8,8,2
44749,7,7,2
44763,2,2,2
44768,2,2,2
44771,2,2,2
4481,10,10,3
4492,8,8,2
44923,3,3,2
44949,6,6,2
44951,3,3,2
44965,3,3,2
44983,9,9,2
4499,9,9,2
45003,3,3,2
45004,4,4,2
45007,3,3,2
45008,2,2,2
45019,3,3,2
45020,2,2,2
45022,8,8,2
45026,2,2,2
45032,2,2,2
45043,2,2,2
45059,8,8,2
45067,8,8,2
45084,3,3,3
4509,13,13,2
45095,20,20,8
45096,6,6,2
4513,6,6,2
4516,6,6,2
45171,10,10,2
45238,7,7,2
4524,6,6,2
45241,8,8,3
45252,7,7,2
45256,8,8,2
45279,2,2,2
45284,7,7,2
45289,2,2,2
4529,9,9,2
45293,8,8,2
45308,2,2,2
4531,8,8,2
4532,8,8,2
4533,9,9,2
4536,16,16,4
45369,8,8,4
4538,11,11,3
45392,11,11,2
45403,8,8,2
45416,9,9,2
45426,2,2,2
45429,3,3,2
45430,4,4,2
45439,3,3,3
45445,3,3,2
45448,7,7,2
45453,2,2,2
45457,6,6,2
45458,2,2,2
45462,14,14,2
45467,3,3,3
45477,13,13,2
45480,8,8,2
4550,14,14,5
45502,7,7,2
4555,11,11,2
45551,11,11,4
45552,3,3,2
45559,6,6,2
4556,10,10,3
45561,6,6,2
4560,29,29,2
45604,3,3,2
45630,2,2,2
4566,2,2,2
45665,6,6,2
45731,15,15,2
45755,11,11,2
4576,6,6,4
45775,11,11,3
45779,9,9,2
45783,13,13,3
45785,7,7,3
45786,10,10,3
45787,8,8,2
45790,12,12,2
45793,16,16,3
45795,8,8,2
45797,8,8,2
458,2,2,2
4580,10,10,2
45829,7,7,2
45841,8,8,2
45850,7,7,2
45861,6,6,2
45862,2,2,2
45863,2,2,2
45864,3,3,2
45865,3,3,2
45877,9,9,2
45892,9,9,2
45899,7,7,2
45901,2,2,2
45903,6,6,2
45904,11,11,2
45910,7,7,2
45916,3,3,2
45918,9,9,2
45920,5,5,2
45922,6,6,2
45927,11,11,2
45928,2,2,2
45932,3,3,2
45936,6,6,2
45954,2,2,2
45955,2,2,2
45967,6,6,2
45968,6,6,2
45970,9,9,3
45971,5,5,3
45972,5,5,4
45975,10,10,2
45976,3,3,2
45977,8,8,5
45979,5,5,2
45983,7,7,2
45988,15,15,2
45997,2,2,2
46006,5,5,4
46013,4,4,3
4602,17,17,2
46026,7,7,2
46028,11,11,4
46030,3,3,2
46033,4,4,3
46036,3,3,3
46042,6,6,2
46044,3,3,2
4607,6,6,3
46076,4,4,2
46077,6,6,2
46094,8,8,3
46101,8,8,2
46107,8,8,3
46109,2,2,2
46113,8,8,2
46114,17,17,3
4612,7,7,2
46123,3,3,2
46125,3,3,2
4613,11,11,3
46131,3,3,2
46142,6,6,2
46146,7,7,2
46149,7,7,2
46158,3,3,2
46168,7,7,3
46169,4,4,2
46172,8,8,2
4618,6,6,2
46190,11,11,2
46197,8,8,3
46198,8,8,2
46206,2,2,2
46223,7,7,2
46228,7,7,2
4624,11,11,2
46250,6,6,2
46254,8,8,2
46267,2,2,2
46268,2,2,2
46277,10,10,2
46286,7,7,2
46296,2,2,2
4631,9,9,2
46327,11,11,2
46329,7,7,2
46341,7,7,3
46371,7,7,2
46395,7,7,2
46417,9,9,2
46433,6,6,2
46445,7,7,2
46452,7,7,2
4646,2,2,2
46466,7,7,2
46472,7,7,2
46476,7,7,2
46480,2,2,2
46488,6,6,2
46498,7,7,2
4652,8,8,2
46526,10,10,2
4653,8,8,4
4655,9,9,2
46570,7,7,2
4658,8,8,2
4659,8,8,3
46593,2,2,2
46603,9,9,2
46604,2,2,2
4663,6,6,2
46672,2,2,2
46685,7,7,2
46691,8,8,2
4670,9,9,3
46701,2,2,2
46703,3,3,3
46704,7,7,4
46708,8,8,2
46715,8,8,2
46720,7,7,2
46727,8,8,3
46732,11,11,5
4674,15,15,2
46741,2,2,2
4675,8,8,2
46755,12,12,2
46761,6,6,2
46825,4,4,2
46830,2,2,2
46833,3,3,2
46835,2,2,2
46848,3,3,2
46864,3,3,2
46869,8,8,2
46870,3,3,3
46873,3,3,2
46874,7,7,2
46879,8,8,2
4688,8,8,2
46888,3,3,2
46891,2,2,2
46893,2,2,2
46907,8,8,2
46911,2,2,2
46920,7,7,2
46928,7,7,2
46950,4,4,3
46957,3,3,3
46967,7,7,2
4698,7,7,2
46985,7,7,2
4700,8,8,2
47023,4,4,3
4703,9,9,3
47032,13,13,2
47041,9,9,4
47042,6,6,2
47056,2,2,2
47057,2,2,2
47081,7,7,2
47082,6,6,2
47084,6,6,2
47089,8,8,2
47137,3,3,2
47139,3,3,3
4714,12,12,2
47144,2,2,2
47146,2,2,2
47149,2,2,2
47184,2,2,2
47185,9,9,3
4724,7,7,2
47251,8,8,2
47252,15,15,2
47286,7,7,3
47291,18,18,5
47292,7,7,2
47293,8,8,2
47301,7,7,2
47307,11,11,3
47311,4,4,2
47312,3,3,2
47313,9,9,2
47319,13,13,4
47331,9,9,2
47337,11,11,2
47340,6,6,2
47341,2,2,2
47342,6,6,2
47343,3,3,2
47348,7,7,2
47355,9,9,2
47357,7,7,2
47359,8,8,2
47363,4,4,3
47364,6,6,3
47365,14,14,3
47366,2,2,2
47370,9,9,2
47379,4,4,4
47381,3,3,2
47382,4,4,2
47383,3,3,2
47385,2,2,2
47386,11,11,2
47389,10,10,3
47390,6,6,5
47393,3,3,3
47397,10,10,2
47398,2,2,2
47399,14,14,3
47402,4,4,2
47405,6,6,2
47408,2,2,2
47411,3,3,2
47415,8,8,2
47426,6,6,2
47434,16,16,2
47436,7,7,2
47438,7,7,2
47443,6,6,2
47446,11,11,2
47452,7,7,2
47454,3,3,2
47455,2,2,2
47472,2,2,2
47475,2,2,2
47476,5,5,2
47487,19,19,3
47489,7,7,2
47493,7,7,2
47503,6,6,2
47507,2,2,2
47522,6,6,2
47523,4,4,2
47528,7,7,3
47530,3,3,2
47533,5,5,3
47534,7,7,4
47538,2,2,2
47547,6,6,2
47557,8,8,4
47565,4,4,2
47566,4,4,2
47571,7,7,2
4759,4,4,2
47594,7,7,2
4760,11,11,2
47641,6,6,2
4765,13,13,2
47657,7,7,2
47659,11,11,2
47665,3,3,2
47666,11,11,2
47673,7,7,2
47675,8,8,2
4768,23,23,4
47690,5,5,2
47693,2,2,2
47702,7,7,2
47705,5,5,2
47710,2,2,2
47715,8,8,2
47722,2,2,2
47726,8,8,2
47734,2,2,2
47739,7,7,2
47743,7,7,2
47746,7,7,2
47748,7,7,2
47749,11,11,3
4775,9,9,3
47750,7,7,2
4776,10,10,2
47772,7,7,2
47778,7,7,2
47779,7,7,2
47783,8,8,2
4779,11,11,2
47792,7,7,2
47794,2,2,2
47799,4,4,3
47806,7,7,2
4782,7,7,2
47840,6,6,2
47846,9,9,3
47860,7,7,2
47864,8,8,2
47871,9,9,2
47879,11,11,2
47882,8,8,2
4790,7,7,2
47904,10,10,2
47912,2,2,2
47916,7,7,2
4793,8,8,2
47947,7,7,2
47952,10,10,3
47957,7,7,3
4796,17,17,3
47965,6,6,2
47985,5,5,2
47999,8,8,2
48021,9,9,2
48028,8,8,3
48041,7,7,2
48062,3,3,2
48067,2,2,2
48069,7,7,2
48079,4,4,2
48087,8,8,3
4810,7,7,2
48125,10,10,2
48130,6,6,2
48131,9,9,3
48136,3,3,3
48138,3,3,2
48139,6,6,3
48141,8,8,3
48146,6,6,3
48153,6,6,3
4816,11,11,2
48172,4,4,3
48192,7,7,2
4821,7,7,3
48214,7,7,3
4822,8,8,2
48226,8,8,2
4823,7,7,2
48252,6,6,2
48281,7,7,2
4829,10,10,2
48311,11,11,2
48360,9,9,2
48367,2,2,2
4837,13,13,2
48376,2,2,2
48381,3,3,2
4839,7,7,2
48421,8,8,2
4843,10,10,2
48473,2,2,2
48487,9,9,2
4853,9,9,3
48532,8,8,2
48548,6,6,3
48562,10,10,3
48600,6,6,2
48621,12,12,6
48624,8,8,2
48655,5,5,2
4866,8,8,2
48660,2,2,2
48675,9,9,2
48686,2,2,2
4875,10,10,3
4877,8,8,2
488,9,9,3
48826,12,12,2
48831,2,2,2
48859,4,4,2
48861,4,4,2
4887,9,9,2
48890,4,4,2
4890,8,8,2
48936,7,7,2
48940,6,6,2
4895,9,9,2
48958,7,7,2
4896,9,9,2
48963,2,2,2
48980,7,7,2
48981,13,13,2
48985,10,10,2
48990,11,11,2
49,6,6,2
49001,10,10,2
49008,16,16,2
49009,8,8,2
49017,4,4,2
49018,4,4,2
49019,6,6,2
49025,2,2,2
4904,8,8,2
49040,3,3,2
49041,12,12,2
49048,3,3,2
49049,3,3,2
49055,3,3,2
49059,3,3,2
49061,4,4,2
49067,2,2,2
49070,13,13,3
49084,8,8,2
49085,8,8,3
49086,14,14,2
49102,18,18,2
49108,8,8,2
49113,6,6,2
49124,7,7,2
49147,7,7,2
49153,9,9,2
49155,13,13,3
49158,3,3,2
49159,7,7,2
49170,2,2,2
49177,2,2,2
49178,6,6,2
49179,10,10,2
4918,11,11,2
49181,7,7,2
49184,6,6,2
49189,10,10,2
49196,4,4,2
49199,15,15,3
49201,2,2,2
49202,19,19,5
49216,14,14,4
49226,9,9,3
49247,7,7,2
49253,10,10,2
49254,7,7,2
49255,10,10,2
49257,7,7,2
49262,7,7,2
49264,20,20,2
49266,6,6,2
49272,8,8,2
49275,7,7,2
49279,17,17,3
49287,8,8,2
49298,8,8,2
493,8,8,2
4930,7,7,2
49300,11,11,2
49302,11,11,2
49303,2,2,2
49304,8,8,2
49305,10,10,3
49310,6,6,3
49314,7,7,2
49317,8,8,2
49318,7,7,2
49334,9,9,2
49336,7,7,2
49345,2,2,2
49346,2,2,2
49348,7,7,3
49369,3,3,2
49371,9,9,4
4938,7,7,2
49386,10,10,3
49391,28,28,5
49398,7,7,2
49421,2,2,2
49422,8,8,2
49424,10,10,2
49426,2,2,2
49432,9,9,2
49435,9,9,2
4944,10,10,2
49445,18,18,2
49468,8,8,3
49488,5,5,2
49494,9,9,2
495,2,2,2
49500,6,6,2
49502,2,2,2
49511,2,2,2
49532,7,7,2
49538,12,12,2
49546,9,9,2
49551,11,11,2
49553,7,7,2
49565,9,9,2
49566,7,7,2
49568,11,11,2
4959,8,8,2
49596,7,7,4
49597,3,3,2
49600,7,7,2
49606,10,10,3
49634,2,2,2
49639,6,6,2
4965,2,2,2
49666,7,7,2
49675,8,8,2
49701,10,10,2
49713,9,9,2
49715,3,3,2
49721,2,2,2
49722,3,3,2
49732,14,14,4
49733,3,3,2
49737,7,7,2
4974,7,7,2
49746,3,3,3
49749,11,11,3
49753,9,9,2
4976,6,6,2
49773,8,8,2
49777,10,10,2
49790,12,12,2
49792,6,6,2
49816,4,4,2
49817,2,2,2
49823,9,9,3
4984,12,12,2
4985,8,8,3
49850,2,2,2
49853,10,10,2
49856,9,9,2
49861,2,2,2
4988,10,10,2
49885,4,4,3
49897,2,2,2
499,6,6,2
49903,2,2,2
49913,14,14,3
49916,10,10,2
4996,8,8,3
49961,9,9,4
4998,8,8,2
49981,9,9,2
49982,6,6,2
4999,7,7,2
50,11,11,2
50010,7,7,2
50017,13,13,2
5002,10,10,2
5004,10,10,2
5005,9,9,2
50052,3,3,3
50063,2,2,2
50068,2,2,2
50070,2,2,2
50078,8,8,2
50081,3,3,2
50087,7,7,2
50096,10,10,2
50101,14,14,2
5011,3,3,2
50114,9,9,2
50125,6,6,3
50127,4,4,3
5013,11,11,2
50138,2,2,2
50153,17,17,3
50157,3,3,2
50160,9,9,3
50202,5,5,2
50204,3,3,2
50214,7,7,2
50238,7,7,2
50242,8,8,2
50244,8,8,2
5025,9,9,2
50251,5,5,2
50252,13,13,2
50261,3,3,2
50262,2,2,2
50302,7,7,2
50308,6,6,2
50312,13,13,6
50316,3,3,2
5032,10,10,3
50359,4,4,3
50370,9,9,3
50376,4,4,3
50388,12,12,2
50407,2,2,2
50411,9,9,2
50416,4,4,2
50418,8,8,3
50420,31,31,6
50421,19,19,2
5045,9,9,3
5048,11,11,2
50480,2,2,2
50483,9,9,2
50488,9,9,2
50490,8,8,2
50508,3,3,3
50520,8,8,2
50531,8,8,3
50553,7,7,2
50563,9,9,2
5058,7,7,2
50584,8,8,2
50585,2,2,2
50586,13,13,2
50598,6,6,2
50603,2,2,2
50610,6,6,3
50616,7,7,2
50623,2,2,2
50625,2,2,2
50628,2,2,2
50634,3,3,2
5064,9,9,3
50642,4,4,2
50653,7,7,2
5067,14,14,2
50675,3,3,2
50677,4,4,2
50678,3,3,2
50679,11,11,2
50683,9,9,2
5069,2,2,2
50692,8,8,3
507,3,3,2
50706,10,10,2
50710,2,2,2
50717,4,4,2
50730,2,2,2
50734,4,4,2
5074,11,11,2
50749,3,3,3
50750,14,14,4
50751,4,4,3
5076,7,7,2
50809,6,6,2
50814,8,8,2
5082,9,9,2
50832,10,10,2
50833,7,7,2
50844,14,14,2
50851,10,10,2
50857,8,8,2
50859,10,10,2
50865,11,11,2
50867,7,7,2
50881,8,8,2
50883,2,2,2
50884,3,3,2
50895,20,20,3
50902,6,6,2
50915,4,4,2
50931,11,11,2
50943,15,15,2
50952,50,50,8
50980,7,7,2
50999,8,8,3
5103,7,7,2
51033,18,18,3
51042,7,7,2
51059,5,5,3
51070,2,2,2
51077,9,9,2
51080,19,19,2
51082,11,11,2
51090,2,2,2
51092,5,5,2
51119,9,9,2
51121,33,33,8
51128,2,2,2
51140,7,7,2
51146,6,6,2
51150,5,5,2
51154,2,2,2
51165,8,8,2
51190,12,12,2
51207,6,6,2
51209,8,8,2
5121,5,5,2
51259,7,7,2
51274,6,6,2
51307,8,8,2
5131,4,4,2
51324,8,8,2
51327,4,4,2
5133,18,18,3
51339,2,2,2
51342,2,2,2
51343,6,6,2
51347,2,2,2
51359,5,5,2
51361,7,7,2
51367,7,7,2
51377,8,8,2
51407,10,10,2
51417,10,10,2
51436,2,2,2
51444,7,7,2
51449,7,7,2
51466,6,6,2
51472,7,7,2
51481,5,5,3
51488,5,5,2
51492,6,6,2
51500,2,2,2
51503,3,3,2
51519,2,2,2
51530,7,7,2
51532,2,2,2
51568,8,8,2
5157,22,22,2
51586,8,8,2
5161,15,15,3
5162,7,7,2
51627,2,2,2
51634,7,7,2
51663,12,12,2
51667,9,9,2
5167,3,3,2
51680,7,7,2
51687,12,12,2
51688,8,8,2
51703,9,9,2
5172,12,12,2
51721,11,11,2
51724,18,18,2
51726,2,2,2
51727,3,3,3
51728,23,23,3
5175,14,14,5
51764,3,3,3
51765,3,3,3
51775,5,5,2
51779,2,2,2
51796,3,3,2
51806,8,8,2
51814,11,11,2
51817,8,8,2
5182,12,12,2
51822,5,5,2
51852,4,4,2
51856,7,7,2
51869,2,2,2
51886,12,12,2
51889,14,14,3
5189,18,18,2
51919,8,8,3
51925,9,9,2
5194,7,7,2
51944,9,9,2
51946,6,6,2
51948,2,2,2
51949,2,2,2
51951,3,3,2
51952,3,3,2
51956,8,8,2
51958,9,9,2
51979,18,18,3
51990,8,8,3
51999,16,16,3
5200,8,8,2
52001,3,3,2
52006,7,7,2
52008,2,2,2
52016,2,2,2
5202,2,2,2
52038,7,7,2
52054,7,7,2
52068,5,5,3
52076,5,5,2
52085,7,7,2
52087,8,8,3
52089,7,7,2
52091,10,10,3
52095,7,7,2
52096,8,8,2
5210,6,6,2
52117,8,8,2
5212,8,8,3
52135,11,11,2
52147,16,16,3
5215,9,9,2
5216,7,7,2
52181,6,6,2
52183,7,7,2
52188,7,7,2
5221,3,3,3
52217,2,2,2
5222,12,12,2
52226,7,7,2
5223,3,3,2
52243,2,2,2
52256,6,6,2
52260,4,4,2
52265,2,2,2
52294,7,7,4
5233,11,11,3
5234,5,5,2
5236,2,2,2
52382,7,7,2
52397,6,6,5
52402,8,8,2
52422,7,7,2
52427,2,2,2
52441,9,9,2
52442,27,27,2
52456,4,4,3
52457,5,5,3
52458,4,4,3
52463,7,7,2
52470,2,2,2
52514,6,6,2
5252,9,9,4
52528,3,3,2
5253,6,6,2
52539,9,9,2
52547,8,8,2
52548,10,10,2
5255,4,4,2
52551,8,8,2
5256,2,2,2
52562,19,19,5
5257,3,3,2
5258,9,9,2
52586,8,8,2
5260,8,8,2
52612,4,4,2
52618,8,8,3
52625,7,7,2
5263,8,8,2
52645,2,2,2
52646,3,3,3
52649,11,11,2
52655,8,8,2
52658,7,7,2
52671,7,7,2
52674,6,6,2
52680,27,27,6
52681,15,15,3
5269,8,8,2
52701,6,6,2
52750,9,9,2
5277,7,7,2
52775,2,2,2
52780,2,2,2
52781,6,6,2
52820,16,16,3
5287,7,7,2
52910,7,7,2
52920,3,3,2
5295,8,8,2
52957,11,11,2
52980,2,2,2
53003,3,3,2
53009,5,5,2
5301,3,3,2
53018,13,13,3
5302,11,11,4
53033,3,3,2
53037,6,6,3
53038,2,2,2
53041,2,2,2
5305,8,8,3
53071,2,2,2
5309,15,15,3
53092,2,2,2
53100,2,2,2
53102,7,7,2
53144,10,10,2
53160,4,4,3
53177,2,2,2
5318,7,7,2
53197,3,3,2
53205,12,12,2
5329,8,8,2
53291,2,2,2
53305,17,17,2
53308,2,2,2
5333,8,8,2
53343,2,2,2
53349,3,3,2
53350,6,6,2
53351,2,2,2
53352,6,6,2
53354,2,2,2
53356,2,2,2
53359,3,3,3
53360,2,2,2
53406,3,3,2
53422,2,2,2
5344,3,3,3
5345,2,2,2
5346,6,6,2
53463,12,12,2
5348,2,2,2
53496,2,2,2
53517,7,7,2
5352,8,8,2
53565,7,7,3
53587,6,6,2
53604,12,12,3
53606,10,10,2
53610,7,7,2
53621,7,7,2
53622,7,7,2
53652,7,7,2
5367,6,6,2
53671,7,7,2
53672,10,10,2
53682,9,9,2
53692,3,3,2
53737,2,2,2
5376,11,11,3
5377,2,2,2
53779,6,6,2
5378,3,3,2
53781,3,3,2
53828,7,7,2
5383,7,7,2
53830,8,8,2
53841,6,6,2
53850,2,2,2
53861,2,2,2
53877,5,5,2
5391,10,10,2
5392,5,5,3
53925,2,2,2
53932,3,3,2
5400,8,8,3
5401,9,9,2
54109,7,7,2
54133,7,7,2
54136,8,8,2
54155,3,3,2
54177,11,11,2
54179,2,2,2
54180,3,3,2
54188,7,7,2
54191,11,11,2
54194,2,2,2
54200,7,7,2
54203,8,8,2
54219,11,11,2
5422,11,11,2
54223,12,12,2
54227,3,3,2
54234,13,13,2
5424,2,2,2
54241,2,2,2
54250,7,7,2
54256,11,11,3
54259,2,2,2
5426,7,7,2
54277,8,8,3
54283,12,12,2
54299,7,7,2
54309,9,9,2
54318,8,8,2
54320,10,10,2
54325,8,8,2
54327,7,7,2
5434,5,5,2
54346,9,9,4
54350,6,6,2
54356,7,7,2
5436,7,7,2
5437,7,7,2
54370,9,9,2
54377,9,9,5
54379,7,7,2
54383,7,7,2
54395,8,8,3
54398,9,9,3
544,8,8,3
54403,9,9,3
54412,7,7,2
54417,2,2,2
5442,8,8,2
54423,11,11,2
54443,7,7,2
54445,7,7,2
54465,6,6,2
54470,6,6,2
54471,6,6,2
54477,8,8,2
54478,6,6,2
5448,10,10,2
54502,7,7,2
54505,7,7,3
54512,3,3,2
54526,8,8,2
54530,8,8,3
5454,8,8,2
5456,7,7,2
54570,7,7,2
54574,7,7,2
5458,7,7,2
54584,3,3,2
54594,11,11,2
54595,2,2,2
54606,2,2,2
54619,6,6,2
54621,10,10,2
54623,7,7,2
54624,6,6,2
54658,7,7,2
5467,7,7,3
54674,9,9,2
54677,7,7,2
54680,7,7,2
54682,10,10,2
54686,8,8,2
54691,6,6,2
5470,7,7,2
5471,2,2,2
54716,8,8,2
54748,7,7,2
54754,7,7,2
54774,2,2,2
54782,3,3,2
54786,3,3,2
54787,4,4,2
5479,8,8,2
54796,6,6,2
5480,8,8,2
54817,2,2,2
54822,2,2,2
54833,2,2,2
54850,13,13,2
54853,3,3,2
54885,7,7,2
54891,8,8,3
54919,3,3,2
54920,4,4,2
5493,20,20,4
54937,17,17,2
54938,3,3,2
5498,8,8,2
55002,2,2,2
55016,4,4,2
55022,2,2,2
5503,7,7,2
55039,2,2,2
55057,3,3,2
55058,7,7,2
5506,8,8,2
55085,10,10,2
55093,10,10,2
55094,8,8,2
55098,2,2,2
55109,6,6,2
55122,8,8,2
55123,6,6,2
55136,2,2,2
55137,3,3,2
55144,3,3,2
5515,6,6,2
55151,7,7,2
55155,3,3,2
55156,2,2,2
55158,3,3,2
55162,2,2,2
55194,6,6,2
55201,2,2,2
55202,2,2,2
55207,6,6,2
55218,5,5,2
5525,7,7,2
55253,7,7,2
5529,8,8,2
553,3,3,2
55306,7,7,2
55312,2,2,2
55314,2,2,2
55339,2,2,2
55341,14,14,3
55365,16,16,2
55394,3,3,2
55444,10,10,2
55447,10,10,2
55452,12,12,2
55456,6,6,2
55461,2,2,2
55468,6,6,2
55489,6,6,2
55506,8,8,2
55507,8,8,2
55511,2,2,2
55514,3,3,2
55534,7,7,2
55551,5,5,3
55557,5,5,2
5556,7,7,2
55579,7,7,2
55586,2,2,2
55588,6,6,2
55590,2,2,2
55608,7,7,2
55620,2,2,2
55631,3,3,2
55634,2,2,2
55638,4,4,2
55644,7,7,2
55654,7,7,2
55676,7,7,2
55678,7,7,2
55680,2,2,2
55707,2,2,2
55709,7,7,2
5573,7,7,2
5575,7,7,2
55750,6,6,2
5578,7,7,2
55794,3,3,2
55801,7,7,2
55807,8,8,2
5583,7,7,2
55866,2,2,2
55886,2,2,2
55889,9,9,2
55899,7,7,2
55906,6,6,2
55941,7,7,3
55954,4,4,2
55966,2,2,2
55979,2,2,2
5599,10,10,2
55998,2,2,2
560,9,9,3
5600,7,7,2
5602,8,8,2
56069,3,3,2
5607,11,11,2
56081,2,2,2
56087,2,2,2
56092,9,9,2
56128,2,2,2
5613,8,8,2
56133,2,2,2
56134,6,6,3
56154,4,4,2
5616,13,13,2
56161,4,4,2
56169,2,2,2
56170,7,7,2
56175,2,2,2
56179,2,2,2
56184,2,2,2
56189,2,2,2
56192,2,2,2
56193,2,2,2
56197,3,3,2
56198,2,2,2
56209,2,2,2
56228,2,2,2
56258,4,4,2
56259,2,2,2
5626,7,7,2
56271,2,2,2
56277,3,3,2
56287,2,2,2
56291,2,2,2
5631,7,7,2
5644,8,8,2
5655,11,11,2
5658,7,7,2
5661,2,2,2
5665,8,8,2
5672,7,7,2
5674,8,8,2
5682,8,8,2
5690,10,10,2
5726,7,7,2
5732,7,7,2
5744,9,9,2
5750,7,7,2
5753,19,19,2
5759,7,7,2
5763,10,10,3
5769,9,9,2
5779,7,7,2
5780,8,8,2
5781,7,7,2
5786,12,12,3
5789,6,6,2
5790,3,3,2
5792,7,7,2
5811,7,7,2
5817,8,8,2
5833,8,8,3
5834,8,8,2
5859,9,9,2
5868,9,9,4
5870,2,2,2
5878,7,7,2
5879,9,9,2
5884,7,7,2
5896,11,11,2
5897,9,9,2
5900,2,2,2
5902,7,7,2
5904,2,2,2
5906,8,8,2
5913,8,8,2
5924,7,7,2
5927,7,7,2
5930,8,8,2
5941,2,2,2
5959,7,7,2
5962,2,2,2
5971,11,11,2
5972,8,8,3
5979,7,7,3
5986,8,8,3
60,4,4,2
6001,5,5,2
6002,9,9,2
6003,7,7,2
6007,9,9,2
6010,8,8,2
6016,8,8,3
6033,17,17,2
6038,11,11,3
6046,7,7,2
6052,2,2,2
6054,2,2,2
6058,8,8,2
6069,9,9,3
6072,7,7,2
6091,9,9,2
6093,2,2,2
6103,10,10,2
6117,7,7,2
6139,7,7,2
6141,7,7,2
6151,13,13,2
6170,7,7,3
6177,9,9,3
6180,13,13,2
6191,2,2,2
6196,9,9,2
6197,8,8,2
6200,11,11,2
6202,10,10,3
6205,10,10,2
6209,6,6,2
6222,6,6,2
6258,8,8,2
6260,8,8,2
6270,7,7,2
6272,8,8,2
6273,7,7,2
6278,7,7,2
6287,9,9,3
6288,8,8,3
6291,2,2,2
6300,3,3,2
6301,6,6,2
6305,13,13,2
6313,2,2,2
6315,4,4,3
632,33,33,6
6324,11,11,3
6328,7,7,2
6336,10,10,2
6342,3,3,2
6354,6,6,2
6355,13,13,2
6357,8,8,2
6369,7,7,2
6378,11,11,3
6380,8,8,2
6383,8,8,2
6388,9,9,3
6407,8,8,2
6408,8,8,2
6409,9,9,2
6417,9,9,2
6444,8,8,3
6449,2,2,2
6458,2,2,2
6465,7,7,2
6468,13,13,2
6483,7,7,2
6484,19,19,4
6489,10,10,3
6495,7,7,2
6505,8,8,2
6510,6,6,2
6516,7,7,2
6517,8,8,2
6518,9,9,2
6519,24,24,3
6522,6,6,2
6526,7,7,2
6538,6,6,2
6542,7,7,2
6544,9,9,2
6565,10,10,2
6567,9,9,2
6571,7,7,2
6579,10,10,2
6584,8,8,2
6602,2,2,2
662,12,12,2
6623,8,8,2
663,7,7,2
6634,7,7,2
6649,7,7,2
6657,8,8,3
6668,9,9,2
6682,8,8,3
669,3,3,2
6693,7,7,2
6708,9,9,2
6709,6,6,2
671,7,7,2
6719,9,9,3
6732,10,10,3
6739,3,3,2
674,8,8,3
6754,8,8,2
6755,7,7,2
6756,7,7,2
6760,7,7,2
677,5,5,2
6778,10,10,2
6780,16,16,3
6797,7,7,2
6811,8,8,2
6816,7,7,2
6821,8,8,2
684,8,8,2
6841,9,9,2
685,11,11,2
687,16,16,3
690,12,12,5
6908,10,10,2
6912,9,9,2
6924,6,6,2
6929,2,2,2
6936,6,6,2
6955,2,2,2
696,9,9,2
697,11,11,4
699,7,7,2
6998,6,6,2
700,10,10,2
7005,11,11,4
7008,7,7,2
7021,8,8,2
7026,7,7,2
7035,7,7,2
7052,5,5,2
7057,9,9,3
706,2,2,2
708,2,2,2
7081,2,2,2
7082,2,2,2
7091,7,7,2
7117,7,7,2
7124,8,8,2
7138,4,4,2
7139,9,9,2
7144,6,6,2
7158,3,3,2
7168,10,10,3
7184,17,17,3
7190,9,9,2
7196,7,7,2
7198,3,3,2
7213,8,8,2
7224,6,6,2
7225,8,8,2
7226,8,8,2
7234,5,5,4
724,14,14,2
7247,5,5,2
725,7,7,3
7252,9,9,2
7275,8,8,2
7284,7,7,2
7317,8,8,2
7321,9,9,2
7327,7,7,2
7332,7,7,2
7359,6,6,2
7366,11,11,2
7369,9,9,3
7370,8,8,2
7392,9,9,4
7395,10,10,2
7404,7,7,2
7405,7,7,4
7406,18,18,3
7428,8,8,2
7432,12,12,2
7437,7,7,2
7439,7,7,2
7442,9,9,2
7443,6,6,2
7457,9,9,3
7462,7,7,2
7464,11,11,2
7478,8,8,2
7493,11,11,2
7496,8,8,3
7497,8,8,2
7507,9,9,2
7513,8,8,2
7536,7,7,2
7543,12,12,2
7550,8,8,2
7554,9,9,2
7573,7,7,2
7578,8,8,3
7582,9,9,3
7583,8,8,3
7594,9,9,2
7599,8,8,2
7602,11,11,3
7607,4,4,2
7608,10,10,2
7625,11,11,2
7628,10,10,3
7635,7,7,2
7641,9,9,3
7642,11,11,2
7649,8,8,2
7650,2,2,2
7654,9,9,2
7668,9,9,2
7677,9,9,2
7684,7,7,2
7690,7,7,2
7697,9,9,2
7698,10,10,3
7700,11,11,4
7704,12,12,3
7713,7,7,2
7735,7,7,2
7737,6,6,2
7747,13,13,3
7748,3,3,2
7753,11,11,2
7754,19,19,4
7755,7,7,2
7756,15,15,2
7784,3,3,2
7788,15,15,2
7796,7,7,2
7806,2,2,2
7809,2,2,2
7812,8,8,2
7820,7,7,2
7821,6,6,2
7824,9,9,3
7833,2,2,2
7845,8,8,2
7849,8,8,2
7853,8,8,3
7854,10,10,3
7867,3,3,2
7882,7,7,2
7894,2,2,2
7908,8,8,3
7914,7,7,2
7923,10,10,2
7926,7,7,2
7929,7,7,3
7930,14,14,3
7934,2,2,2
7935,4,4,2
7945,23,23,5
7947,2,2,2
7948,8,8,2
7950,7,7,2
7952,8,8,2
7956,10,10,2
7982,7,7,2
7986,14,14,2
8001,23,23,2
8005,13,13,2
8007,6,6,2
8011,4,4,2
8012,2,2,2
8013,22,22,4
8033,2,2,2
8034,2,2,2
8044,8,8,2
8045,2,2,2
8050,4,4,2
8051,19,19,2
8053,3,3,2
8054,4,4,2
806,9,9,2
8064,2,2,2
8068,10,10,3
807,7,7,2
8072,8,8,2
809,13,13,3
8090,12,12,2
8098,6,6,2
8103,7,7,2
8104,8,8,2
8124,12,12,2
8130,12,12,2
8136,4,4,2
8142,4,4,2
8144,2,2,2
8151,8,8,2
8152,10,10,3
817,10,10,2
8175,7,7,2
8178,7,7,2
8181,2,2,2
8194,7,7,2
8199,11,11,4
8208,9,9,2
8210,2,2,2
8211,7,7,2
8215,8,8,2
8216,7,7,2
8221,2,2,2
823,26,26,2
8242,7,7,3
8246,9,9,2
8248,6,6,2
8256,10,10,2
8267,9,9,2
8270,10,10,2
8275,5,5,2
8285,7,7,2
8293,8,8,2
8296,4,4,2
8300,8,8,2
8307,7,7,2
8313,2,2,2
8315,7,7,2
8321,4,4,2
8327,22,22,3
8328,2,2,2
8335,8,8,2
8340,4,4,2
8341,4,4,3
8342,2,2,2
8350,3,3,2
8351,7,7,2
8353,7,7,2
8357,7,7,2
8360,18,18,3
8399,9,9,2
8402,7,7,2
8409,12,12,2
8413,11,11,2
8424,8,8,2
8428,6,6,3
8430,3,3,2
8433,7,7,2
8437,6,6,2
8445,15,15,2
8451,7,7,2
8454,6,6,3
8455,7,7,2
8467,2,2,2
8473,7,7,3
8479,10,10,2
848,7,7,2
8489,8,8,2
849,11,11,4
8492,8,8,2
850,10,10,2
8510,7,7,2
8517,9,9,2
8519,7,7,2
852,18,18,2
8524,6,6,2
8525,9,9,2
8526,7,7,2
853,7,7,2
8537,9,9,2
8544,4,4,2
8557,6,6,2
8559,7,7,2
8560,7,7,2
8561,7,7,2
8568,6,6,3
8572,3,3,3
8576,2,2,2
8581,6,6,2
8584,10,10,2
8588,9,9,2
8610,21,21,2
8621,9,9,2
8633,6,6,2
8635,7,7,2
8638,5,5,2
8661,6,6,2
8663,3,3,2
8684,7,7,2
8690,9,9,2
8712,8,8,3
8713,7,7,2
8722,13,13,2
8725,14,14,2
8730,7,7,2
8742,14,14,2
8743,4,4,2
8744,2,2,2
8747,7,7,2
8748,9,9,2
8755,7,7,2
8758,13,13,2
8766,7,7,2
8774,7,7,2
8777,7,7,2
8787,11,11,3
8790,7,7,2
8797,11,11,2
88,2,2,2
8806,9,9,2
8810,8,8,2
8817,15,15,3
8825,7,7,2
8827,10,10,2
8851,8,8,2
8857,7,7,2
8873,7,7,2
8883,6,6,2
8896,7,7,2
8904,7,7,2
8905,8,8,2
8913,10,10,2
8918,12,12,3
8919,9,9,2
8936,2,2,2
8937,7,7,2
8942,2,2,2
8943,6,6,2
8948,18,18,2
8956,2,2,2
8958,7,7,2
8984,2,2,2
8985,8,8,2
8987,8,8,2
899,9,9,3
9001,2,2,2
9006,8,8,2
901,8,8,2
9017,9,9,2
902,11,11,2
9020,7,7,2
9022,2,2,2
9030,2,2,2
9033,2,2,2
9044,9,9,2
9050,9,9,2
9055,6,6,2
906,10,10,2
907,7,7,2
9077,10,10,2
9083,7,7,3
9087,13,13,2
9096,10,10,2
9097,10,10,2
91,3,3,2
9100,12,12,2
9107,9,9,2
9120,7,7,3
9127,14,14,2
913,9,9,2
9136,2,2,2
914,7,7,2
9146,3,3,2
9147,4,4,2
9159,9,9,2
9161,9,9,4
9170,7,7,3
9174,8,8,2
9175,3,3,2
9179,6,6,2
918,10,10,2
9192,10,10,2
9193,9,9,4
9201,7,7,2
9220,9,9,2
9225,8,8,2
9227,7,7,2
9230,6,6,2
9242,7,7,2
9246,7,7,2
9250,11,11,3
9251,9,9,2
9256,7,7,2
9260,13,13,3
9268,7,7,2
9269,8,8,2
9279,2,2,2
928,7,7,2
9280,5,5,2
9282,5,5,2
9283,9,9,2
930,9,9,2
9307,19,19,3
9313,2,2,2
9315,2,2,2
9325,9,9,2
9329,6,6,2
9333,8,8,3
935,7,7,2
9352,7,7,2
9361,9,9,2
9373,8,8,2
9390,2,2,2
9402,7,7,2
9404,10,10,2
9406,8,8,2
941,9,9,3
9417,7,7,2
9419,8,8,2
9426,7,7,2
9441,8,8,2
9443,7,7,3
945,7,7,3
9452,8,8,2
9468,7,7,2
9471,7,7,2
9482,8,8,2
9486,8,8,2
9487,7,7,2
95,20,20,3
9502,9,9,2
9522,10,10,2
9524,8,8,2
9525,12,12,2
9527,4,4,2
9528,7,7,2
9546,14,14,3
9549,7,7,2
9556,3,3,2
9557,5,5,2
9562,3,3,2
9569,2,2,2
9571,12,12,2
9581,9,9,2
9587,8,8,2
9594,8,8,2
9597,7,7,2
9600,7,7,3
9602,11,11,3
9606,13,13,3
9610,7,7,2
9611,7,7,2
9613,7,7,2
9616,8,8,3
9641,7,7,2
9650,7,7,2
966,8,8,2
9661,11,11,2
9673,8,8,2
9674,8,8,2
9699,6,6,2
9701,3,3,2
9709,3,3,2
9714,8,8,2
9716,4,4,2
9717,4,4,2
9718,2,2,2
972,9,9,3
973,6,6,2
9748,9,9,3
9753,7,7,2
9764,7,7,2
9776,8,8,2
978,8,8,3
9781,7,7,2
9792,8,8,2
9793,7,7,2
9811,10,10,2
9815,6,6,2
983,10,10,2
9830,7,7,2
9844,2,2,2
9851,6,6,2
9854,7,7,4
9899,2,2,2
9905,2,2,2
9906,3,3,2
9916,7,7,2
9925,10,10,2
9927,7,7,2
9928,7,7,2
9937,7,7,2
9938,12,12,2
9950,7,7,2
9952,7,7,2
9956,6,6,2
9957,8,8,2
996,8,8,2
9978,7,7,2
998,7,7,2
9980,8,8,3
9983,7,7,2
9984,7,7,2
9988,13,13,2
9993,7,7,2
