ADDED_BADGE,REMOVED_BADGE
,1000599
,1002069
,1002438
,1003551
,1003776
,1004922
,1005333
,1006742
,1008561
,1011284
,1011618
,1011636
,1011907
,1013215
,1014876
,1023506
,1024019
,1025267
,1025656
,1027643
,1031620
,1032014
,1037460
,1040053
,1041267
,1041472
,1043600
,1047044
,1056544
,1057839
,1064795
,1066104
,1070122
,1071140
,1072148
,1072927
,1073505
,1073518
,1073528
,1073627
,1073700
,1073731
,1074022
,1074057
,1074226
,1074268
,1074785
,1074801
,1075687
,1076117
,1076497
,1076676
,1079088
,1079089
,1079090
,1079091
,1080125
,1080140
,1080141
,1080142
,1080143
,1080166
,1080167
,1080173
,1080174
,1080776
,1081768
,1081769
,1081770
,1081771
,1083373
,1083404
,1090220
,1090430
,1090457
,1092465
,1092986
,1092999
,1096357
,1097200
,1098531
,1105002
,1106501
,1110125
,1112356
,1112706
,1113930
,1118968
,1120607
,1120632
,1121549
,1121869
,1122445
,1126304
,1128729
,1128855
,1128880
,1130648
,1130926
,1132303
,1132489
,1132903
,1133474
,1133676
,1134667
,1135344
,1136146
,1136542
,1136544
,1136981
,1137028
,1137376
,1138060
,1138286
,1142917
,1143161
,1146188
,1150343
,1150592
,1153453
,1154700
,1156124
,1158546
,1159911
,1163868
,1164440
,1164443
,1169949
,1173975
,1176112
,1176143
,1183879
,1184795
,1187897
,1187908
,1190722
,1196498
,1196842
,1216714
,1223291
,1223489
,1223553
,1227040
,1229118
,1229550
,1232069
,1234575
,1237772
,1246096
,1248307
,1253759
,1254960
,1254981
,1266352
,1268418
,1269272
,1271362
,1271945
,1272360
,1273455
,1275406
,1278286
,1278341
,1278884
,1281023
,1298173
,1301536
,1302132
,1306371
,1306804
