NEW_CLUSTER,NEW_SIZE,BADGES_IN_COMMON,MERGED_FROM
1000,13,13,3
1001,13,13,2
10014,7,7,2
10017,9,9,2
10018,7,7,2
10026,8,8,2
10029,13,13,3
10037,7,7,2
10055,3,3,2
10062,10,10,2
10069,9,9,2
10075,6,6,2
10090,12,12,3
10106,7,7,2
1011,13,13,4
10120,10,10,2
10123,6,6,2
10125,6,6,2
10132,2,2,2
10135,7,7,2
10142,7,7,2
10157,9,9,2
10161,9,9,3
10170,2,2,2
10193,8,8,2
10196,10,10,2
10209,14,14,4
10215,10,10,3
10217,8,8,2
10222,14,14,4
10225,17,17,2
1023,7,7,2
10234,9,9,2
10237,6,6,2
10239,4,4,2
10242,7,7,2
10257,10,10,2
10264,6,6,4
10269,9,9,2
10275,8,8,2
10282,7,7,2
10283,7,7,2
10286,10,10,3
10307,5,5,2
10309,8,8,2
10315,15,15,2
10320,10,10,3
10326,9,9,3
10330,14,14,2
10338,9,9,2
10340,16,16,3
1035,10,10,2
10361,4,4,2
10371,5,5,2
10376,7,7,2
10378,4,4,2
10380,7,7,2
10383,8,8,2
10402,3,3,2
10405,10,10,2
10420,8,8,2
10421,8,8,3
10425,3,3,2
10427,9,9,2
10430,9,9,2
10438,2,2,2
10444,7,7,2
10467,8,8,2
10473,3,3,2
10477,7,7,2
10481,10,10,2
10482,9,9,2
10484,10,10,3
10499,8,8,2
10502,7,7,2
10506,4,4,2
10519,24,24,3
1053,10,10,2
10540,9,9,3
1055,8,8,2
10551,9,9,2
10567,6,6,2
1057,5,5,2
10579,7,7,2
1058,26,26,2
10602,8,8,2
10603,7,7,2
10604,2,2,2
10605,7,7,2
10611,13,13,2
10623,8,8,2
10639,7,7,2
10682,8,8,2
10686,7,7,2
10699,8,8,2
10728,7,7,3
10735,9,9,2
10741,7,7,2
10776,8,8,2
10780,17,17,2
10789,11,11,2
10816,7,7,2
10831,8,8,2
10843,10,10,2
10849,10,10,3
10856,10,10,2
10866,10,10,2
10870,8,8,2
10872,10,10,3
10875,7,7,2
10906,3,3,2
10915,11,11,2
10944,7,7,2
1095,6,6,3
10980,10,10,2
10982,7,7,2
11002,15,15,3
11004,3,3,2
11011,3,3,2
11013,9,9,2
11014,7,7,2
11017,2,2,2
11023,9,9,2
11025,7,7,2
11030,2,2,2
11046,10,10,2
1105,5,5,2
11050,7,7,2
11051,8,8,3
1106,13,13,4
11066,7,7,2
1107,8,8,3
11080,8,8,2
11086,10,10,4
1109,8,8,2
11099,7,7,2
11100,6,6,2
11105,8,8,3
1111,13,13,3
1112,5,5,3
11142,2,2,2
11143,9,9,2
11144,2,2,2
11150,6,6,2
1119,8,8,2
11207,6,6,2
11212,6,6,2
1122,7,7,2
11220,13,13,2
11242,14,14,3
11268,2,2,2
11276,7,7,2
1128,9,9,3
11284,10,10,2
1129,9,9,2
11292,10,10,3
11293,7,7,2
11296,8,8,2
1130,9,9,2
11318,11,11,4
11321,6,6,2
11337,8,8,2
11340,7,7,2
11346,8,8,2
1136,11,11,2
11362,7,7,2
11380,7,7,2
11381,10,10,2
11383,7,7,2
11395,9,9,3
11396,9,9,2
11405,9,9,4
11409,8,8,3
11415,18,18,2
11418,7,7,2
11422,4,4,2
11427,7,7,2
11429,5,5,3
11431,7,7,2
11434,8,8,2
11436,8,8,2
11441,12,12,3
11447,8,8,2
11449,7,7,2
1146,7,7,2
11460,9,9,2
11466,11,11,2
11469,8,8,2
11483,3,3,2
11507,9,9,2
11519,2,2,2
11522,10,10,2
11537,9,9,2
1154,7,7,2
11543,8,8,3
11547,13,13,3
11558,4,4,2
1156,7,7,2
11580,13,13,2
11585,3,3,3
11588,11,11,2
1159,7,7,2
11590,12,12,4
11593,7,7,2
11600,7,7,2
11608,10,10,2
11624,7,7,3
11631,9,9,2
11636,7,7,2
11646,2,2,2
11653,2,2,2
11664,13,13,2
11666,8,8,2
11669,11,11,2
1167,8,8,2
11687,9,9,4
11690,8,8,2
11693,7,7,2
11699,6,6,2
11704,10,10,3
11705,18,18,4
11707,3,3,2
11710,6,6,3
11711,6,6,2
11715,6,6,2
1172,8,8,2
11722,8,8,2
11734,9,9,3
11744,7,7,3
11746,13,13,2
11749,8,8,2
11750,8,8,3
11753,7,7,2
11759,7,7,3
11760,7,7,2
11781,10,10,2
11782,9,9,2
11786,8,8,2
1179,4,4,2
11790,7,7,2
11791,6,6,2
11792,8,8,2
11795,10,10,3
11818,9,9,4
11825,2,2,2
11838,6,6,3
11840,9,9,2
11841,9,9,2
11843,5,5,2
11851,5,5,2
11857,9,9,2
1186,6,6,3
11860,15,15,2
11864,6,6,5
11874,7,7,2
11877,9,9,3
11883,9,9,3
1189,9,9,3
11890,6,6,2
11893,7,7,2
11898,7,7,2
1190,7,7,2
11900,7,7,2
11902,7,7,2
11908,4,4,2
11921,10,10,2
1193,7,7,2
11939,9,9,2
11946,8,8,2
1196,7,7,2
11963,2,2,2
11970,7,7,2
11972,8,8,2
11980,10,10,2
11999,6,6,2
12015,8,8,2
12038,7,7,3
12040,2,2,2
12042,11,11,2
12048,4,4,2
12058,9,9,2
12067,6,6,2
12093,6,6,3
12099,14,14,4
12107,11,11,2
12118,7,7,2
12121,9,9,3
12137,7,7,2
12141,7,7,2
12156,7,7,2
12158,9,9,2
12162,6,6,4
12163,7,7,2
12166,7,7,3
12168,9,9,2
12175,8,8,2
12177,9,9,2
12190,5,5,2
12191,8,8,2
12204,8,8,2
12207,10,10,2
12209,7,7,2
12222,10,10,2
12223,8,8,2
12225,8,8,5
12227,7,7,2
12228,8,8,2
1223,8,8,2
12232,7,7,2
12234,10,10,2
12260,7,7,2
12263,10,10,2
12293,10,10,2
12299,12,12,3
1230,8,8,3
12302,10,10,6
12307,9,9,3
12315,8,8,2
12326,8,8,2
12329,14,14,2
1234,8,8,2
12344,8,8,2
12345,2,2,2
12349,7,7,2
12356,9,9,2
1236,9,9,3
12369,7,7,4
12371,10,10,3
12372,3,3,2
12381,7,7,2
12395,7,7,2
12408,10,10,2
1242,10,10,3
12420,9,9,2
12425,7,7,2
12434,9,9,2
12437,10,10,2
12438,9,9,2
12443,8,8,2
12454,5,5,3
12455,4,4,3
12460,7,7,3
12461,10,10,2
12465,3,3,2
12466,9,9,3
12467,8,8,2
1247,7,7,2
12473,8,8,2
12479,5,5,2
1248,9,9,2
12482,11,11,2
12486,9,9,2
12497,7,7,2
12516,19,19,4
12523,12,12,2
12530,10,10,3
12539,13,13,4
12540,3,3,2
12552,8,8,2
12572,4,4,2
12574,7,7,2
12626,8,8,2
12628,8,8,2
12634,9,9,2
12637,7,7,2
12641,7,7,2
12642,5,5,4
12652,8,8,4
12654,18,18,3
12657,10,10,4
12672,9,9,2
12679,3,3,3
12695,2,2,2
12720,9,9,2
12732,6,6,2
12736,6,6,2
12744,7,7,2
12748,9,9,3
12750,9,9,2
12756,7,7,2
1276,7,7,2
12763,10,10,2
12771,6,6,2
12773,2,2,2
1278,19,19,4
12790,8,8,2
1280,12,12,6
12808,7,7,2
12820,7,7,2
12837,7,7,2
12848,8,8,2
12859,9,9,2
1288,7,7,2
12894,9,9,2
12899,10,10,4
12904,9,9,4
12906,9,9,3
12913,7,7,2
12914,11,11,3
12920,8,8,3
12921,8,8,3
12926,7,7,2
12927,11,11,2
12937,12,12,2
1295,6,6,2
12967,7,7,2
12972,8,8,2
12975,10,10,2
12976,8,8,4
12977,11,11,2
12990,7,7,2
12996,9,9,2
12997,4,4,2
13008,7,7,2
1301,14,14,2
13019,8,8,2
1302,9,9,2
13030,7,7,2
13031,7,7,2
1305,8,8,2
13051,6,6,2
13071,13,13,5
13074,8,8,2
13079,7,7,2
13086,9,9,3
13110,4,4,2
1312,8,8,2
1314,9,9,5
13141,11,11,3
13145,10,10,2
1315,9,9,2
13160,7,7,2
13182,6,6,2
13188,7,7,3
13191,10,10,2
1320,20,20,4
13219,7,7,2
1322,9,9,2
13220,7,7,2
13221,6,6,2
13237,2,2,2
13241,13,13,3
1325,7,7,2
13257,8,8,3
1326,6,6,2
13264,9,9,2
1327,2,2,2
13271,8,8,2
13275,4,4,2
13283,9,9,2
13286,14,14,11
13302,9,9,2
13308,10,10,2
13312,9,9,2
13316,7,7,2
13322,13,13,2
13345,2,2,2
13349,9,9,2
13356,8,8,2
13370,6,6,3
13375,13,13,2
13376,8,8,2
13379,5,5,2
13406,9,9,4
13407,7,7,2
13409,8,8,2
13410,7,7,2
13416,7,7,2
13430,26,26,3
13432,8,8,2
13437,9,9,3
13442,4,4,4
13455,10,10,2
13464,7,7,2
13469,6,6,2
13473,7,7,2
13480,9,9,2
13483,5,5,2
13540,9,9,2
13558,8,8,2
13656,6,6,2
13658,10,10,4
13659,14,14,2
13662,12,12,3
13669,11,11,2
13683,9,9,2
13707,5,5,2
13708,9,9,2
13725,9,9,2
13728,7,7,2
13730,10,10,2
13738,10,10,2
13744,8,8,3
13745,9,9,3
13747,9,9,3
13772,8,8,2
13775,9,9,2
1389,7,7,2
13949,10,10,3
13953,2,2,2
13956,12,12,2
13962,7,7,3
13970,8,8,2
13973,7,7,3
13974,16,16,2
13975,8,8,2
13980,8,8,2
13983,14,14,2
13987,48,48,6
13995,7,7,2
13996,11,11,2
13997,13,13,2
14000,8,8,2
14003,11,11,2
14007,8,8,2
14009,7,7,2
14010,8,8,2
14014,8,8,2
14016,8,8,2
14019,10,10,3
14027,8,8,2
14030,15,15,6
1404,8,8,2
14052,2,2,2
14059,4,4,2
14062,7,7,2
14066,11,11,3
14069,8,8,2
14071,4,4,2
14083,2,2,2
14087,9,9,2
14090,6,6,2
14092,3,3,3
14102,3,3,2
14103,7,7,2
14114,8,8,2
1412,8,8,2
14168,8,8,2
14170,2,2,2
14179,19,19,4
14216,9,9,2
1424,7,7,2
14242,9,9,2
1426,9,9,2
14261,2,2,2
14263,6,6,2
14275,4,4,2
14288,6,6,2
14309,6,6,2
14310,7,7,2
14316,8,8,3
14317,7,7,2
14319,12,12,2
14323,8,8,2
1433,18,18,7
14357,4,4,2
14365,10,10,2
14372,6,6,3
14378,2,2,2
14379,9,9,3
14385,7,7,2
14392,4,4,2
14412,12,12,3
1442,7,7,2
1443,8,8,2
14461,11,11,2
14488,8,8,2
14515,14,14,3
14522,2,2,2
14529,10,10,2
14551,9,9,2
14560,5,5,2
14563,3,3,2
14564,8,8,2
14572,10,10,3
14581,15,15,5
14588,2,2,2
14596,9,9,3
14599,10,10,2
14614,9,9,4
14625,9,9,2
14647,10,10,3
14651,7,7,2
14657,9,9,2
14670,7,7,2
14679,3,3,3
14685,3,3,2
14688,7,7,2
1469,8,8,3
14701,10,10,3
14704,12,12,3
14720,4,4,4
14724,9,9,2
14733,7,7,2
14744,2,2,2
14753,6,6,2
14759,6,6,3
14769,6,6,2
14774,7,7,2
14785,2,2,2
14791,7,7,2
14795,6,6,2
14807,7,7,2
14814,7,7,2
14815,7,7,3
14825,8,8,3
14831,6,6,2
14832,4,4,3
14833,8,8,3
1484,8,8,3
14845,7,7,3
14847,8,8,2
14848,2,2,2
14850,8,8,2
14852,4,4,2
14862,8,8,2
14866,12,12,2
1487,12,12,2
14873,9,9,2
14874,4,4,4
1488,7,7,2
14882,10,10,2
1490,9,9,3
14902,3,3,2
14906,10,10,2
14907,5,5,4
14908,2,2,2
14923,6,6,3
14926,2,2,2
1493,68,68,5
14931,4,4,3
14948,9,9,2
14962,7,7,2
14967,7,7,2
14969,8,8,2
14971,9,9,2
14982,10,10,2
14983,9,9,2
14993,6,6,2
14997,4,4,3
15001,4,4,2
15003,9,9,2
15006,10,10,2
15016,5,5,2
15036,7,7,2
15059,4,4,3
15063,7,7,2
1507,7,7,2
15081,3,3,2
15083,6,6,2
15093,8,8,2
15100,14,14,3
15102,10,10,2
15107,8,8,2
15124,9,9,2
15134,7,7,2
15135,9,9,2
15138,10,10,3
15159,5,5,2
1516,10,10,4
15178,11,11,3
1518,7,7,2
15185,4,4,2
15202,8,8,2
15204,4,4,2
15228,10,10,2
15229,7,7,2
15233,11,11,2
15234,13,13,2
15251,4,4,2
15257,10,10,3
15267,8,8,2
15268,9,9,2
15270,8,8,2
15275,8,8,2
15276,4,4,2
15285,8,8,2
15296,7,7,2
15301,8,8,2
15327,8,8,2
15365,10,10,2
15375,13,13,3
15376,11,11,2
15379,12,12,4
15389,13,13,2
15400,10,10,2
15404,9,9,3
15405,9,9,2
15408,7,7,2
15411,7,7,2
1542,9,9,4
15423,8,8,2
15429,14,14,3
15438,8,8,2
15441,5,5,2
15445,2,2,2
15460,8,8,2
15462,9,9,2
15464,9,9,2
15468,10,10,2
15475,9,9,2
15510,10,10,2
15515,9,9,2
15517,9,9,2
15527,7,7,2
15529,7,7,3
15536,6,6,2
15543,9,9,2
15544,8,8,2
1555,15,15,2
15551,12,12,2
1556,7,7,2
15578,15,15,2
15596,13,13,4
15622,8,8,2
15652,13,13,3
15654,6,6,2
15657,9,9,2
15669,4,4,2
1567,8,8,2
15675,9,9,2
15696,3,3,2
15708,2,2,2
15724,7,7,2
15740,10,10,2
15741,6,6,2
15745,6,6,2
1575,8,8,2
15750,9,9,2
15754,7,7,2
15759,11,11,2
1576,10,10,4
15770,9,9,3
15775,12,12,2
1579,12,12,3
15799,10,10,2
15800,8,8,3
15803,7,7,2
15815,9,9,2
15825,7,7,2
1583,7,7,2
15849,14,14,2
15853,11,11,3
15855,7,7,2
15859,8,8,2
15867,13,13,4
15874,11,11,2
15887,9,9,2
15889,8,8,3
1589,12,12,2
15891,10,10,2
15895,10,10,3
15913,9,9,3
15915,7,7,2
15926,3,3,2
15927,10,10,3
15930,2,2,2
15941,5,5,2
15944,10,10,2
15952,2,2,2
15969,6,6,2
15973,2,2,2
15984,12,12,3
15995,10,10,2
16017,13,13,2
16021,7,7,2
16026,5,5,2
16035,9,9,3
1606,3,3,2
16079,6,6,3
16083,11,11,2
161,7,7,2
1611,6,6,2
16127,6,6,2
16135,14,14,2
16139,10,10,2
16153,10,10,2
16160,7,7,2
16161,8,8,2
16164,8,8,2
1617,6,6,2
16182,25,25,4
16192,12,12,2
16205,7,7,2
16208,7,7,2
16219,17,17,2
16241,8,8,3
16244,29,29,5
16251,4,4,3
16256,8,8,3
16272,7,7,2
16299,8,8,2
16300,11,11,6
1631,7,7,2
16315,8,8,3
16316,9,9,2
16324,7,7,3
16325,7,7,2
16328,15,15,4
1633,8,8,3
16333,10,10,2
16337,6,6,2
16342,4,4,2
16344,9,9,2
16351,13,13,2
16360,6,6,2
16363,3,3,2
16371,10,10,2
1638,9,9,2
1639,8,8,3
16395,5,5,2
16401,6,6,3
16424,5,5,2
16425,2,2,2
16436,8,8,2
1644,11,11,2
16459,10,10,3
1646,11,11,2
16487,8,8,3
16497,9,9,2
16520,8,8,2
16524,8,8,2
16539,13,13,3
16544,15,15,3
16547,11,11,3
16549,13,13,2
16557,18,18,2
16562,10,10,3
16568,11,11,2
1658,9,9,2
16583,8,8,2
16599,12,12,3
16602,8,8,2
16606,6,6,2
16611,2,2,2
16613,9,9,4
16615,6,6,4
16616,7,7,3
16617,8,8,3
16619,4,4,2
16620,12,12,2
16622,9,9,2
16637,11,11,2
16638,14,14,3
16643,6,6,2
16648,6,6,2
16650,5,5,4
1666,9,9,2
16660,10,10,2
16662,2,2,2
1667,8,8,2
16670,16,16,2
16676,3,3,3
16690,12,12,2
16691,7,7,2
1670,7,7,2
16713,11,11,2
16718,3,3,2
1673,7,7,2
16732,14,14,2
16744,21,21,4
16745,7,7,2
16749,9,9,2
1675,12,12,2
16755,12,12,2
16759,13,13,2
16767,10,10,2
16769,15,15,2
1677,10,10,2
16773,16,16,3
16776,5,5,4
16778,3,3,2
16790,2,2,2
16809,2,2,2
1681,8,8,2
16810,9,9,3
16811,6,6,2
16817,10,10,2
16822,16,16,5
16824,11,11,3
16825,8,8,2
16838,3,3,2
16848,4,4,2
16850,10,10,2
16859,4,4,2
1686,7,7,2
16889,2,2,2
1689,8,8,2
16899,15,15,2
16937,8,8,2
16964,7,7,4
16966,6,6,3
16972,10,10,2
16974,7,7,3
16980,4,4,2
17002,8,8,2
17004,8,8,2
1701,8,8,2
17023,9,9,2
17031,7,7,2
17074,19,19,3
17078,7,7,2
17085,7,7,2
17109,7,7,2
17118,11,11,2
1713,9,9,2
17136,6,6,2
1714,8,8,2
17150,7,7,2
17162,2,2,2
17163,8,8,3
17164,7,7,2
17178,2,2,2
17208,10,10,4
1725,7,7,2
1728,7,7,2
17287,7,7,2
17289,9,9,2
17335,9,9,3
17345,7,7,2
17354,16,16,3
17374,7,7,2
17391,15,15,3
17404,7,7,2
17426,7,7,2
17441,6,6,2
17466,4,4,2
17483,7,7,3
17486,11,11,2
17498,12,12,3
17499,11,11,3
17500,2,2,2
17513,9,9,2
17516,9,9,3
17544,6,6,2
17550,8,8,2
1756,5,5,3
17560,5,5,2
17564,8,8,2
17573,8,8,2
17575,5,5,3
17576,8,8,2
17578,6,6,2
1758,7,7,2
17582,12,12,5
1759,9,9,2
17628,8,8,2
17658,10,10,2
17662,22,22,4
17678,6,6,2
17696,6,6,2
1771,6,6,2
1772,7,7,2
1773,8,8,2
17733,8,8,3
17741,10,10,2
17749,6,6,3
17759,6,6,2
17772,7,7,2
1779,8,8,3
17804,2,2,2
17844,8,8,4
1786,6,6,2
17870,7,7,2
1788,10,10,2
17890,7,7,2
17917,8,8,3
17936,3,3,2
17937,8,8,3
17942,9,9,2
17966,7,7,2
17988,8,8,2
17992,10,10,2
17993,9,9,2
17995,7,7,2
180,14,14,3
18003,8,8,2
18016,8,8,2
18017,6,6,3
1802,9,9,2
18034,8,8,2
18035,7,7,2
18036,3,3,2
18064,10,10,2
18079,12,12,3
1810,11,11,2
1813,16,16,4
18146,7,7,2
18153,4,4,2
18159,2,2,2
18176,2,2,2
18186,9,9,2
18197,8,8,3
18208,8,8,3
18214,7,7,2
18226,8,8,2
18232,11,11,2
18262,11,11,3
18268,7,7,2
18279,9,9,2
1829,8,8,2
18300,9,9,2
18301,6,6,2
18313,10,10,4
18316,11,11,3
18317,9,9,3
18343,2,2,2
18345,10,10,2
1835,8,8,2
18352,4,4,2
18372,10,10,2
18388,11,11,2
18389,10,10,2
18395,10,10,3
18402,7,7,2
18403,7,7,2
18404,8,8,2
18408,7,7,2
18424,8,8,2
18429,11,11,2
1843,7,7,2
18434,10,10,2
18436,11,11,2
18443,7,7,2
18453,12,12,2
18456,10,10,2
18457,10,10,3
18467,9,9,2
18473,2,2,2
18477,14,14,3
18481,8,8,2
18485,12,12,2
18486,11,11,2
18498,15,15,2
18501,6,6,2
18502,6,6,2
18515,9,9,2
18529,3,3,2
18532,3,3,2
18534,11,11,2
1856,3,3,2
18572,10,10,2
18573,13,13,2
18577,8,8,2
1858,8,8,3
18581,14,14,2
18590,7,7,3
1860,3,3,3
18600,2,2,2
18634,6,6,2
18635,13,13,4
1865,6,6,2
1866,7,7,2
18678,2,2,2
18694,6,6,2
18695,6,6,2
18704,9,9,2
18705,7,7,2
18708,7,7,2
18738,7,7,2
18774,10,10,3
1882,10,10,2
18851,18,18,3
18887,7,7,3
18889,14,14,2
1889,12,12,3
18890,7,7,2
18891,8,8,2
18892,8,8,2
18893,2,2,2
18898,9,9,2
1890,9,9,2
18905,11,11,2
18911,16,16,3
18912,15,15,2
18913,5,5,2
18922,10,10,2
18925,9,9,2
18929,9,9,2
18930,11,11,2
18932,13,13,3
18934,8,8,2
18936,12,12,3
18937,10,10,2
18942,9,9,2
18944,7,7,2
18955,46,46,10
18959,9,9,4
18972,6,6,2
18975,16,16,2
18976,8,8,2
18977,8,8,2
18982,11,11,2
18992,12,12,2
18998,6,6,2
1900,10,10,2
19003,24,24,2
19018,17,17,3
19025,8,8,2
19028,10,10,2
19030,3,3,2
19037,8,8,2
1904,10,10,3
19040,9,9,2
19050,5,5,2
19051,10,10,2
19054,7,7,2
19065,8,8,2
19078,16,16,3
19086,8,8,3
19090,7,7,2
19108,9,9,2
19110,6,6,2
19115,17,17,2
19118,10,10,2
19121,7,7,2
19130,21,21,3
19133,13,13,3
19138,15,15,2
19145,6,6,2
19148,5,5,2
19150,11,11,2
19156,10,10,2
19159,13,13,6
19165,10,10,2
19166,9,9,3
19178,12,12,4
19182,20,20,5
19187,10,10,2
19189,20,20,4
1922,7,7,2
19224,9,9,2
19247,8,8,2
19252,9,9,2
193,9,9,2
1930,7,7,2
19307,8,8,2
19308,2,2,2
19331,2,2,2
19338,8,8,2
19358,12,12,3
19385,8,8,2
19417,12,12,2
19433,10,10,5
19439,9,9,2
19453,8,8,2
19503,2,2,2
19510,6,6,2
19604,35,35,5
19643,13,13,2
19644,11,11,2
19656,14,14,3
1966,5,5,2
1967,7,7,2
19673,8,8,3
19674,13,13,2
19682,2,2,2
19690,2,2,2
19694,10,10,2
19717,12,12,3
19724,9,9,2
19754,8,8,2
19770,11,11,2
19779,24,24,3
19814,9,9,2
19816,11,11,4
19819,8,8,3
19821,3,3,2
1983,8,8,2
19844,7,7,2
19854,21,21,2
19856,11,11,2
19873,8,8,2
19891,8,8,2
19896,17,17,2
1990,7,7,2
19917,11,11,2
19921,10,10,2
19930,7,7,2
19934,8,8,2
1997,5,5,2
19981,9,9,3
19984,16,16,3
19987,9,9,2
19991,7,7,2
19999,4,4,2
2001,9,9,2
20024,13,13,2
20028,8,8,2
20036,10,10,2
20053,11,11,4
20054,13,13,2
20057,7,7,2
20068,11,11,5
20090,11,11,2
20101,13,13,2
20109,8,8,2
20128,10,10,2
2013,7,7,2
20138,13,13,2
20141,12,12,2
2015,14,14,2
20158,10,10,2
20181,7,7,4
20183,11,11,4
20184,8,8,3
20185,9,9,2
2019,9,9,2
20200,11,11,4
20205,8,8,2
20207,2,2,2
20209,9,9,2
20225,15,15,2
2027,8,8,2
20270,11,11,4
20272,13,13,4
20277,9,9,2
20289,13,13,3
20302,8,8,2
20321,9,9,2
20328,9,9,2
20338,11,11,5
20356,9,9,2
20364,11,11,3
20372,8,8,2
20376,3,3,2
20393,8,8,2
2040,6,6,2
20404,8,8,2
20416,10,10,3
20459,15,15,2
20460,11,11,2
20469,8,8,2
20476,9,9,3
20490,8,8,2
20491,8,8,2
20492,12,12,2
20499,7,7,2
205,4,4,2
20509,11,11,4
2051,9,9,2
20530,7,7,2
20547,6,6,2
20549,8,8,3
20562,6,6,2
20566,7,7,2
2057,8,8,2
20570,7,7,2
20575,6,6,2
2059,7,7,2
20595,10,10,2
20611,15,15,2
20613,15,15,2
20623,11,11,2
20625,10,10,2
20647,7,7,2
20653,12,12,3
20658,8,8,2
20677,10,10,3
20679,7,7,2
20692,9,9,2
20708,9,9,3
2072,8,8,2
20736,19,19,2
20747,15,15,2
20767,6,6,2
20806,47,47,9
20809,3,3,2
20810,8,8,2
20833,2,2,2
20863,20,20,3
20864,88,88,17
20870,6,6,2
20882,2,2,2
20907,8,8,2
20913,20,20,2
20924,4,4,2
20926,8,8,3
20930,12,12,2
20935,10,10,2
20944,17,17,2
20956,3,3,2
20980,6,6,3
20987,7,7,2
21004,8,8,2
21013,22,22,10
21023,14,14,3
21057,2,2,2
21075,9,9,2
21078,6,6,2
21083,21,21,4
21090,9,9,3
21097,4,4,2
21098,10,10,3
211,20,20,6
21157,2,2,2
21158,6,6,2
21163,10,10,2
21178,16,16,2
21190,10,10,2
21192,7,7,2
21198,10,10,2
21200,23,23,2
21237,13,13,2
21238,6,6,2
21249,7,7,2
21251,7,7,2
21252,5,5,2
21261,13,13,3
21264,6,6,2
21265,2,2,2
21271,10,10,2
2128,5,5,2
2131,7,7,2
21332,13,13,2
21335,9,9,2
21338,5,5,2
21343,12,12,3
21351,9,9,2
21356,15,15,7
21359,20,20,2
21365,9,9,3
21370,8,8,2
21372,8,8,2
21375,8,8,2
21383,11,11,2
21394,7,7,2
214,6,6,2
21404,6,6,2
21414,30,30,5
21420,16,16,3
21431,6,6,2
21455,12,12,3
21457,7,7,2
21469,8,8,2
21475,10,10,3
21478,15,15,7
21481,26,26,4
21483,5,5,2
21517,15,15,4
21522,14,14,2
21526,5,5,2
21531,7,7,2
2157,9,9,3
21573,5,5,2
21577,7,7,2
21591,8,8,2
21614,5,5,2
21617,8,8,2
21630,7,7,2
21662,9,9,2
21672,2,2,2
21685,9,9,3
21688,7,7,2
21699,7,7,2
2172,17,17,7
21728,3,3,2
21729,7,7,2
21731,2,2,2
21755,14,14,2
21757,11,11,4
21759,16,16,2
21769,5,5,2
2178,8,8,2
21781,9,9,2
21794,28,28,2
21805,12,12,3
21808,8,8,2
21814,8,8,3
21815,15,15,3
21816,4,4,2
21818,7,7,2
21823,10,10,2
21826,8,8,2
21855,6,6,2
21857,14,14,2
2186,8,8,2
21884,7,7,2
21886,9,9,2
21912,7,7,2
21917,10,10,2
21964,7,7,2
21972,7,7,2
22004,7,7,2
22006,6,6,2
22010,9,9,2
22019,5,5,2
22031,9,9,2
22040,6,6,2
22043,10,10,2
22066,9,9,2
22087,8,8,2
22099,10,10,2
22112,8,8,2
22118,12,12,3
22124,7,7,2
2214,9,9,2
22146,12,12,2
2215,9,9,3
22156,8,8,2
22159,5,5,3
22161,11,11,2
22178,10,10,2
22194,2,2,2
2220,13,13,2
22208,2,2,2
22234,7,7,2
2226,3,3,2
22267,7,7,2
22269,3,3,2
22302,17,17,2
22326,2,2,2
22348,8,8,2
22375,13,13,2
2239,11,11,2
22409,7,7,2
22415,8,8,2
22419,8,8,2
2243,4,4,3
22435,10,10,3
2244,7,7,2
22454,7,7,2
22459,8,8,2
22517,7,7,2
22526,7,7,2
22528,10,10,4
22544,7,7,2
22545,8,8,2
22562,7,7,2
22565,3,3,3
22572,7,7,2
22592,8,8,2
22595,7,7,2
22599,10,10,2
22600,6,6,3
22604,6,6,2
22616,8,8,2
22632,7,7,2
2265,8,8,2
22691,33,33,2
22699,7,7,2
2270,7,7,2
22720,11,11,2
22723,7,7,2
2273,9,9,2
22748,6,6,2
22756,7,7,2
22766,2,2,2
22780,5,5,2
22794,7,7,2
22802,8,8,2
22804,8,8,3
22810,8,8,2
22835,6,6,2
22837,5,5,2
2285,10,10,4
22859,8,8,2
2286,7,7,2
22875,15,15,2
22879,7,7,2
22905,12,12,2
2292,10,10,2
22920,7,7,2
22935,10,10,3
22940,7,7,2
22942,12,12,5
22944,4,4,2
22946,10,10,2
2296,14,14,2
22962,8,8,2
22963,8,8,2
22966,7,7,2
22968,6,6,2
22970,7,7,2
22997,8,8,2
22998,8,8,2
23,9,9,2
23013,8,8,2
23027,13,13,5
23042,11,11,2
23043,5,5,2
23048,2,2,2
2307,4,4,2
2310,8,8,4
23102,7,7,2
23106,9,9,3
2311,7,7,2
23157,11,11,2
23169,8,8,2
2320,14,14,4
23201,3,3,2
23203,10,10,2
23206,5,5,2
23207,11,11,2
23225,10,10,2
23235,6,6,2
23286,8,8,2
23287,7,7,2
23292,9,9,2
23299,8,8,2
2330,12,12,3
23305,9,9,2
23321,7,7,2
23327,7,7,2
23336,7,7,2
2335,4,4,2
2338,7,7,2
23385,6,6,2
23398,5,5,2
2340,9,9,2
23415,7,7,2
2342,7,7,2
23430,3,3,2
23450,17,17,2
23451,7,7,3
23454,10,10,2
23455,4,4,2
23457,8,8,2
23461,7,7,2
23473,9,9,2
235,13,13,2
23535,7,7,2
23551,5,5,2
23552,10,10,3
23555,7,7,2
2356,8,8,2
23564,6,6,2
23577,9,9,2
23616,29,29,3
23637,9,9,2
237,11,11,2
23707,8,8,3
23708,7,7,2
23737,9,9,2
23738,10,10,2
23744,10,10,2
2376,6,6,2
2377,9,9,2
23801,4,4,2
23813,3,3,2
23841,8,8,4
23851,4,4,2
23852,11,11,2
23875,13,13,6
23879,10,10,2
23893,4,4,2
23925,9,9,2
23945,7,7,2
23946,10,10,2
23952,9,9,2
23970,15,15,2
23971,10,10,2
23986,7,7,2
23988,8,8,2
24011,9,9,2
24021,9,9,4
24022,6,6,2
24079,6,6,2
2408,11,11,3
24094,7,7,2
2411,2,2,2
24114,9,9,2
24128,7,7,2
24155,9,9,3
24158,9,9,2
24164,6,6,2
2418,9,9,2
24191,3,3,2
24220,10,10,2
24225,3,3,2
24231,8,8,3
24234,9,9,3
24237,11,11,2
24260,8,8,2
24261,7,7,2
24279,14,14,4
24294,9,9,2
243,11,11,3
24306,17,17,2
24308,9,9,2
2431,11,11,2
24315,10,10,2
24322,20,20,3
24323,6,6,2
2434,2,2,2
2435,7,7,2
24359,11,11,4
24364,7,7,2
24365,8,8,2
24420,7,7,2
24424,7,7,2
24470,7,7,2
24483,8,8,2
2449,8,8,2
24495,9,9,2
24505,5,5,2
24524,7,7,2
24552,8,8,2
24560,16,16,5
24565,10,10,4
24569,3,3,3
24580,11,11,2
24590,10,10,5
24605,7,7,2
24652,35,35,6
24655,8,8,2
24665,6,6,2
24667,11,11,2
2467,7,7,2
24673,2,2,2
2469,13,13,4
24710,3,3,3
24714,12,12,4
24738,8,8,2
24750,6,6,2
24807,7,7,2
24817,10,10,2
24867,7,7,2
24868,7,7,2
24873,8,8,2
24890,6,6,2
24948,8,8,2
24956,7,7,2
2496,22,22,2
24963,13,13,3
2497,8,8,2
2498,7,7,2
24982,12,12,2
2506,10,10,2
25062,6,6,2
25078,2,2,2
25084,5,5,2
25089,12,12,5
2509,7,7,2
25105,7,7,2
25111,8,8,2
25126,8,8,2
25131,11,11,2
25135,5,5,3
25139,10,10,2
25158,10,10,2
25177,7,7,2
25178,13,13,4
2519,9,9,2
2524,9,9,2
25243,13,13,2
25259,6,6,2
25291,8,8,2
25292,9,9,2
2530,10,10,2
25308,11,11,3
25311,10,10,3
25317,7,7,3
25321,9,9,4
25323,11,11,2
25325,9,9,2
25327,6,6,3
25334,13,13,3
25337,5,5,2
2535,15,15,2
25353,10,10,4
25358,15,15,5
25361,8,8,3
25362,6,6,2
25368,8,8,2
25371,8,8,2
2538,8,8,2
25382,11,11,2
25384,3,3,2
25392,9,9,2
2541,12,12,3
25432,7,7,2
25436,7,7,5
25440,8,8,2
25441,6,6,2
25445,12,12,4
25446,11,11,2
25447,9,9,4
25449,10,10,2
25451,6,6,2
25463,6,6,2
25471,8,8,2
25475,3,3,2
25476,2,2,2
25479,10,10,2
25480,10,10,2
25488,8,8,2
25490,8,8,4
2550,8,8,2
25500,8,8,2
25503,7,7,3
25504,7,7,2
25505,5,5,2
25507,4,4,2
25518,7,7,2
25528,39,39,18
25538,10,10,2
25541,39,39,9
25545,7,7,3
25555,9,9,2
2556,9,9,2
25562,7,7,2
25571,11,11,2
25577,10,10,3
25581,12,12,2
25598,9,9,2
25608,10,10,2
25626,10,10,4
25631,9,9,2
25641,8,8,2
2565,10,10,2
25650,11,11,2
25655,5,5,2
25667,9,9,3
25687,5,5,3
25691,7,7,2
25694,8,8,2
25698,17,17,2
25707,23,23,4
25709,2,2,2
2571,14,14,3
25715,9,9,2
25717,13,13,2
25718,8,8,2
25727,13,13,2
25733,9,9,2
25761,11,11,3
25765,17,17,2
25778,12,12,3
25783,7,7,3
25785,8,8,2
2580,8,8,2
25817,6,6,2
25823,9,9,3
25830,34,34,4
25832,7,7,2
25839,9,9,2
2584,10,10,3
25866,16,16,3
25869,2,2,2
25872,24,24,2
25873,27,27,4
25875,15,15,3
25884,8,8,2
25885,11,11,2
2589,4,4,3
25895,7,7,3
25905,11,11,2
25906,19,19,3
25929,2,2,2
25934,6,6,2
25948,3,3,3
25958,9,9,5
25959,8,8,2
25963,5,5,2
25964,7,7,2
25968,8,8,2
25977,6,6,3
25980,7,7,2
25988,7,7,2
25990,10,10,2
25996,9,9,2
26008,8,8,2
26030,4,4,2
26035,13,13,3
26036,11,11,2
26046,12,12,2
26048,10,10,2
26070,13,13,2
26082,9,9,2
26086,15,15,2
26087,11,11,2
2609,8,8,2
26090,6,6,2
26091,10,10,4
26094,9,9,2
26117,9,9,2
26118,7,7,2
26127,5,5,2
26145,9,9,3
2616,7,7,2
26171,7,7,2
26239,16,16,5
26249,6,6,2
2625,9,9,3
26297,8,8,3
26311,8,8,2
26327,6,6,2
2633,12,12,2
26348,2,2,2
26357,11,11,2
26360,8,8,2
26363,2,2,2
26393,7,7,2
26407,8,8,2
2641,9,9,3
2642,9,9,2
26433,7,7,2
26442,5,5,2
26454,11,11,2
26455,7,7,2
26460,24,24,4
26468,12,12,4
26475,7,7,3
26478,8,8,2
26524,9,9,3
26528,17,17,2
26534,8,8,2
26574,9,9,2
26578,10,10,2
26590,10,10,4
26597,5,5,2
26602,3,3,2
26626,7,7,2
26629,14,14,3
26634,8,8,2
2664,6,6,2
26670,6,6,2
26680,13,13,3
26686,13,13,7
26729,5,5,2
26731,18,18,6
26742,4,4,2
26749,16,16,3
26758,22,22,2
26760,5,5,2
26764,8,8,3
26773,10,10,2
26782,18,18,7
26783,8,8,3
2680,6,6,2
26810,5,5,2
26811,20,20,4
26823,9,9,3
26826,16,16,5
26839,8,8,2
2686,7,7,2
26860,7,7,2
26866,7,7,2
26871,9,9,2
26876,12,12,3
2690,16,16,3
26907,12,12,2
26919,7,7,2
26945,2,2,2
27001,14,14,2
27006,10,10,2
27015,11,11,4
27017,12,12,5
27038,14,14,2
27042,12,12,4
27047,2,2,2
27053,12,12,4
27064,9,9,2
27073,17,17,2
27090,15,15,3
27096,2,2,2
27098,6,6,2
27105,9,9,2
27129,2,2,2
27131,18,18,5
27133,11,11,3
27181,11,11,2
27193,3,3,2
27194,10,10,4
27196,7,7,2
27200,2,2,2
27202,2,2,2
27203,5,5,2
27231,14,14,2
27232,8,8,2
27258,13,13,2
27271,7,7,2
27277,8,8,2
27290,11,11,2
27297,12,12,2
2730,10,10,3
27327,2,2,2
27377,12,12,2
27384,13,13,3
27385,2,2,2
27387,4,4,2
27422,13,13,2
27426,9,9,2
2743,7,7,2
27450,8,8,3
27451,7,7,2
27453,4,4,2
27468,2,2,2
275,5,5,2
27507,6,6,2
27508,5,5,2
27520,2,2,2
27524,11,11,2
27531,9,9,2
27548,8,8,2
2757,9,9,3
27579,9,9,2
2759,10,10,4
27598,12,12,3
27613,10,10,2
27623,6,6,2
27628,18,18,6
27635,2,2,2
27660,12,12,2
27673,11,11,2
27678,11,11,3
27679,2,2,2
27693,2,2,2
27697,17,17,4
27702,2,2,2
27730,5,5,2
27789,2,2,2
27806,11,11,3
27822,10,10,2
2783,7,7,2
27835,8,8,6
27866,4,4,2
2788,10,10,2
27885,8,8,2
27887,6,6,3
27888,10,10,2
279,9,9,4
2791,8,8,2
27920,6,6,2
27948,2,2,2
2797,9,9,2
2798,11,11,2
27997,10,10,2
28006,10,10,3
28025,6,6,2
28057,6,6,2
2807,3,3,2
28128,7,7,2
2813,7,7,2
28134,7,7,2
28181,10,10,3
28196,8,8,2
28207,8,8,2
28210,6,6,2
28219,9,9,3
28236,7,7,2
28243,22,22,3
28244,7,7,2
28254,2,2,2
2827,11,11,2
28296,6,6,2
28321,6,6,2
28323,11,11,2
28324,11,11,2
28335,9,9,2
28348,6,6,2
2835,2,2,2
28350,11,11,2
28356,7,7,2
28367,8,8,2
28373,8,8,2
284,23,23,10
28446,7,7,3
2845,2,2,2
28463,15,15,2
28468,12,12,5
28492,11,11,2
28500,6,6,3
28504,8,8,2
28507,9,9,2
28518,12,12,2
28524,8,8,5
28539,6,6,2
28541,10,10,3
28551,9,9,2
28557,3,3,2
28595,9,9,3
28609,8,8,2
2861,2,2,2
28613,11,11,3
28615,7,7,2
28638,17,17,7
28678,13,13,2
28679,19,19,3
28685,31,31,6
28689,10,10,3
28702,2,2,2
28704,18,18,2
28708,2,2,2
2872,9,9,2
28750,6,6,2
28762,13,13,2
28812,3,3,2
28818,2,2,2
28854,15,15,3
28881,6,6,2
28896,6,6,2
28978,7,7,2
28984,9,9,3
29,3,3,3
2902,10,10,2
29038,6,6,2
29043,12,12,2
29046,5,5,2
2907,5,5,2
29071,8,8,3
29082,4,4,2
29098,6,6,2
29104,7,7,2
29116,9,9,3
29135,7,7,3
29136,7,7,2
29138,7,7,2
29144,7,7,2
29149,5,5,3
29158,3,3,2
29159,5,5,2
29171,4,4,3
29183,16,16,2
2921,8,8,2
29223,5,5,2
29234,6,6,2
29238,6,6,2
29239,6,6,3
2924,7,7,2
29242,7,7,2
29247,5,5,2
29255,11,11,3
29276,13,13,2
29301,23,23,4
29311,6,6,2
29325,3,3,2
29338,3,3,3
29339,10,10,5
29340,12,12,9
29341,6,6,3
29361,14,14,3
29384,7,7,2
29403,7,7,3
29435,6,6,2
29436,6,6,2
29437,10,10,3
2945,6,6,2
29492,10,10,3
29497,4,4,3
29528,24,24,4
29536,8,8,2
29554,8,8,2
29560,6,6,3
29579,5,5,2
29585,12,12,5
29587,4,4,3
29608,9,9,3
29609,7,7,3
2962,17,17,4
29632,6,6,3
29657,7,7,2
2969,17,17,2
2970,10,10,2
29707,2,2,2
2971,11,11,2
29711,5,5,2
29715,25,25,3
29726,14,14,3
29730,7,7,2
2976,7,7,2
29766,3,3,2
29781,7,7,2
29818,2,2,2
2985,8,8,2
29855,21,21,2
29857,13,13,2
29870,7,7,2
29872,6,6,2
29879,7,7,3
29885,8,8,2
29927,4,4,3
29941,6,6,2
29947,7,7,2
30013,20,20,4
30016,10,10,2
3002,7,7,2
30023,7,7,2
30029,9,9,3
30053,2,2,2
30058,7,7,2
30077,14,14,2
3010,9,9,2
30100,7,7,2
30134,8,8,2
30135,9,9,2
30172,8,8,2
30175,9,9,2
30188,19,19,3
30243,4,4,2
3025,10,10,3
30257,13,13,5
30303,2,2,2
3031,24,24,6
30313,8,8,2
30318,11,11,2
30335,12,12,2
30336,4,4,2
30355,19,19,2
30357,9,9,2
30360,6,6,2
3037,12,12,2
30379,2,2,2
30384,2,2,2
30396,7,7,2
30399,14,14,3
30406,7,7,2
30467,16,16,2
3047,18,18,2
30493,13,13,2
305,5,5,2
3054,9,9,2
30553,6,6,2
30567,8,8,2
30584,7,7,2
30586,5,5,3
30595,9,9,2
3061,17,17,2
30620,8,8,2
30648,2,2,2
30649,7,7,2
30658,10,10,2
3069,7,7,2
30690,7,7,2
3070,6,6,2
30704,8,8,2
30747,2,2,2
30780,7,7,2
3083,2,2,2
30841,12,12,2
30872,5,5,2
30881,11,11,3
30889,2,2,2
30926,14,14,3
30973,12,12,5
30983,8,8,2
31003,13,13,2
3101,7,7,2
31015,7,7,2
31041,5,5,2
31069,16,16,2
31070,5,5,2
31083,10,10,3
31086,3,3,2
31124,2,2,2
31148,3,3,2
31160,8,8,2
31166,10,10,3
3122,7,7,2
31228,7,7,2
31233,8,8,2
31237,14,14,4
31238,9,9,2
31241,7,7,4
31249,9,9,3
31257,8,8,3
31263,8,8,2
31272,11,11,2
31281,13,13,2
31304,16,16,2
31305,20,20,2
31309,14,14,2
31313,10,10,2
31314,3,3,2
31318,6,6,2
31332,6,6,2
31334,11,11,2
31337,7,7,2
31341,10,10,4
31348,7,7,3
31365,19,19,4
31372,8,8,2
31376,7,7,2
31378,7,7,2
31384,9,9,2
31414,13,13,2
31425,3,3,2
31430,4,4,2
31440,6,6,2
31441,10,10,3
31442,9,9,3
31444,8,8,2
31459,9,9,4
3147,3,3,3
3149,9,9,2
31492,9,9,2
31542,5,5,2
31557,5,5,2
31561,9,9,2
3158,8,8,2
31617,9,9,2
31625,10,10,2
3163,5,5,3
31638,10,10,4
31646,9,9,3
31664,20,20,4
31694,12,12,2
31700,22,22,2
31714,12,12,2
31727,7,7,2
31770,16,16,4
31780,10,10,2
31781,10,10,2
31794,4,4,2
31805,9,9,2
31811,9,9,2
31813,17,17,2
31821,8,8,2
31826,15,15,2
31831,7,7,2
31836,12,12,2
3185,10,10,3
31852,17,17,2
3188,9,9,3
31917,2,2,2
31918,9,9,2
31923,3,3,2
31924,5,5,2
31932,15,15,3
3195,7,7,2
31964,5,5,2
31985,7,7,2
32006,32,32,4
3202,4,4,3
32039,7,7,2
3204,7,7,3
3206,6,6,2
32067,9,9,2
3208,7,7,2
32085,2,2,2
32105,10,10,2
3212,4,4,2
3214,6,6,2
32148,10,10,3
32176,4,4,2
32183,7,7,2
3219,8,8,2
32192,8,8,2
32199,7,7,2
32204,13,13,2
32214,7,7,2
32236,8,8,2
32237,9,9,2
32238,11,11,2
32268,10,10,2
3227,8,8,2
32276,12,12,2
32278,8,8,3
32280,35,35,5
32281,2,2,2
32287,13,13,3
32294,11,11,2
32301,6,6,2
32307,2,2,2
32311,7,7,2
32316,13,13,2
32318,17,17,4
32321,12,12,2
32332,22,22,3
32333,7,7,2
32346,10,10,2
32349,8,8,2
32364,6,6,3
32369,6,6,2
3237,9,9,2
32383,5,5,2
32385,21,21,2
32395,8,8,2
32426,6,6,2
3243,7,7,2
32458,18,18,4
32476,10,10,2
32493,7,7,2
32500,7,7,2
3251,18,18,2
32512,11,11,2
32516,19,19,2
32527,9,9,4
32528,3,3,2
32550,2,2,2
32558,9,9,2
32584,3,3,2
32592,2,2,2
32598,9,9,2
3263,10,10,3
32650,7,7,2
3270,9,9,2
32702,8,8,2
32707,11,11,2
32708,10,10,3
32732,9,9,2
32745,8,8,2
3275,8,8,2
32751,8,8,2
32756,3,3,2
32757,7,7,2
32778,6,6,2
32786,7,7,2
32811,5,5,2
3285,2,2,2
32858,10,10,2
32860,10,10,2
3288,8,8,3
32919,7,7,2
32923,8,8,2
32928,2,2,2
32953,7,7,2
32955,2,2,2
3297,12,12,2
32984,2,2,2
330,22,22,2
33001,10,10,2
33038,3,3,2
3304,6,6,3
33057,6,6,2
3306,8,8,2
3316,3,3,3
33169,10,10,2
3317,4,4,2
33189,18,18,3
33203,5,5,2
3321,7,7,2
3322,9,9,2
33227,20,20,2
3325,9,9,3
33250,16,16,2
33259,7,7,2
3326,10,10,2
33261,2,2,2
33270,7,7,3
33273,30,30,2
33278,2,2,2
33282,8,8,3
33283,12,12,4
33305,9,9,2
33315,4,4,2
3332,8,8,2
33372,4,4,2
3338,9,9,2
33380,12,12,3
33387,9,9,2
33406,12,12,2
33416,2,2,2
33440,10,10,2
33444,7,7,2
33458,6,6,2
33464,8,8,2
33474,7,7,2
3348,8,8,2
33501,10,10,2
33510,14,14,3
33516,25,25,2
33521,16,16,4
33522,10,10,2
33524,10,10,2
33539,8,8,2
33549,8,8,2
33558,12,12,2
33559,6,6,2
33569,6,6,2
3357,8,8,2
3359,34,34,8
3362,9,9,2
33633,7,7,2
33637,7,7,2
33651,12,12,2
33652,6,6,2
33660,7,7,2
33661,7,7,2
33669,7,7,2
33678,7,7,2
33690,9,9,2
33691,9,9,3
33694,7,7,2
33703,6,6,2
33708,7,7,2
33718,5,5,2
33725,8,8,2
33728,16,16,2
33732,7,7,2
33746,13,13,2
33753,9,9,2
33757,16,16,3
33766,8,8,2
33772,7,7,2
33777,71,71,5
33778,17,17,2
33779,16,16,3
33784,12,12,2
33791,10,10,4
33792,40,40,6
33793,12,12,6
33795,76,76,8
33800,14,14,4
33808,7,7,2
33809,9,9,2
33812,10,10,2
33818,3,3,3
33821,9,9,2
33823,10,10,3
33826,17,17,3
3383,2,2,2
3384,8,8,2
33853,10,10,3
33859,27,27,5
3386,7,7,2
33863,2,2,2
33881,12,12,3
33885,2,2,2
33886,5,5,2
33902,3,3,2
33912,23,23,3
33920,11,11,5
33921,13,13,2
33924,7,7,2
33931,11,11,2
33979,3,3,2
33989,16,16,3
3399,8,8,3
33992,11,11,2
33994,10,10,2
3400,5,5,2
34001,7,7,2
34012,8,8,2
34036,10,10,2
34068,9,9,2
34079,11,11,2
34088,8,8,2
3409,6,6,2
34095,8,8,3
34112,9,9,2
34116,7,7,2
34131,6,6,3
34134,30,30,8
34138,14,14,4
3414,17,17,4
34143,8,8,2
34144,7,7,2
3416,13,13,2
34172,6,6,2
34173,4,4,2
34192,8,8,2
3420,3,3,2
34228,10,10,2
34248,29,29,4
34259,10,10,3
34314,8,8,2
34322,10,10,2
3435,7,7,2
34362,11,11,3
34378,2,2,2
34388,8,8,2
34407,14,14,2
34419,4,4,2
34429,3,3,2
34441,7,7,2
34472,4,4,2
34481,8,8,2
34483,15,15,2
34490,6,6,2
34504,21,21,5
3451,8,8,2
34516,9,9,2
34542,4,4,2
3455,11,11,2
34562,7,7,2
3457,3,3,2
34596,7,7,2
34612,32,32,5
34617,11,11,3
34622,23,23,3
34629,23,23,3
34673,25,25,2
34676,13,13,4
34692,8,8,2
34708,2,2,2
3474,9,9,2
34770,17,17,2
34775,10,10,2
34787,3,3,2
3479,7,7,2
34798,4,4,4
34800,24,24,2
34816,10,10,2
34818,10,10,2
34836,18,18,2
3484,11,11,2
34840,17,17,4
34842,13,13,2
34845,2,2,2
34849,15,15,3
34858,35,35,4
34876,6,6,2
34877,10,10,3
34878,14,14,5
34879,5,5,4
34890,16,16,2
34920,31,31,2
34925,15,15,2
34928,7,7,2
34945,7,7,2
34951,14,14,2
34954,20,20,3
34956,15,15,4
34961,8,8,2
34969,6,6,5
3497,12,12,4
34971,24,24,3
34973,15,15,3
34976,18,18,4
34978,13,13,2
34979,9,9,3
34980,7,7,2
34986,5,5,2
34987,22,22,3
34998,19,19,2
3500,10,10,2
35004,14,14,2
35005,21,21,2
3503,7,7,2
35084,7,7,2
3509,7,7,2
3510,8,8,2
3514,10,10,2
35191,2,2,2
35211,11,11,4
3525,19,19,5
35286,14,14,4
35301,8,8,2
35320,6,6,2
35357,9,9,3
3538,6,6,3
35409,16,16,4
35411,12,12,2
35421,8,8,2
35464,3,3,2
35513,15,15,3
35520,11,11,4
35521,17,17,4
35532,17,17,3
35546,8,8,2
35550,6,6,2
35563,26,26,2
35566,14,14,3
35567,22,22,3
35576,15,15,2
35577,18,18,2
3559,7,7,2
35620,7,7,2
35626,14,14,2
35666,13,13,3
3569,2,2,2
35728,7,7,2
3577,8,8,2
35832,7,7,2
35836,8,8,2
35856,9,9,2
35876,7,7,2
35896,12,12,4
3592,21,21,2
35924,5,5,2
35948,10,10,2
3595,8,8,2
35986,19,19,4
3602,7,7,2
36023,13,13,2
3604,8,8,3
36068,12,12,3
36086,10,10,2
36115,9,9,2
36135,8,8,2
36154,10,10,2
36160,5,5,2
36162,11,11,2
36179,8,8,2
3619,11,11,2
36225,12,12,2
36229,2,2,2
3626,10,10,2
36280,7,7,2
36284,2,2,2
3630,8,8,2
36304,8,8,2
3631,9,9,2
36330,4,4,2
36335,11,11,2
36353,14,14,2
36358,7,7,2
36369,5,5,2
3637,9,9,3
36381,6,6,2
36396,3,3,2
3640,7,7,2
3643,16,16,3
36463,10,10,2
36470,8,8,2
36476,21,21,2
3650,9,9,3
36504,6,6,2
36513,10,10,3
3652,12,12,2
3653,14,14,5
36532,10,10,3
3656,7,7,2
36570,8,8,2
36581,7,7,2
36582,28,28,5
36588,11,11,2
36604,4,4,2
3661,8,8,2
36625,11,11,3
36633,10,10,2
36681,14,14,3
36683,13,13,3
36687,8,8,5
3670,13,13,4
36717,8,8,2
36719,7,7,2
36723,7,7,2
3676,8,8,2
3678,8,8,2
36783,9,9,2
36790,6,6,2
36814,9,9,3
36877,11,11,3
36878,7,7,2
36881,6,6,2
36894,10,10,2
3692,10,10,2
36926,12,12,2
36941,6,6,2
36951,9,9,2
36953,20,20,2
36989,10,10,4
36990,7,7,2
36995,7,7,2
36996,6,6,2
37024,12,12,2
37027,7,7,2
37029,8,8,3
37038,18,18,2
37053,23,23,2
37061,13,13,3
37072,20,20,3
371,8,8,2
37107,5,5,2
37112,18,18,5
37118,2,2,2
37119,6,6,2
37126,12,12,3
37132,9,9,3
37146,11,11,3
37157,6,6,2
37161,3,3,2
37177,6,6,2
37187,7,7,3
37196,4,4,2
37324,13,13,3
37326,12,12,3
37329,17,17,2
37339,9,9,3
37343,14,14,2
37345,16,16,3
37356,7,7,3
37357,13,13,3
37358,13,13,3
3736,3,3,2
37360,11,11,2
37362,29,29,3
37363,27,27,2
3737,17,17,5
37372,13,13,3
37373,10,10,4
37378,18,18,5
37385,10,10,2
37386,13,13,2
37387,16,16,3
37394,2,2,2
37396,12,12,2
37407,8,8,3
37408,11,11,2
37414,13,13,3
37423,16,16,2
37427,25,25,2
37430,11,11,2
37432,9,9,2
37435,19,19,3
37454,11,11,4
37472,9,9,2
3748,11,11,2
37487,10,10,4
37489,7,7,2
3749,2,2,2
37495,16,16,4
37510,11,11,3
37524,7,7,4
37527,12,12,2
37539,8,8,2
37554,9,9,3
37571,13,13,3
37576,10,10,2
37678,4,4,2
37682,7,7,2
37699,6,6,2
37702,10,10,2
37718,16,16,2
37720,4,4,2
37730,12,12,2
3775,9,9,3
37751,8,8,2
37813,10,10,2
37819,6,6,3
37839,25,25,7
37840,11,11,3
37842,9,9,2
37845,5,5,2
37851,2,2,2
37852,23,23,4
37853,9,9,2
37855,3,3,2
37923,8,8,2
37924,5,5,2
37925,7,7,2
37927,9,9,3
37929,8,8,3
3793,7,7,4
37931,6,6,2
37933,3,3,2
3794,10,10,3
3795,13,13,3
37960,14,14,3
37961,13,13,2
37962,5,5,2
37963,22,22,2
37975,5,5,2
38026,10,10,2
38065,6,6,2
38098,6,6,2
3810,11,11,2
38105,2,2,2
38122,7,7,2
38158,10,10,3
38162,22,22,3
38170,4,4,2
38185,3,3,2
3820,10,10,2
38249,9,9,2
38260,6,6,2
3827,10,10,2
3828,15,15,2
38299,2,2,2
38324,8,8,2
38330,9,9,2
38331,7,7,2
38345,7,7,2
38359,8,8,2
38381,18,18,3
384,9,9,3
38404,6,6,2
38439,2,2,2
38441,6,6,4
38457,10,10,2
38486,2,2,2
38509,6,6,2
38515,22,22,2
38554,10,10,2
38558,3,3,2
3856,12,12,3
38631,20,20,2
38644,3,3,2
3865,12,12,4
3869,11,11,3
38699,13,13,3
38705,9,9,2
3871,12,12,2
38777,6,6,2
3878,20,20,2
3879,9,9,2
38814,8,8,2
38825,10,10,3
38862,12,12,2
3887,9,9,2
38878,6,6,2
3888,11,11,3
3889,7,7,2
3890,13,13,3
38907,14,14,2
38908,8,8,3
38916,10,10,3
3892,7,7,2
38920,9,9,2
38925,10,10,3
38929,4,4,2
3893,21,21,5
38931,5,5,3
3894,17,17,2
3895,7,7,2
38951,8,8,2
38966,12,12,4
3897,10,10,2
38973,12,12,2
3898,7,7,2
38995,30,30,2
3905,6,6,2
3909,14,14,2
39092,3,3,2
3912,10,10,4
3913,24,24,2
39139,2,2,2
39162,7,7,2
392,8,8,2
39200,2,2,2
39254,3,3,2
39262,10,10,2
39281,2,2,2
39282,15,15,3
39291,12,12,2
39296,15,15,5
3930,8,8,3
3931,6,6,4
39311,10,10,2
39312,12,12,2
39318,14,14,2
39320,10,10,3
39322,9,9,3
39365,6,6,2
39368,2,2,2
39387,18,18,2
39389,7,7,2
39438,9,9,2
3945,9,9,2
3946,8,8,2
3947,7,7,2
3949,51,51,10
39501,16,16,2
3952,3,3,2
39547,2,2,2
3958,10,10,3
3961,8,8,2
3965,9,9,4
3969,7,7,2
39707,14,14,3
39715,9,9,2
39727,7,7,2
39730,8,8,3
39732,6,6,2
3977,9,9,2
39772,8,8,6
39799,7,7,2
3980,8,8,2
39825,2,2,2
3983,10,10,2
3988,9,9,3
3992,10,10,2
3994,8,8,2
4000,13,13,3
4004,6,6,2
4008,9,9,2
4011,10,10,3
4015,11,11,3
4018,9,9,3
40220,5,5,2
40225,9,9,4
40250,8,8,2
4026,8,8,3
4027,8,8,2
40271,8,8,2
40272,3,3,2
40273,3,3,2
40274,22,22,10
40277,14,14,2
4028,7,7,2
40310,68,68,14
40317,6,6,2
40331,11,11,2
40336,20,20,3
40337,7,7,2
40339,6,6,2
40340,17,17,3
40341,6,6,3
40344,12,12,2
40346,22,22,2
40350,11,11,4
40351,2,2,2
40355,4,4,2
40358,10,10,2
40359,12,12,2
40369,8,8,2
40371,10,10,2
40372,16,16,2
40373,7,7,2
40378,9,9,3
40382,26,26,5
40386,14,14,2
40393,6,6,2
4045,9,9,3
40450,13,13,3
40454,2,2,2
40464,9,9,3
40469,8,8,2
4048,8,8,2
40517,8,8,4
4052,8,8,2
40530,10,10,3
40538,12,12,2
40543,15,15,3
40557,2,2,2
4056,9,9,2
40560,7,7,2
40561,29,29,7
40575,6,6,3
40587,7,7,2
40608,2,2,2
40617,10,10,2
40625,2,2,2
40643,8,8,2
40645,26,26,2
40646,9,9,2
40652,10,10,2
40656,6,6,2
4066,8,8,2
40665,7,7,2
4067,7,7,3
4068,52,52,3
40684,6,6,2
4071,10,10,2
40779,13,13,2
40786,11,11,2
40793,12,12,2
40798,6,6,2
40800,9,9,2
4081,8,8,2
40817,5,5,2
4083,7,7,2
40840,8,8,2
40843,10,10,2
40847,10,10,2
40850,11,11,2
40857,4,4,2
40858,8,8,2
40865,11,11,2
40868,33,33,2
40870,6,6,3
40872,7,7,2
40876,10,10,2
40886,21,21,2
40894,4,4,2
40902,13,13,2
40907,12,12,2
40918,13,13,2
40923,9,9,2
40936,4,4,2
40940,12,12,3
40953,17,17,3
4096,8,8,2
41045,20,20,2
41052,4,4,2
41098,2,2,2
41118,7,7,2
41137,2,2,2
41157,20,20,2
41161,10,10,2
41166,7,7,2
41170,10,10,2
41173,9,9,3
41180,11,11,2
4121,21,21,6
41219,8,8,2
41265,11,11,4
41270,12,12,2
41272,8,8,3
41274,10,10,2
41284,15,15,3
41294,9,9,2
41298,4,4,3
41326,10,10,2
41333,9,9,3
41334,5,5,2
41344,2,2,2
41345,10,10,3
41409,17,17,2
41429,3,3,3
41442,22,22,2
41465,12,12,2
41474,4,4,2
41486,18,18,2
4149,11,11,2
41513,7,7,2
41534,10,10,2
4156,13,13,2
41564,32,32,6
41652,11,11,3
41672,7,7,2
4169,8,8,2
41691,7,7,2
41697,2,2,2
4174,7,7,2
41756,9,9,2
41757,7,7,2
41761,12,12,2
41814,2,2,2
41834,2,2,2
4191,5,5,3
4192,8,8,5
41945,10,10,2
4197,12,12,3
4198,11,11,2
41993,9,9,2
4203,12,12,3
42097,20,20,2
42106,12,12,2
42109,10,10,2
42113,7,7,2
42117,9,9,2
42119,8,8,2
42129,8,8,5
42130,16,16,2
4214,9,9,2
42150,18,18,2
42151,10,10,2
42154,5,5,2
42158,10,10,2
42165,7,7,2
42197,17,17,6
4220,8,8,2
42221,13,13,2
42234,2,2,2
42237,10,10,4
42242,12,12,2
4226,9,9,2
42262,11,11,2
42267,15,15,2
42282,15,15,2
42287,14,14,3
42289,7,7,2
4243,11,11,3
4250,11,11,3
4252,12,12,3
4257,2,2,2
42583,13,13,3
42585,8,8,2
42746,9,9,3
42755,5,5,2
42800,15,15,2
42826,11,11,2
42827,11,11,2
42836,8,8,2
42877,15,15,4
42879,11,11,3
4288,4,4,2
42886,4,4,2
42887,10,10,2
42888,10,10,2
4290,13,13,3
42907,10,10,2
42911,13,13,2
42919,8,8,2
42922,8,8,2
4293,12,12,3
42965,14,14,8
42969,12,12,4
43072,5,5,2
4315,31,31,5
43159,5,5,2
43167,6,6,2
43178,10,10,2
43188,6,6,3
43238,7,7,2
43239,4,4,2
43254,7,7,2
43260,11,11,2
43264,5,5,2
43266,8,8,2
4327,24,24,5
43276,13,13,3
43277,3,3,2
43296,12,12,2
4330,26,26,3
4332,9,9,3
43352,9,9,2
43353,9,9,2
43362,9,9,2
43399,18,18,3
43402,29,29,3
43403,9,9,2
43408,11,11,3
43409,6,6,2
4341,9,9,2
43422,8,8,2
43427,50,50,6
4344,4,4,2
43443,21,21,4
43444,30,30,2
43450,11,11,2
43454,7,7,2
43469,7,7,2
43481,10,10,3
43488,7,7,2
43495,8,8,2
43498,6,6,4
4350,7,7,2
43506,14,14,2
43508,10,10,2
43512,9,9,2
43513,23,23,2
43521,4,4,2
43529,14,14,2
43545,18,18,2
43548,15,15,2
43551,3,3,2
43554,14,14,3
43560,7,7,2
43562,7,7,2
43564,6,6,2
43572,10,10,2
43581,16,16,2
43584,15,15,2
43599,8,8,2
43612,7,7,2
43613,33,33,9
43615,8,8,2
43617,5,5,3
43627,4,4,2
43629,7,7,2
4363,3,3,2
4364,11,11,2
43645,7,7,2
4365,10,10,2
43656,6,6,2
43663,8,8,3
43681,11,11,3
43688,8,8,2
43689,2,2,2
43696,34,34,5
43700,7,7,3
43757,7,7,2
43760,8,8,2
43769,6,6,2
43815,7,7,2
43816,7,7,2
43822,9,9,2
43841,11,11,2
43856,9,9,3
43858,17,17,6
43869,6,6,2
43870,7,7,2
4390,4,4,2
43908,10,10,2
43920,14,14,3
43926,7,7,2
43936,7,7,3
43937,5,5,2
4394,16,16,2
43955,7,7,2
43963,9,9,2
4398,13,13,3
4400,11,11,2
44017,7,7,2
44032,8,8,2
4404,7,7,2
44046,9,9,4
44048,7,7,3
44050,8,8,3
44062,2,2,2
44080,7,7,2
44094,10,10,4
44095,4,4,2
4410,9,9,2
44113,3,3,2
4413,6,6,2
4418,16,16,2
44183,5,5,2
4419,9,9,2
44252,6,6,2
44311,6,6,2
44320,2,2,2
44336,2,2,2
44337,21,21,4
4434,5,5,2
44389,7,7,2
44452,2,2,2
44464,11,11,2
4450,3,3,2
44552,24,24,3
44611,12,12,2
44633,9,9,2
44647,8,8,2
4465,6,6,2
44653,8,8,2
44659,12,12,2
4467,7,7,2
4470,8,8,2
44737,13,13,2
4474,14,14,2
44740,22,22,4
44741,16,16,2
44750,10,10,2
4476,7,7,2
44768,7,7,2
44785,9,9,3
44795,2,2,2
44798,8,8,2
44808,4,4,2
4481,10,10,3
44811,9,9,2
44822,8,8,2
4483,14,14,2
44845,4,4,2
44846,9,9,2
44850,6,6,2
44859,10,10,2
44863,5,5,2
44864,7,7,2
44878,3,3,2
44888,6,6,2
4489,8,8,2
44894,8,8,2
44901,6,6,2
44905,12,12,4
44909,6,6,2
44911,4,4,2
44914,8,8,2
44915,8,8,2
4492,16,16,2
44924,9,9,2
44925,10,10,2
44935,3,3,2
44962,21,21,2
4497,9,9,3
4498,29,29,2
44999,6,6,3
450,6,6,2
45002,7,7,4
45040,5,5,2
45069,15,15,2
4508,9,9,3
45101,9,9,2
4512,27,27,2
45159,9,9,2
45175,4,4,3
4519,9,9,2
45204,5,5,2
4522,10,10,3
45222,7,7,2
45238,5,5,2
4527,10,10,2
45273,4,4,2
4529,7,7,2
45303,10,10,2
45360,7,7,2
45364,2,2,2
45402,6,6,2
45414,3,3,2
45415,16,16,2
45511,10,10,2
45539,5,5,2
4556,11,11,2
45586,3,3,2
45590,2,2,2
45596,9,9,2
45637,3,3,3
45638,11,11,3
4564,7,7,2
4567,9,9,3
4569,9,9,5
4570,9,9,2
4571,6,6,2
4572,7,7,2
4573,10,10,2
45745,2,2,2
4575,7,7,2
45771,2,2,2
45788,14,14,2
4579,11,11,2
4580,8,8,2
45802,3,3,2
45804,2,2,2
45814,9,9,2
45829,8,8,2
45838,7,7,2
4585,5,5,2
45861,10,10,3
45866,4,4,2
45908,3,3,2
45946,10,10,3
4597,7,7,2
45995,6,6,2
4600,7,7,2
46006,8,8,2
46049,6,6,2
4606,7,7,2
46082,4,4,2
4614,14,14,4
46142,3,3,2
4616,9,9,2
46184,4,4,2
46206,8,8,2
4622,10,10,3
46263,7,7,2
46268,7,7,2
46277,2,2,2
46279,2,2,2
4630,8,8,2
4636,7,7,3
4640,14,14,2
4641,16,16,2
46444,5,5,2
46484,7,7,2
46487,5,5,2
4649,8,8,2
4651,12,12,8
4652,8,8,3
4655,12,12,2
46556,5,5,3
46606,7,7,2
46609,4,4,2
4663,15,15,4
46643,11,11,2
4665,7,7,2
46654,2,2,2
46673,7,7,2
4668,9,9,2
46680,9,9,3
46714,16,16,2
46718,4,4,2
46743,5,5,2
46747,7,7,2
46755,9,9,3
4676,10,10,2
4678,9,9,2
46803,2,2,2
46831,9,9,2
46848,7,7,2
4685,9,9,2
46851,6,6,2
46854,10,10,2
46874,2,2,2
46884,9,9,3
46972,14,14,2
4698,12,12,2
47055,3,3,3
4713,9,9,3
47162,5,5,2
47165,11,11,2
47168,2,2,2
47191,10,10,3
47271,6,6,2
47328,10,10,2
47413,7,7,2
47417,8,8,2
4742,8,8,2
4745,10,10,2
4750,10,10,4
47537,11,11,2
47575,11,11,3
47582,12,12,2
4759,17,17,2
47597,7,7,2
47598,9,9,2
4761,8,8,2
47626,5,5,2
47637,13,13,2
4764,9,9,2
47675,9,9,2
4770,8,8,2
47712,7,7,2
4780,7,7,2
47802,10,10,3
47811,9,9,4
47813,4,4,2
47821,8,8,3
4783,7,7,2
47832,10,10,2
4786,12,12,2
47871,6,6,2
47887,15,15,4
47890,18,18,2
47906,9,9,2
47909,2,2,2
47973,8,8,2
4798,12,12,9
4799,7,7,2
48000,8,8,2
48004,7,7,2
4801,8,8,2
48050,8,8,2
48057,14,14,2
48059,2,2,2
48061,6,6,2
48067,7,7,2
48093,4,4,2
48126,2,2,2
4813,7,7,4
48144,7,7,2
4818,6,6,2
48198,4,4,3
4824,7,7,3
4825,9,9,2
48264,3,3,2
48288,6,6,4
48289,8,8,2
4829,9,9,3
48292,8,8,3
48296,7,7,2
48310,6,6,2
48319,12,12,3
48337,2,2,2
48338,17,17,2
48352,7,7,2
48362,10,10,2
4838,7,7,3
4839,11,11,2
4840,5,5,2
48408,12,12,3
48410,2,2,2
48418,6,6,2
4846,2,2,2
48491,9,9,2
48520,3,3,2
48562,11,11,2
4860,4,4,3
4865,7,7,2
4867,9,9,2
48787,6,6,3
4879,8,8,2
48854,7,7,2
48859,12,12,2
48881,18,18,2
4889,9,9,2
48892,9,9,2
48906,4,4,2
48916,3,3,3
48918,10,10,4
48929,8,8,3
48930,9,9,3
48940,6,6,2
48942,12,12,3
48947,13,13,4
48955,9,9,2
48962,10,10,2
48970,16,16,3
4898,7,7,5
48981,7,7,2
48983,6,6,3
49003,2,2,2
4903,13,13,2
49062,15,15,4
4912,10,10,2
49153,7,7,2
49173,5,5,2
49198,9,9,2
4921,9,9,2
4927,15,15,2
49322,6,6,2
49337,5,5,2
49356,9,9,3
4940,13,13,2
4941,10,10,2
49418,2,2,2
4943,19,19,3
4944,12,12,2
49456,7,7,2
49459,3,3,2
49468,5,5,2
49495,3,3,2
49512,7,7,2
4953,9,9,2
49556,44,44,15
49561,7,7,2
49564,12,12,4
49565,15,15,5
49566,2,2,2
49568,6,6,2
49576,7,7,2
49580,15,15,2
49604,11,11,2
49613,7,7,2
49622,8,8,3
4963,8,8,2
49643,7,7,2
49651,11,11,2
49658,19,19,3
49669,7,7,2
4967,8,8,2
49683,2,2,2
49684,18,18,2
49697,8,8,2
49715,5,5,3
49716,7,7,2
49742,18,18,3
49747,10,10,2
49753,10,10,2
49754,8,8,2
49767,3,3,2
49772,7,7,3
49780,17,17,7
49783,6,6,2
49784,12,12,3
49787,10,10,2
4979,2,2,2
49816,9,9,2
49817,4,4,2
49824,8,8,2
49837,9,9,4
49847,11,11,2
49860,3,3,2
49861,7,7,2
49878,2,2,2
49881,4,4,2
49900,15,15,2
49901,18,18,7
49905,8,8,2
49906,12,12,2
4992,8,8,2
49920,10,10,2
49922,11,11,3
49925,4,4,3
49929,17,17,4
49936,4,4,2
49937,4,4,2
4996,6,6,2
50,8,8,2
50005,8,8,2
50013,8,8,2
50016,6,6,2
50060,14,14,7
50061,12,12,2
50088,5,5,2
50089,9,9,2
50115,9,9,2
50116,2,2,2
5012,4,4,3
50120,7,7,2
50124,8,8,2
50125,9,9,2
50135,16,16,2
50137,8,8,2
50149,13,13,3
50150,4,4,2
5016,8,8,2
50161,6,6,2
50162,7,7,2
50170,8,8,2
50179,6,6,2
50185,7,7,2
50186,2,2,2
50218,14,14,4
5022,9,9,2
5024,7,7,2
50277,7,7,2
50285,12,12,2
50300,6,6,2
50315,8,8,2
5032,10,10,2
50328,9,9,2
5034,8,8,2
50349,7,7,2
5036,7,7,3
50385,8,8,2
50387,6,6,2
5040,8,8,2
5041,16,16,3
50421,7,7,2
50433,8,8,2
50445,6,6,2
50448,2,2,2
5045,10,10,2
50453,13,13,2
5048,13,13,2
50490,27,27,5
5050,14,14,6
50500,9,9,3
50509,59,59,21
50517,3,3,2
50522,6,6,2
50564,7,7,2
50608,15,15,4
5062,10,10,2
50620,12,12,3
50622,3,3,2
50625,7,7,2
50634,8,8,2
50645,6,6,2
50655,43,43,9
50657,9,9,3
50665,8,8,2
5067,7,7,2
50672,12,12,2
50706,8,8,2
5071,8,8,2
50715,8,8,2
50728,2,2,2
5073,9,9,3
50766,6,6,3
5077,3,3,3
5078,11,11,3
50782,4,4,3
50783,11,11,2
5082,8,8,2
50847,10,10,3
50850,15,15,3
5086,11,11,2
5087,10,10,2
50872,12,12,2
5093,13,13,3
50941,2,2,2
50978,7,7,2
5099,7,7,2
50995,4,4,2
50999,9,9,2
51,9,9,2
5100,6,6,2
51003,6,6,2
51025,23,23,3
51034,3,3,3
5105,5,5,2
5106,6,6,2
51067,9,9,3
51069,2,2,2
5109,3,3,2
5110,8,8,2
51104,9,9,2
51108,4,4,2
51109,5,5,2
5111,4,4,3
51116,5,5,2
51120,8,8,2
51122,5,5,3
51129,5,5,2
5113,8,8,3
5118,6,6,2
51180,8,8,2
51184,9,9,3
5121,9,9,2
51226,5,5,2
51234,11,11,4
51235,9,9,2
5124,7,7,2
5126,6,6,2
51264,9,9,2
51268,8,8,2
51277,2,2,2
5130,4,4,2
5132,7,7,2
5141,12,12,2
5144,12,12,3
5149,16,16,2
51531,8,8,2
51536,8,8,2
51537,10,10,3
51538,15,15,2
5155,10,10,2
51563,9,9,2
51564,11,11,2
51566,15,15,4
5157,9,9,3
51575,4,4,2
51578,25,25,2
5158,11,11,3
5162,7,7,2
5166,10,10,2
5168,15,15,2
517,10,10,2
5170,8,8,2
5178,17,17,2
5179,13,13,7
5183,9,9,2
51857,2,2,2
5188,9,9,3
5192,5,5,3
51939,3,3,2
51950,7,7,2
52,8,8,3
52062,9,9,2
5210,9,9,2
52106,13,13,2
5212,2,2,2
5218,10,10,2
5225,8,8,2
5229,7,7,2
5232,13,13,3
5233,9,9,3
52339,9,9,2
52342,2,2,2
5235,8,8,2
52435,7,7,3
52437,12,12,3
52438,5,5,3
5244,7,7,2
5245,11,11,4
5252,9,9,2
5255,11,11,3
52551,7,7,2
52562,5,5,2
5257,7,7,2
5261,6,6,2
5262,6,6,2
52622,8,8,4
52633,3,3,3
5268,8,8,3
52704,10,10,2
5272,8,8,2
52729,3,3,2
52738,5,5,2
52739,9,9,3
52742,8,8,2
52767,8,8,2
52770,14,14,5
52874,20,20,3
52880,9,9,3
5289,8,8,2
52897,7,7,3
5293,14,14,2
5294,10,10,2
5302,6,6,2
5308,7,7,2
5311,6,6,2
5314,6,6,2
53144,27,27,2
53164,9,9,2
5317,6,6,2
53172,2,2,2
53173,9,9,2
53194,7,7,2
53204,2,2,2
53209,10,10,2
53210,24,24,8
53213,16,16,4
53215,18,18,3
53218,13,13,2
53220,12,12,2
53223,3,3,3
53225,6,6,2
53226,12,12,2
5324,8,8,2
53267,7,7,2
53268,7,7,2
5327,11,11,2
5329,11,11,2
53302,3,3,2
53303,14,14,5
53336,14,14,3
53338,7,7,2
53339,7,7,2
53345,6,6,2
53355,6,6,3
53372,3,3,2
53377,5,5,2
53381,7,7,2
53398,7,7,2
5340,5,5,2
53410,3,3,2
53416,16,16,4
53428,5,5,3
5343,9,9,2
5344,9,9,2
53449,19,19,2
53456,3,3,2
5347,7,7,2
53471,11,11,3
5348,9,9,2
5353,21,21,5
53538,2,2,2
53555,3,3,2
5356,8,8,2
53563,8,8,2
53572,7,7,2
53590,8,8,2
53601,16,16,4
53602,2,2,2
53616,11,11,2
53628,8,8,2
53651,6,6,2
53681,9,9,2
53689,2,2,2
53696,7,7,2
53700,3,3,2
53702,8,8,2
5376,8,8,2
53797,9,9,2
53807,7,7,3
53812,7,7,2
53844,7,7,2
53850,6,6,2
5387,10,10,3
53872,6,6,2
5389,9,9,2
53908,9,9,3
5391,10,10,3
5392,14,14,2
53960,7,7,2
53961,6,6,2
53969,7,7,2
53974,7,7,2
53998,7,7,2
5412,4,4,2
54153,8,8,2
5416,2,2,2
5419,10,10,4
54210,8,8,2
54220,10,10,2
5424,6,6,2
54291,7,7,2
54297,7,7,2
54336,2,2,2
54351,4,4,2
5436,7,7,2
54377,10,10,2
5438,2,2,2
54396,3,3,2
54482,2,2,2
5451,7,7,2
54525,2,2,2
54531,8,8,2
5459,7,7,5
54612,3,3,2
5462,18,18,5
5463,13,13,2
54657,3,3,2
54671,3,3,2
5474,9,9,2
54765,12,12,2
54779,8,8,2
54781,2,2,2
54785,2,2,2
54814,14,14,3
5482,4,4,2
54830,23,23,4
54838,3,3,2
54847,9,9,2
54849,8,8,2
54857,9,9,2
54869,4,4,2
54938,8,8,2
54951,3,3,2
5504,8,8,2
55081,8,8,2
55082,8,8,2
55083,22,22,4
55094,9,9,2
55095,9,9,3
55096,6,6,2
55097,2,2,2
55108,7,7,2
55113,8,8,2
55137,17,17,5
55142,5,5,2
55148,7,7,2
55164,23,23,2
55167,5,5,3
55170,25,25,6
55171,16,16,2
55178,9,9,4
55186,11,11,2
55200,7,7,2
55209,8,8,2
55215,14,14,2
5522,47,47,3
55234,7,7,2
55238,3,3,3
55252,15,15,3
55254,13,13,2
55255,8,8,2
55270,11,11,2
55299,14,14,4
5530,9,9,2
55301,8,8,2
55304,12,12,2
55307,10,10,4
55319,7,7,2
55335,7,7,2
55336,7,7,2
55349,14,14,4
55351,9,9,2
55353,8,8,2
55355,6,6,2
55369,8,8,2
55401,9,9,3
55404,2,2,2
55408,2,2,2
5541,15,15,2
55502,6,6,2
55522,7,7,2
55537,23,23,2
55545,6,6,2
55547,6,6,2
55549,4,4,2
55553,9,9,3
55561,3,3,2
55570,8,8,2
55576,5,5,2
55580,6,6,2
55583,8,8,2
55598,2,2,2
55603,7,7,2
55616,2,2,2
55626,7,7,2
55632,7,7,2
55639,7,7,2
55667,6,6,2
55681,6,6,2
5569,15,15,2
55713,7,7,2
55721,7,7,2
55727,7,7,2
55730,7,7,2
55736,7,7,2
55744,8,8,2
55760,6,6,2
55807,6,6,2
55809,2,2,2
55812,10,10,2
5583,16,16,2
5584,7,7,2
55843,9,9,2
5588,8,8,2
55901,8,8,2
5591,7,7,2
55921,2,2,2
55989,7,7,2
55995,8,8,2
56003,7,7,2
56013,7,7,2
56047,11,11,2
56052,6,6,2
56059,5,5,3
56062,4,4,2
56064,8,8,2
5607,7,7,2
56075,4,4,3
56077,6,6,2
5610,9,9,2
56144,2,2,2
5616,7,7,2
56176,8,8,2
5618,22,22,3
56201,4,4,2
5631,12,12,2
5632,4,4,2
56363,3,3,2
56444,2,2,2
5646,12,12,2
565,19,19,9
5650,9,9,6
5651,8,8,2
5652,6,6,2
5656,36,36,3
56579,2,2,2
5658,8,8,2
5663,6,6,3
56634,11,11,2
56637,4,4,2
56670,8,8,2
5671,12,12,3
56717,8,8,2
56738,3,3,2
56749,8,8,2
56771,8,8,2
5678,16,16,3
5679,13,13,2
5681,5,5,2
56847,2,2,2
56851,2,2,2
56937,2,2,2
5694,8,8,2
5706,11,11,4
57076,14,14,4
5713,9,9,3
57142,7,7,2
57168,2,2,2
5719,6,6,3
57213,5,5,3
57219,6,6,2
57239,7,7,2
57246,15,15,5
57247,6,6,2
57260,15,15,4
57268,11,11,2
57275,15,15,5
57286,9,9,2
57287,10,10,2
57308,13,13,2
5731,2,2,2
57312,8,8,3
5732,9,9,2
57324,28,28,4
57329,14,14,2
57331,10,10,3
57333,7,7,2
57343,17,17,3
57344,15,15,2
57354,7,7,3
57370,22,22,5
57371,14,14,4
57380,7,7,2
5739,14,14,2
57398,7,7,2
57411,5,5,2
57412,8,8,2
5743,6,6,2
57435,9,9,2
57439,24,24,3
5745,14,14,2
57460,4,4,2
57463,19,19,3
57472,8,8,2
57479,18,18,2
57482,25,25,8
57484,7,7,2
57490,3,3,3
57493,19,19,8
57510,7,7,2
57512,2,2,2
57554,9,9,3
57557,6,6,2
57563,7,7,2
5757,8,8,2
57576,10,10,2
57577,5,5,2
57578,12,12,3
57579,24,24,2
57588,10,10,2
5759,9,9,2
5762,11,11,2
5763,5,5,2
57632,3,3,3
57636,7,7,2
5764,8,8,2
57641,5,5,2
57653,4,4,2
57657,10,10,3
57676,21,21,3
57708,3,3,2
57713,6,6,2
57715,16,16,4
5774,10,10,3
57746,3,3,2
5775,2,2,2
5776,13,13,2
57767,9,9,2
57771,6,6,2
57777,7,7,2
57780,8,8,3
57815,5,5,2
57820,9,9,2
57833,5,5,3
57861,8,8,2
57871,6,6,2
57875,20,20,3
57877,8,8,2
5788,8,8,2
57885,5,5,2
57886,8,8,2
5789,3,3,2
57906,8,8,2
57915,2,2,2
5792,8,8,2
57929,14,14,2
57930,4,4,3
5795,7,7,2
5797,5,5,2
57991,7,7,2
58018,9,9,3
5804,7,7,2
5805,8,8,2
58063,14,14,2
58068,11,11,2
58080,3,3,2
58099,15,15,2
58102,10,10,3
58121,7,7,2
58190,14,14,3
5820,10,10,3
58204,12,12,3
5821,10,10,2
58222,8,8,3
58226,10,10,2
58229,13,13,2
5824,8,8,2
583,10,10,2
58333,10,10,2
5834,6,6,2
58341,9,9,2
58350,7,7,2
58353,7,7,2
58360,11,11,3
58389,6,6,2
58403,8,8,2
58404,7,7,5
58407,8,8,2
58410,4,4,2
58412,4,4,2
58415,7,7,2
58418,6,6,3
58448,8,8,5
5845,6,6,2
58450,4,4,2
58451,2,2,2
58458,4,4,2
58459,10,10,2
58470,6,6,2
5849,5,5,2
58496,14,14,2
5850,9,9,2
58507,3,3,2
58520,4,4,2
5853,7,7,2
58533,3,3,2
58546,14,14,2
5855,8,8,2
586,3,3,2
5860,7,7,2
58614,4,4,2
58617,2,2,2
58657,7,7,2
58674,18,18,3
58756,9,9,3
588,10,10,2
58849,9,9,3
58853,12,12,2
58877,10,10,2
5888,9,9,2
589,7,7,2
58928,3,3,2
58932,11,11,2
58933,2,2,2
58939,6,6,2
58948,9,9,2
58964,2,2,2
58972,7,7,2
59043,8,8,2
59066,8,8,2
59081,2,2,2
59084,7,7,2
5909,7,7,2
59097,18,18,3
5910,6,6,2
5912,7,7,2
59151,9,9,2
59162,8,8,3
59173,9,9,2
59185,7,7,2
59360,6,6,2
59369,6,6,2
59395,2,2,2
59402,7,7,2
5942,9,9,2
59434,15,15,5
59453,7,7,2
59454,16,16,2
59459,7,7,3
5947,9,9,2
59484,5,5,2
5949,2,2,2
595,4,4,2
5950,7,7,2
59501,46,46,9
59513,2,2,2
59514,2,2,2
59515,2,2,2
5960,10,10,2
5962,7,7,2
5964,9,9,2
59646,8,8,2
59660,9,9,2
59668,22,22,6
59676,7,7,2
5969,8,8,2
59694,10,10,2
59695,3,3,3
59721,30,30,3
59758,19,19,5
59760,9,9,2
59767,3,3,2
59779,9,9,4
59785,8,8,2
5980,7,7,2
59812,13,13,2
59822,9,9,2
59845,8,8,2
59858,8,8,2
5986,8,8,2
59871,3,3,2
59890,10,10,2
59924,12,12,2
59994,2,2,2
59997,10,10,2
60000,2,2,2
60004,7,7,2
6003,7,7,2
6006,9,9,2
6008,8,8,2
601,7,7,2
60109,8,8,2
6012,10,10,3
60128,5,5,3
60148,8,8,2
60181,2,2,2
60182,2,2,2
60184,8,8,3
60200,2,2,2
60206,25,25,4
60313,9,9,2
60317,8,8,2
60358,15,15,4
60417,8,8,5
60420,8,8,2
60430,8,8,2
60435,8,8,2
60439,12,12,2
60485,18,18,3
60521,2,2,2
60536,7,7,3
60538,8,8,3
60543,11,11,2
6055,23,23,4
60570,9,9,2
60576,7,7,2
60579,7,7,2
60590,11,11,2
60639,8,8,2
60640,2,2,2
6065,11,11,2
60656,15,15,2
60670,8,8,2
60683,4,4,2
60702,10,10,3
60707,8,8,2
6071,2,2,2
60713,9,9,2
60731,9,9,2
60734,5,5,2
60737,6,6,2
60738,9,9,2
6076,8,8,4
60766,6,6,2
60767,8,8,2
60804,2,2,2
60819,5,5,2
6082,7,7,2
6083,7,7,2
60866,7,7,2
60867,8,8,2
60868,5,5,2
60896,7,7,2
60900,7,7,2
60911,8,8,2
6099,9,9,2
61103,11,11,3
61114,6,6,3
61137,3,3,2
6125,8,8,3
61260,2,2,2
61293,2,2,2
61368,8,8,2
61373,5,5,3
61387,2,2,2
61389,3,3,2
61390,13,13,2
61409,9,9,2
6146,11,11,2
6147,7,7,2
61499,7,7,2
61529,8,8,4
61537,10,10,2
61540,8,8,2
61541,9,9,3
61560,12,12,2
61562,6,6,2
6162,18,18,3
6163,7,7,2
6166,9,9,2
61668,7,7,2
61699,5,5,2
61703,11,11,2
61733,7,7,3
61745,17,17,4
61752,8,8,2
6181,7,7,2
61846,8,8,2
61863,10,10,2
61864,6,6,3
61876,8,8,5
61877,7,7,2
6189,8,8,2
61924,4,4,2
61960,2,2,2
6200,10,10,2
62047,9,9,2
6206,12,12,3
62072,2,2,2
6209,12,12,2
62246,3,3,2
62294,22,22,5
62298,3,3,3
6230,12,12,2
62303,2,2,2
62348,10,10,3
62350,9,9,2
62368,6,6,2
6241,4,4,2
62416,5,5,2
62417,9,9,2
62418,5,5,2
62419,12,12,4
6245,7,7,2
62565,5,5,3
6258,6,6,2
62582,2,2,2
6268,8,8,2
6273,7,7,2
62739,2,2,2
62772,7,7,2
62787,13,13,2
6279,9,9,2
62795,3,3,2
62836,7,7,2
6285,7,7,2
629,7,7,2
6298,7,7,2
62983,4,4,2
6299,10,10,5
62994,9,9,2
6306,22,22,7
63125,2,2,2
6314,24,24,2
63186,2,2,2
6319,10,10,3
6326,8,8,2
63293,7,7,2
6330,8,8,2
6333,8,8,2
6337,9,9,2
63387,2,2,2
6339,7,7,2
6351,11,11,3
63571,6,6,2
63597,8,8,2
63655,10,10,3
63674,9,9,2
63684,7,7,2
63689,7,7,2
6378,7,7,3
63782,11,11,2
63813,9,9,2
63822,9,9,3
63826,11,11,5
63830,12,12,2
63836,2,2,2
63843,5,5,2
63848,2,2,2
63876,8,8,2
63879,16,16,3
63890,7,7,2
63914,9,9,2
63920,9,9,2
63929,7,7,2
63946,13,13,3
63953,7,7,2
63973,8,8,2
63999,6,6,2
6400,9,9,3
64007,7,7,2
64030,7,7,2
64031,7,7,2
64035,7,7,2
64051,8,8,2
64053,7,7,2
64055,7,7,2
6406,8,8,2
64060,9,9,2
64065,12,12,3
64105,7,7,2
64113,7,7,2
64140,8,8,2
64142,7,7,2
64147,9,9,2
64156,7,7,2
64157,6,6,3
64168,11,11,2
64176,3,3,2
64183,8,8,2
64189,9,9,3
64193,10,10,3
64216,7,7,2
64217,10,10,3
64270,7,7,2
64284,10,10,2
64286,8,8,2
64288,7,7,2
64292,19,19,2
6430,4,4,4
64303,2,2,2
6434,7,7,2
64355,8,8,2
64371,11,11,4
64379,10,10,3
64380,10,10,3
6441,7,7,2
64439,9,9,2
64448,7,7,2
6446,7,7,2
6454,2,2,2
64590,2,2,2
64608,7,7,2
6462,7,7,2
6465,7,7,3
6466,9,9,3
64665,9,9,3
6467,7,7,4
6468,6,6,3
6469,3,3,2
64711,11,11,2
64754,9,9,3
64761,10,10,2
6477,8,8,2
64798,7,7,2
6480,8,8,3
64838,10,10,4
64919,7,7,2
64937,6,6,2
65000,4,4,2
65048,10,10,2
6505,8,8,2
65066,7,7,2
6507,8,8,2
65073,7,7,2
6508,7,7,2
65199,16,16,2
65229,8,8,2
65267,14,14,2
6531,10,10,2
65388,8,8,2
6540,7,7,2
65449,8,8,3
65483,7,7,2
65507,5,5,2
65552,9,9,3
65558,7,7,2
6565,7,7,2
65731,2,2,2
6575,7,7,2
65781,3,3,2
65892,7,7,2
65898,4,4,2
6593,8,8,2
65948,9,9,2
6595,7,7,2
65980,3,3,2
660,8,8,2
66037,6,6,2
66046,8,8,2
66062,8,8,2
66081,4,4,3
66082,5,5,3
66100,10,10,2
66143,4,4,2
66177,2,2,2
66186,3,3,2
6628,4,4,4
6634,7,7,2
664,6,6,2
6641,10,10,2
6642,2,2,2
6649,9,9,2
6660,8,8,2
6662,6,6,3
6663,10,10,3
6678,4,4,2
6680,2,2,2
6688,16,16,3
6696,4,4,2
6698,9,9,3
6699,9,9,2
67,11,11,3
6742,6,6,2
6746,6,6,4
6748,7,7,2
6756,10,10,5
6759,9,9,2
6763,27,27,7
6780,6,6,2
6782,12,12,2
679,3,3,3
6797,5,5,2
6801,6,6,3
6802,7,7,2
6805,9,9,2
6808,7,7,2
6809,11,11,6
6811,11,11,2
6817,6,6,2
6823,11,11,3
683,2,2,2
6832,7,7,2
6834,7,7,3
6843,2,2,2
6853,6,6,2
6857,9,9,5
6858,10,10,3
6877,8,8,3
6882,6,6,2
6891,7,7,2
6892,7,7,2
6922,7,7,2
6923,8,8,2
6952,7,7,2
6953,7,7,2
6967,6,6,2
6968,6,6,2
6974,10,10,2
6975,10,10,2
7022,7,7,2
7032,7,7,2
7038,7,7,2
706,7,7,2
7060,7,7,2
7084,14,14,3
7107,6,6,2
7115,8,8,2
7120,7,7,2
7138,8,8,2
7180,8,8,2
7214,7,7,2
7236,7,7,2
7245,6,6,2
7264,10,10,5
7290,9,9,4
7325,6,6,2
7358,9,9,2
7365,8,8,2
7371,7,7,2
7376,9,9,2
7390,7,7,2
7393,7,7,2
741,3,3,2
7412,8,8,2
7432,8,8,2
7448,6,6,2
7453,5,5,2
7462,3,3,2
7473,10,10,3
7474,2,2,2
7475,7,7,2
7481,10,10,2
7501,6,6,2
7506,7,7,2
7564,8,8,2
7579,2,2,2
7593,8,8,2
7597,11,11,2
7600,7,7,2
7601,7,7,2
7625,8,8,2
7627,8,8,2
7635,9,9,2
7651,6,6,2
7660,13,13,2
7662,10,10,2
7663,5,5,2
7671,3,3,2
7679,2,2,2
7685,4,4,2
7705,6,6,2
7709,3,3,2
771,39,39,12
772,9,9,4
7726,7,7,2
7754,4,4,2
7762,11,11,2
7773,21,21,5
7787,8,8,2
7788,5,5,2
7796,6,6,3
7803,3,3,2
7813,2,2,2
7814,13,13,4
7826,2,2,2
784,4,4,4
7847,10,10,2
7865,8,8,3
7868,2,2,2
7869,5,5,3
7877,6,6,2
7882,6,6,2
7906,14,14,2
7922,6,6,4
7954,10,10,2
7966,7,7,2
7972,7,7,2
7980,12,12,6
8004,11,11,4
801,8,8,2
8062,7,7,2
8067,8,8,2
8068,7,7,2
8072,8,8,2
8105,9,9,2
8109,12,12,2
8110,11,11,3
8123,11,11,2
8126,7,7,2
813,17,17,3
8131,10,10,2
8132,12,12,3
8137,2,2,2
8155,10,10,2
8156,4,4,2
8159,12,12,2
8161,8,8,2
8166,7,7,2
8168,13,13,2
817,13,13,2
8179,3,3,2
8184,7,7,2
8193,12,12,5
8195,8,8,2
8205,13,13,2
821,16,16,4
8220,8,8,2
8226,6,6,2
823,7,7,2
8231,8,8,2
8234,8,8,2
8253,8,8,2
8256,10,10,2
8258,9,9,2
8259,4,4,3
8267,13,13,2
8271,9,9,2
8273,4,4,3
8276,10,10,3
8299,7,7,2
8301,7,7,2
831,10,10,3
8313,10,10,2
8323,7,7,2
8326,8,8,2
8389,7,7,2
839,9,9,5
8395,14,14,2
8398,11,11,2
8407,11,11,3
8408,15,15,2
8421,14,14,5
8426,4,4,2
843,19,19,5
8434,8,8,3
8436,2,2,2
844,11,11,2
8446,17,17,3
8447,9,9,2
8449,8,8,2
8454,8,8,2
8470,6,6,2
8475,3,3,2
8481,6,6,3
8490,6,6,2
8494,8,8,2
850,9,9,2
851,10,10,2
8510,9,9,2
8511,8,8,2
8514,11,11,3
8527,9,9,2
8533,9,9,2
8538,7,7,2
8539,8,8,3
8559,2,2,2
8566,7,7,2
8574,14,14,4
8581,10,10,3
8582,12,12,2
8586,9,9,2
8588,2,2,2
859,22,22,2
8593,11,11,2
8601,21,21,4
8609,4,4,3
8624,7,7,2
8625,10,10,2
8637,7,7,2
8655,18,18,3
8660,12,12,2
8669,15,15,2
8676,9,9,2
8678,7,7,4
8684,10,10,2
8686,4,4,2
8718,6,6,2
8726,2,2,2
8739,7,7,2
8754,10,10,2
8757,7,7,2
8785,7,7,2
8790,7,7,2
8806,16,16,2
8814,18,18,2
8822,6,6,2
8827,2,2,2
8829,3,3,3
8835,3,3,2
8836,12,12,2
8838,8,8,2
884,7,7,2
8851,6,6,2
8865,10,10,2
8867,8,8,2
8870,7,7,2
8872,12,12,3
8883,10,10,2
8889,8,8,2
8890,6,6,2
8892,6,6,2
8903,15,15,2
8915,8,8,2
8925,7,7,2
8932,8,8,2
8936,9,9,2
8941,9,9,2
8956,8,8,2
8959,10,10,6
8967,8,8,3
8975,9,9,2
8983,6,6,2
8992,5,5,2
8998,8,8,2
8999,8,8,2
9007,7,7,2
9009,6,6,3
9013,11,11,4
9030,2,2,2
9032,8,8,2
904,3,3,2
9044,6,6,2
9047,2,2,2
9060,7,7,2
9062,6,6,2
9065,6,6,2
9068,8,8,2
9071,10,10,2
9072,9,9,2
9074,6,6,2
9103,17,17,2
9108,7,7,2
9111,12,12,2
9113,8,8,2
9118,21,21,3
9135,16,16,6
9138,10,10,2
9146,7,7,2
9157,15,15,2
9167,10,10,2
9168,8,8,2
9186,9,9,2
9189,9,9,2
919,2,2,2
9195,7,7,2
9203,8,8,2
9209,8,8,2
9233,8,8,2
9238,7,7,2
9244,9,9,3
9263,10,10,2
9269,3,3,2
9284,12,12,2
9296,9,9,2
9300,2,2,2
9302,6,6,3
9311,8,8,2
9315,9,9,2
9318,11,11,4
9339,11,11,3
9340,7,7,2
9347,15,15,2
9355,6,6,2
9356,9,9,3
9376,4,4,2
9389,5,5,2
9416,6,6,2
9431,7,7,2
9434,8,8,3
9456,8,8,2
9459,7,7,3
9466,9,9,3
9468,13,13,2
9470,7,7,2
9476,6,6,2
9477,7,7,2
9479,3,3,2
948,4,4,4
9487,8,8,2
9494,6,6,2
9497,7,7,2
9501,7,7,2
9506,6,6,2
9549,7,7,2
9566,10,10,2
9567,6,6,2
9570,3,3,2
9572,4,4,2
9574,15,15,4
9577,6,6,2
9589,8,8,2
959,2,2,2
9592,2,2,2
9596,6,6,2
9623,9,9,4
9625,4,4,2
9628,7,7,2
9637,9,9,3
9639,6,6,2
9655,8,8,2
9666,9,9,2
9696,7,7,2
9697,9,9,2
9701,11,11,3
9702,11,11,2
9720,4,4,3
9721,7,7,2
9734,7,7,2
9748,9,9,2
9787,6,6,3
9799,7,7,2
981,10,10,3
9815,10,10,3
9845,8,8,2
9855,11,11,2
9858,10,10,3
986,3,3,2
9860,10,10,2
9862,11,11,3
9871,6,6,2
9884,11,11,4
9885,7,7,2
9887,4,4,2
9896,8,8,2
9909,11,11,2
9917,9,9,2
9920,9,9,2
9928,8,8,2
9931,8,8,2
9962,10,10,2
997,8,8,2
9970,9,9,2
9975,10,10,3
999,7,7,2
9990,9,9,3
9998,7,7,2
