OLD_CLUSTER,OLD_SIZE,BADGES_IN_COMMON,SPLIT_INTO
10002,4,4,3
10007,2,2,2
10017,7,7,2
1002,8,8,2
10042,3,3,3
10047,7,7,2
10049,13,13,3
1005,8,8,2
10065,2,2,2
10067,7,7,2
10069,9,9,3
10077,2,2,2
1008,7,7,2
10082,8,8,2
10085,6,6,2
1009,13,13,2
10106,8,8,2
10113,10,10,3
10120,10,10,3
10121,9,9,2
10123,10,10,2
1014,11,11,2
10146,2,2,2
1015,7,7,2
10158,24,24,5
10166,9,9,2
10172,7,7,2
10173,7,7,2
10178,9,9,2
10189,9,9,2
10193,7,7,2
10196,7,7,2
10199,9,9,2
1021,9,9,2
10217,7,7,2
1023,8,8,2
10238,7,7,2
1024,16,16,2
10240,8,8,2
10244,13,13,6
1026,9,9,2
10260,7,7,2
1027,9,9,2
1028,9,9,2
1031,13,13,5
10330,8,8,2
10338,11,11,4
10339,4,4,2
10351,8,8,2
10354,3,3,2
10355,2,2,2
10372,7,7,2
10381,7,7,2
10399,7,7,2
10404,8,8,2
10408,17,17,3
10425,7,7,2
10435,10,10,2
1044,7,7,2
10452,7,7,2
10468,3,3,3
10469,10,10,2
10472,7,7,2
10494,8,8,2
10495,7,7,2
10499,7,7,2
10501,7,7,2
10502,13,13,2
10507,8,8,2
10517,2,2,2
10523,7,7,2
10531,9,9,2
10549,11,11,3
1055,8,8,2
10552,11,11,2
10553,7,7,2
10559,7,7,2
10575,6,6,2
10586,8,8,2
10599,10,10,2
10604,2,2,2
10620,15,15,5
10621,2,2,2
10628,3,3,3
10629,3,3,2
10631,9,9,2
1064,8,8,2
10641,9,9,2
10646,9,9,2
10664,10,10,2
10677,7,7,2
10687,8,8,3
10694,8,8,2
10700,10,10,2
10713,7,7,2
10728,8,8,2
10740,8,8,2
10752,2,2,2
1078,8,8,2
10792,9,9,2
10813,10,10,2
10817,7,7,2
10840,7,7,2
1085,9,9,3
10875,2,2,2
10885,8,8,2
10891,10,10,2
10897,8,8,2
10898,8,8,2
10903,8,8,2
1091,7,7,2
10910,2,2,2
10918,7,7,2
10923,10,10,2
10941,8,8,2
10947,9,9,3
10961,12,12,2
10987,10,10,2
10995,6,6,2
11000,7,7,2
11019,18,18,2
11020,8,8,2
11024,7,7,3
11025,2,2,2
11038,8,8,2
11045,12,12,3
1105,8,8,2
11057,7,7,2
11069,8,8,3
11070,11,11,2
11073,8,8,2
11075,2,2,2
11085,8,8,2
11087,3,3,2
11089,9,9,2
11109,7,7,2
11113,10,10,2
11125,10,10,3
11126,7,7,2
11129,6,6,2
1113,7,7,2
11136,6,6,2
11144,8,8,2
11148,7,7,2
11150,13,13,4
11168,8,8,2
1118,8,8,2
11184,7,7,2
11190,11,11,2
11198,10,10,2
11208,11,11,4
11219,6,6,2
11226,7,7,2
11230,2,2,2
11241,7,7,2
11244,7,7,2
11248,2,2,2
11250,7,7,2
11251,10,10,2
11255,2,2,2
11260,2,2,2
11268,8,8,2
11271,11,11,2
11274,10,10,2
11292,8,8,2
11306,10,10,3
11307,18,18,3
1131,9,9,2
11310,7,7,2
11319,8,8,3
11331,8,8,2
11337,12,12,3
11348,13,13,3
11361,7,7,2
1137,10,10,2
11384,9,9,2
11410,8,8,2
11456,9,9,2
11459,15,15,2
11472,8,8,2
11476,9,9,2
11482,9,9,4
11502,6,6,2
11520,10,10,2
11548,8,8,2
11569,7,7,2
11579,10,10,2
11581,2,2,2
11629,4,4,2
11632,7,7,2
11648,9,9,3
11662,14,14,3
11664,7,7,2
11669,10,10,2
1167,8,8,3
1169,7,7,2
11696,9,9,2
11699,2,2,2
11701,11,11,2
1171,19,19,2
11714,8,8,2
1172,9,9,2
1173,12,12,3
11731,7,7,2
11735,7,7,2
11736,10,10,2
11756,7,7,2
11768,8,8,2
11781,7,7,2
11790,7,7,2
11791,8,8,2
11799,10,10,2
11801,7,7,2
1181,7,7,2
11810,9,9,3
11814,10,10,2
11826,10,10,2
11835,2,2,2
1184,8,8,3
11851,7,7,2
11854,10,10,2
11862,12,12,2
11864,9,9,3
11899,2,2,2
11905,6,6,2
11913,11,11,2
11917,8,8,3
11920,14,14,2
11921,9,9,2
11938,9,9,2
1194,14,14,2
1195,9,9,2
1196,7,7,2
11962,10,10,2
11965,6,6,2
11982,8,8,2
11993,8,8,2
12023,8,8,2
12027,10,10,2
12028,9,9,2
1205,8,8,3
12051,10,10,2
12057,8,8,2
1207,9,9,3
12074,13,13,2
1208,9,9,2
12081,9,9,2
12087,7,7,2
12112,12,12,6
12134,7,7,2
12163,7,7,2
12198,10,10,2
1220,2,2,2
12204,10,10,2
12215,8,8,2
12216,8,8,2
12225,5,5,2
12240,18,18,2
12244,10,10,2
12259,9,9,2
12266,3,3,2
12277,2,2,2
12307,9,9,2
12335,24,24,3
12349,10,10,2
12352,6,6,2
12355,8,8,2
12387,2,2,2
12391,3,3,2
12392,4,4,2
12412,7,7,2
12418,11,11,2
12420,8,8,3
12422,7,7,2
12433,8,8,2
12444,9,9,3
12446,7,7,2
12454,8,8,2
12478,9,9,2
12498,11,11,2
125,2,2,2
12504,8,8,3
12511,11,11,2
12542,2,2,2
12544,8,8,2
12549,7,7,2
12559,10,10,4
12565,7,7,2
12582,7,7,2
12587,2,2,2
12603,8,8,2
12605,14,14,3
12608,8,8,2
12616,9,9,2
12617,2,2,2
1264,7,7,2
12655,13,13,2
12665,10,10,3
12671,2,2,2
12723,11,11,2
12724,9,9,3
12727,10,10,2
12763,6,6,2
12769,7,7,2
1279,7,7,2
12790,4,4,3
12807,6,6,2
12834,8,8,2
12841,9,9,2
12863,14,14,4
12883,7,7,2
12889,9,9,3
12895,10,10,3
12899,13,13,2
12902,9,9,2
12921,2,2,2
12936,9,9,2
12944,23,23,9
12946,6,6,2
12951,13,13,2
12981,10,10,2
12982,9,9,2
13006,26,26,6
13017,8,8,2
13040,7,7,2
13114,8,8,2
1312,9,9,2
13129,8,8,2
13133,12,12,3
13135,9,9,2
1315,4,4,2
13154,16,16,2
13157,9,9,2
13158,4,4,3
13172,5,5,4
1319,18,18,2
13218,9,9,2
13222,10,10,2
13225,12,12,5
13228,8,8,2
13232,12,12,2
1324,7,7,2
1328,7,7,2
13286,9,9,2
13288,16,16,2
13291,10,10,2
13298,10,10,2
13305,9,9,2
13306,6,6,2
13307,9,9,3
13314,8,8,2
13321,8,8,2
13328,7,7,2
13356,28,28,3
13363,6,6,2
13369,10,10,2
1337,5,5,2
13377,8,8,2
13383,3,3,2
13385,3,3,2
13486,11,11,2
13494,3,3,2
13515,12,12,3
13541,12,12,2
13544,10,10,2
13546,48,48,3
13549,5,5,2
13584,12,12,2
13589,15,15,6
13591,9,9,2
13594,3,3,2
13598,20,20,4
13606,3,3,2
13612,4,4,2
13618,4,4,3
1362,8,8,2
13625,10,10,2
13637,7,7,3
13643,9,9,3
13648,3,3,2
13658,3,3,2
1368,7,7,2
1369,12,12,2
13701,6,6,2
13730,19,19,6
13736,2,2,2
13741,2,2,2
13748,2,2,2
1375,68,68,24
13823,2,2,2
13858,7,7,2
13867,12,12,3
13883,6,6,2
13903,7,7,2
13923,2,2,2
13937,4,4,2
1394,9,9,2
13964,9,9,2
13970,9,9,2
13971,8,8,2
1398,10,10,2
14005,11,11,2
14038,2,2,2
14053,14,14,3
14060,2,2,2
14083,2,2,2
14085,8,8,2
14088,3,3,3
14089,9,9,3
14094,5,5,2
14111,9,9,2
14119,15,15,2
14121,22,22,3
14135,10,10,2
14150,9,9,2
14157,8,8,2
14165,13,13,2
1418,8,8,2
1419,7,7,3
14205,7,7,2
14220,11,11,2
14252,12,12,3
14264,7,7,2
14286,7,7,2
14288,6,6,2
1430,10,10,2
14300,6,6,2
14308,7,7,2
14311,8,8,2
14334,7,7,2
1435,15,15,2
14389,12,12,2
14402,10,10,2
14418,10,10,2
1442,10,10,2
14456,9,9,2
14461,9,9,2
14476,8,8,2
14490,9,9,2
14492,8,8,2
14513,10,10,2
14518,13,13,2
14523,2,2,2
1453,8,8,2
14534,9,9,2
14535,7,7,2
1456,10,10,2
14561,7,7,2
14566,7,7,2
14570,7,7,2
14583,8,8,2
14587,8,8,3
14594,14,14,4
14596,10,10,3
1461,7,7,2
14611,9,9,2
14635,6,6,2
1464,7,7,2
14641,6,6,2
14655,8,8,2
14667,6,6,2
14681,8,8,2
14689,9,9,2
14696,8,8,2
1470,4,4,2
14718,10,10,4
14719,7,7,2
14723,11,11,2
14724,13,13,3
14725,7,7,2
14732,11,11,3
14744,10,10,5
14746,10,10,2
14755,8,8,2
14759,13,13,6
14763,8,8,2
14764,4,4,2
14767,11,11,2
14773,8,8,2
14799,8,8,2
1481,7,7,2
14826,8,8,3
14850,10,10,2
14855,5,5,2
14858,15,15,2
14864,12,12,2
14869,10,10,2
14871,8,8,3
14874,13,13,3
1488,7,7,2
14887,7,7,2
14889,9,9,2
14890,9,9,2
14905,6,6,2
14925,5,5,3
14927,10,10,2
14945,9,9,2
14948,9,9,2
14983,13,13,3
14992,10,10,2
14999,9,9,2
15003,17,17,2
15009,7,7,2
15029,12,12,2
1504,9,9,2
15045,10,10,2
15057,5,5,2
15058,15,15,2
15070,10,10,2
15071,9,9,2
15078,4,4,3
15086,8,8,2
15092,8,8,2
15098,2,2,2
15099,6,6,2
15118,8,8,2
15122,9,9,2
15129,13,13,2
1513,7,7,2
15137,7,7,2
15139,6,6,2
15141,8,8,2
15150,9,9,2
1516,8,8,2
15185,8,8,2
15189,7,7,2
15196,7,7,2
1520,11,11,2
15203,8,8,3
15215,10,10,2
1522,11,11,2
15222,8,8,2
15224,6,6,2
15225,9,9,4
15228,2,2,2
15238,8,8,2
15250,12,12,2
15252,9,9,2
15257,11,11,2
15267,7,7,2
15269,7,7,2
15270,2,2,2
15274,8,8,2
15278,9,9,3
15289,7,7,2
15290,8,8,2
15309,7,7,2
15320,14,14,3
15321,2,2,2
15322,2,2,2
15330,9,9,3
15336,6,6,3
15337,3,3,2
15338,13,13,3
15345,11,11,2
15353,10,10,2
15360,8,8,2
15378,9,9,2
15384,2,2,2
15385,10,10,3
15386,16,16,5
15388,8,8,2
15391,3,3,2
15392,10,10,4
15393,14,14,2
15410,24,24,7
15414,2,2,2
15424,9,9,3
15437,9,9,2
15439,2,2,2
15445,12,12,5
15448,4,4,2
15466,3,3,3
15468,13,13,3
15485,9,9,2
15500,8,8,2
15511,7,7,2
15548,22,22,7
15564,8,8,2
15565,14,14,5
15569,10,10,3
15576,7,7,2
15591,8,8,2
15594,8,8,3
15595,2,2,2
15608,8,8,2
15609,9,9,2
1561,7,7,2
15612,25,25,3
15621,12,12,5
1564,8,8,2
15643,17,17,7
1566,8,8,2
15660,29,29,6
15667,4,4,2
15701,10,10,3
15708,11,11,3
15721,9,9,2
15731,15,15,2
15735,11,11,2
15736,10,10,2
15738,2,2,2
15739,8,8,2
15746,9,9,3
1575,8,8,2
15753,13,13,3
15762,11,11,2
15789,5,5,3
15802,7,7,2
15803,5,5,4
1581,2,2,2
15811,5,5,2
15823,8,8,2
15832,7,7,2
15836,10,10,3
15852,3,3,2
1586,2,2,2
15863,8,8,2
1587,9,9,2
15870,7,7,2
15877,19,19,7
15889,8,8,2
15890,8,8,2
15892,14,14,5
15893,2,2,2
15894,8,8,2
15895,2,2,2
15896,4,4,4
15897,2,2,2
15902,10,10,2
15909,13,13,2
15914,15,15,3
15917,11,11,2
15919,13,13,2
15927,18,18,5
15932,10,10,3
15938,11,11,2
15951,11,11,2
15953,8,8,2
15956,7,7,2
15964,7,7,2
15968,12,12,2
15991,9,9,3
16000,10,10,2
16007,14,14,3
16017,6,6,2
16023,7,7,2
16039,16,16,8
16042,13,13,6
16043,2,2,2
16045,3,3,2
16053,9,9,2
16070,6,6,2
16080,11,11,2
16085,3,3,2
16093,8,8,2
16099,14,14,3
16110,9,9,2
16116,12,12,2
16120,13,13,6
16125,3,3,2
16128,10,10,2
16130,15,15,4
16131,2,2,2
16133,9,9,2
16137,5,5,4
16139,3,3,2
16140,2,2,2
16146,7,7,2
16164,2,2,2
16170,9,9,3
1618,2,2,2
16180,12,12,2
16182,16,16,2
16184,11,11,2
16185,8,8,2
16208,10,10,3
16217,4,4,2
16218,3,3,2
16222,2,2,2
16232,8,8,2
16258,8,8,2
16260,7,7,2
1631,7,7,2
16322,10,10,2
16323,11,11,2
1633,7,7,2
1634,8,8,3
16346,8,8,2
16349,10,10,2
16392,12,12,2
1640,8,8,2
16412,19,19,2
16473,9,9,2
16481,8,8,2
16491,2,2,2
165,5,5,2
16535,10,10,2
16538,2,2,2
16549,8,8,2
16561,8,8,3
16562,8,8,2
16571,9,9,3
16598,8,8,2
166,2,2,2
16612,9,9,2
16654,8,8,2
16655,9,9,2
16672,16,16,2
16675,2,2,2
16687,2,2,2
16696,7,7,3
16726,6,6,2
16761,9,9,2
16769,8,8,2
16794,9,9,2
16796,12,12,2
16813,9,9,2
16839,9,9,2
16849,14,14,2
16850,8,8,2
16857,5,5,2
1686,16,16,6
16862,9,9,2
16864,12,12,2
16865,8,8,2
16870,7,7,2
1688,16,16,6
16887,8,8,2
169,3,3,2
16921,11,11,2
16938,22,22,4
16990,13,13,2
16998,9,9,2
16999,9,9,2
17009,10,10,2
1702,8,8,2
17025,10,10,2
17026,9,9,2
17095,9,9,2
1710,7,7,2
1714,7,7,2
17165,8,8,2
17170,8,8,2
17185,8,8,2
17208,10,10,3
17226,7,7,2
17240,10,10,2
17266,12,12,2
17277,8,8,2
17278,8,8,2
1728,10,10,2
1730,10,10,3
17303,8,8,2
17305,10,10,2
17320,12,12,3
17339,10,10,2
17344,14,14,3
1735,2,2,2
17355,9,9,2
17374,8,8,2
1740,11,11,2
17418,8,8,2
17420,8,8,2
17427,10,10,2
17431,8,8,2
17441,14,14,2
17445,8,8,2
17456,9,9,2
17457,11,11,2
17473,12,12,2
1750,9,9,2
17506,8,8,2
17515,9,9,2
17529,11,11,2
17581,8,8,2
17585,10,10,2
17594,7,7,2
17598,11,11,2
17604,12,12,2
1761,8,8,2
17613,8,8,2
17617,7,7,2
17632,11,11,2
17648,9,9,2
17657,12,12,3
17659,16,16,2
17660,10,10,2
17667,9,9,4
17670,9,9,2
17683,8,8,2
17698,11,11,4
177,14,14,6
17700,15,15,2
17706,9,9,3
17717,9,9,3
17720,10,10,2
17725,4,4,2
1773,10,10,3
17732,8,8,2
17733,12,12,2
1777,10,10,2
17770,11,11,2
17773,13,13,3
17781,14,14,3
17815,8,8,2
17823,10,10,3
17832,13,13,2
17835,7,7,2
17837,10,10,2
17838,10,10,3
17851,7,7,2
17892,7,7,2
17899,10,10,2
17950,10,10,2
17962,9,9,2
17965,5,5,2
1798,13,13,2
18,6,6,2
18020,18,18,2
1805,6,6,2
18066,9,9,3
18079,16,16,3
18080,15,15,5
18081,5,5,2
18100,14,14,2
18119,22,22,5
18122,46,46,11
18131,9,9,2
18140,17,17,3
18142,16,16,6
18151,15,15,2
18159,12,12,2
18168,5,5,2
18177,9,9,3
18185,17,17,2
1819,8,8,3
18193,9,9,2
18209,9,9,2
1821,12,12,4
18211,8,8,2
18215,5,5,2
18232,8,8,2
18233,12,12,2
18242,7,7,2
18244,16,16,2
18248,4,4,2
18252,8,8,2
18260,8,8,2
18265,15,15,2
18274,9,9,2
18280,17,17,4
18286,7,7,2
18303,15,15,2
18319,8,8,2
18321,10,10,2
18324,13,13,2
18344,2,2,2
18347,20,20,4
18354,20,20,4
1838,7,7,2
18395,5,5,2
18404,8,8,2
18408,8,8,2
18420,8,8,2
18427,5,5,2
18428,8,8,3
18429,4,4,2
18435,5,5,2
18452,13,13,2
18458,10,10,2
18473,10,10,3
18480,11,11,2
18528,6,6,2
18544,8,8,2
18552,2,2,2
1856,8,8,2
18577,8,8,2
18583,20,20,2
18591,10,10,3
18617,12,12,3
1862,12,12,2
18624,11,11,2
18627,10,10,3
18638,8,8,2
18647,5,5,2
18651,8,8,3
18654,21,21,2
18655,10,10,3
18674,6,6,2
18678,14,14,4
18686,7,7,2
1869,8,8,2
18710,8,8,2
18716,3,3,2
18744,3,3,2
18754,35,35,4
18759,7,7,2
18775,9,9,2
18792,13,13,3
18797,10,10,2
18800,10,10,2
18803,8,8,2
18815,10,10,5
18823,13,13,2
18827,8,8,2
18828,6,6,3
18855,8,8,2
18873,9,9,2
18915,11,11,3
18916,7,7,2
1892,9,9,2
18923,24,24,6
18947,8,8,2
18957,9,9,2
18958,11,11,3
18961,8,8,2
18965,11,11,2
18994,21,21,2
19006,7,7,2
19010,7,7,2
19017,8,8,3
19046,8,8,2
19117,9,9,2
19118,11,11,2
19120,16,16,2
19144,12,12,2
19145,8,8,2
19146,7,7,2
19149,8,8,2
19159,8,8,2
19189,7,7,2
19198,7,7,2
19200,11,11,2
19222,11,11,3
19223,7,7,2
19239,8,8,2
1924,9,9,2
19248,8,8,2
1925,6,6,2
19268,13,13,5
19271,12,12,3
19309,7,7,2
19311,11,11,2
19312,8,8,2
19327,11,11,3
1933,8,8,2
19332,7,7,2
19335,9,9,4
19336,15,15,2
19349,13,13,2
19359,10,10,2
19361,9,9,2
19367,7,7,2
1938,8,8,2
19389,11,11,2
1939,7,7,2
1942,7,7,3
19447,7,7,2
19448,10,10,2
1945,8,8,2
19450,6,6,2
19453,11,11,3
1947,8,8,2
19477,11,11,3
19479,7,7,2
1949,7,7,2
19506,8,8,2
19509,8,8,2
19522,19,19,2
19526,8,8,2
19544,4,4,2
19563,9,9,2
19564,15,15,2
19565,11,11,2
19572,7,7,2
19573,8,8,2
19575,9,9,3
19580,9,9,2
19594,8,8,3
19596,12,12,2
19602,10,10,3
19610,11,11,4
19611,8,8,2
19613,11,11,2
19619,7,7,2
1963,11,11,2
19633,7,7,2
19638,7,7,2
19652,8,8,3
19663,8,8,2
19676,10,10,2
19689,8,8,2
19708,15,15,6
19710,15,15,6
19712,2,2,2
19720,11,11,2
19722,10,10,3
19750,12,12,2
19769,4,4,2
19776,7,7,2
19785,7,7,2
19797,9,9,2
19799,6,6,2
19801,9,9,2
19812,9,9,2
19829,19,19,8
19839,15,15,3
19840,3,3,2
19843,2,2,2
19846,2,2,2
19871,7,7,2
19890,15,15,4
19893,4,4,2
19894,7,7,2
19895,47,47,9
19897,4,4,3
19898,3,3,2
19899,8,8,2
1990,9,9,4
19904,2,2,2
19910,2,2,2
19922,7,7,2
19949,20,20,2
19950,88,88,19
19963,19,19,3
19966,11,11,4
19968,2,2,2
19978,8,8,3
19986,3,3,2
19996,20,20,9
20010,9,9,2
20013,12,12,2
20026,17,17,2
20038,3,3,2
20042,2,2,2
20071,12,12,3
20077,10,10,3
20080,7,7,3
20086,8,8,2
2009,4,4,2
20095,22,22,5
20096,12,12,3
20099,3,3,2
20104,2,2,2
20105,14,14,4
2012,8,8,2
20161,21,21,2
20174,4,4,2
20175,10,10,2
20194,7,7,2
202,7,7,2
2023,2,2,2
20233,6,6,2
2025,3,3,2
20250,3,3,2
20252,16,16,2
2026,8,8,2
20271,10,10,2
20273,23,23,9
20287,2,2,2
20317,3,3,2
20325,11,11,3
20333,13,13,2
20349,6,6,2
2037,17,17,6
20372,8,8,5
20378,16,16,6
20380,12,12,4
20402,13,13,3
2041,8,8,2
20411,2,2,2
20425,15,15,3
20427,2,2,2
20428,20,20,8
20431,3,3,3
20434,9,9,2
20435,4,4,2
20437,10,10,2
20444,8,8,3
20446,2,2,2
2045,3,3,3
20452,11,11,2
20462,7,7,2
20481,30,30,10
20495,2,2,2
20519,8,8,2
20535,10,10,3
20538,15,15,5
20540,12,12,4
20541,26,26,5
2055,8,8,2
20556,10,10,3
20558,8,8,2
2058,14,14,5
206,20,20,7
2061,3,3,2
2064,13,13,2
20646,3,3,2
20667,8,8,2
20670,11,11,2
20677,9,9,2
2069,9,9,3
20696,7,7,2
20700,8,8,3
20706,2,2,2
20708,8,8,2
20710,9,9,2
20711,6,6,3
20718,9,9,2
20719,2,2,2
20727,3,3,2
20731,9,9,2
20745,7,7,2
20766,7,7,2
20769,7,7,2
20770,2,2,2
20773,3,3,3
20774,7,7,3
2079,9,9,3
20791,3,3,2
2080,9,9,2
20800,14,14,2
20801,7,7,2
20802,11,11,2
20813,2,2,2
20822,18,18,3
20827,7,7,2
20829,7,7,2
20836,28,28,2
20846,12,12,2
2085,13,13,5
20855,8,8,2
2086,7,7,2
20862,8,8,2
20866,10,10,3
20874,8,8,2
2088,2,2,2
20890,9,9,2
20898,14,14,3
20903,9,9,4
2091,3,3,3
20925,7,7,2
20927,9,9,4
20937,7,7,2
20949,7,7,2
20950,7,7,2
20978,10,10,2
21004,11,11,5
21005,4,4,3
2102,5,5,2
21038,9,9,2
21042,9,9,2
21045,8,8,2
21058,9,9,2
2106,7,7,2
2107,8,8,2
21070,13,13,2
21071,7,7,2
2108,10,10,2
21080,2,2,2
21092,9,9,2
21093,12,12,2
21098,8,8,2
21099,11,11,3
21125,10,10,2
21130,7,7,2
21131,7,7,2
21144,12,12,3
21166,6,6,2
21170,12,12,2
21174,11,11,2
21189,8,8,2
21191,8,8,2
21205,3,3,3
21218,2,2,2
21231,5,5,2
21244,8,8,2
21247,7,7,2
21257,7,7,2
21271,2,2,2
2130,6,6,2
21325,17,17,2
21327,6,6,2
21338,7,7,2
21340,7,7,2
21342,2,2,2
21362,8,8,3
21373,7,7,3
21385,7,7,2
21386,13,13,2
21404,6,6,2
21407,8,8,2
21410,8,8,2
21416,9,9,2
21424,8,8,2
21430,8,8,2
21433,8,8,2
21443,10,10,2
2145,10,10,3
21459,9,9,2
21479,2,2,2
21490,5,5,2
21492,7,7,2
21495,7,7,2
21519,7,7,2
21522,7,7,2
21531,7,7,2
21547,7,7,2
21548,8,8,2
2158,7,7,2
21595,8,8,2
21619,6,6,2
21625,6,6,2
21626,7,7,2
21631,7,7,2
21632,7,7,2
21646,7,7,2
21674,2,2,2
21676,33,33,5
21684,7,7,2
21686,10,10,2
2169,8,8,2
21704,11,11,2
21705,8,8,2
2171,7,7,2
21752,11,11,2
21754,3,3,2
21761,5,5,2
2179,14,14,5
21793,4,4,2
21796,8,8,2
21797,9,9,2
2180,9,9,2
21823,12,12,2
21830,11,11,2
2184,12,12,2
21851,7,7,2
2187,8,8,2
21870,7,7,2
21873,12,12,3
2188,12,12,4
2189,12,12,3
21908,12,12,2
2192,8,8,3
21925,8,8,2
21926,8,8,2
21928,7,7,2
21932,7,7,2
21957,8,8,2
2197,7,7,2
2199,11,11,2
21995,12,12,5
21998,11,11,2
22002,2,2,2
2202,7,7,2
22031,8,8,2
22044,10,10,2
22053,7,7,2
22057,9,9,3
2209,2,2,2
22135,3,3,2
22137,10,10,2
2214,8,8,2
22143,7,7,2
2215,9,9,2
22152,6,6,2
22158,10,10,2
2220,8,8,2
22203,8,8,2
22205,7,7,2
22209,9,9,2
2222,9,9,2
22221,9,9,2
22224,9,9,2
22247,6,6,2
22259,2,2,2
2226,7,7,2
22265,9,9,2
22275,11,11,2
22304,10,10,7
22332,8,8,2
22333,3,3,2
22375,9,9,2
22376,12,12,2
22384,7,7,2
22385,4,4,3
22390,7,7,2
22409,7,7,2
22411,8,8,2
22432,7,7,2
22455,8,8,2
2247,5,5,3
22480,3,3,3
22483,2,2,2
2249,9,9,2
22494,7,7,2
22507,29,29,2
22529,14,14,2
22533,9,9,2
22537,7,7,2
22539,7,7,2
2255,3,3,2
22566,4,4,2
22577,7,7,2
22582,3,3,2
22586,6,6,2
22593,8,8,2
22594,7,7,2
22613,8,8,2
22637,9,9,2
22638,8,8,2
2264,2,2,2
22649,8,8,3
2265,3,3,2
2266,11,11,4
22677,7,7,2
22679,8,8,2
2268,2,2,2
22691,9,9,3
22714,8,8,2
22721,11,11,3
22723,4,4,3
22724,11,11,2
22727,8,8,2
22743,13,13,3
22747,10,10,2
22762,10,10,2
22777,7,7,2
22807,7,7,2
22808,10,10,2
22810,21,21,3
22820,6,6,2
22825,5,5,2
22829,10,10,2
2286,3,3,2
22865,2,2,2
22867,8,8,3
22876,12,12,3
22878,9,9,2
2289,11,11,4
2292,2,2,2
22938,19,19,2
22946,6,6,3
22948,7,7,2
22956,2,2,2
22968,9,9,3
22978,6,6,2
22982,7,7,2
23,9,9,2
23028,6,6,2
2303,6,6,2
23031,8,8,3
23041,3,3,2
23067,6,6,2
2307,8,8,2
23073,8,8,3
23079,43,43,4
23083,8,8,2
23098,8,8,2
23101,9,9,2
2311,4,4,2
23110,7,7,2
23116,14,14,8
23117,8,8,3
23146,7,7,2
23169,7,7,2
23179,9,9,2
23191,12,12,2
23195,7,7,2
23196,8,8,2
23199,8,8,3
23202,2,2,2
23204,8,8,2
2322,8,8,3
23244,6,6,2
23245,7,7,2
23248,7,7,2
23249,12,12,2
2325,13,13,4
23262,16,16,5
23269,9,9,2
23307,6,6,2
23315,6,6,2
23326,7,7,2
23333,3,3,2
23341,4,4,2
23344,2,2,2
23356,16,16,5
23360,2,2,2
23361,10,10,2
23363,10,10,3
23365,3,3,2
23371,15,15,2
23374,2,2,2
23375,11,11,4
23376,11,11,3
23385,10,10,2
23399,7,7,2
23401,8,8,2
2342,11,11,2
23421,8,8,2
23438,35,35,9
23439,3,3,2
23442,11,11,2
23443,7,7,2
23464,9,9,2
23469,9,9,2
23474,6,6,2
23476,8,8,2
23480,3,3,2
23484,12,12,4
2352,22,22,2
2353,8,8,3
23546,9,9,2
23563,8,8,2
23566,7,7,2
23568,7,7,3
23570,9,9,2
23573,10,10,2
23585,2,2,2
23587,7,7,2
2359,8,8,2
236,11,11,2
23610,2,2,2
23612,7,7,2
23613,7,7,2
23615,7,7,2
23618,7,7,2
2362,10,10,2
23624,11,11,2
23665,6,6,2
23672,8,8,2
23676,7,7,2
23677,8,8,2
2368,7,7,2
2369,2,2,2
23690,13,13,2
23706,12,12,4
2371,8,8,2
23735,2,2,2
23736,2,2,2
23741,2,2,2
23742,2,2,2
23748,2,2,2
2375,9,9,3
23765,7,7,2
23781,8,8,2
23791,2,2,2
23802,12,12,4
23811,7,7,2
23822,8,8,2
23847,10,10,2
2385,6,6,2
23855,8,8,3
2386,10,10,2
23867,8,8,2
23868,8,8,2
23880,7,7,2
23881,13,13,4
2391,15,15,3
23934,13,13,4
23944,8,8,2
23949,6,6,2
23957,8,8,2
23961,9,9,2
2397,12,12,2
23976,8,8,2
23977,9,9,3
23980,7,7,2
23990,11,11,2
23993,10,10,2
24006,9,9,2
24016,13,13,2
24017,9,9,2
24025,8,8,2
24032,8,8,2
24042,8,8,2
24049,7,7,2
24060,7,7,2
24065,3,3,2
24080,7,7,2
24083,8,8,2
24086,8,8,2
24114,7,7,2
2412,9,9,2
24123,12,12,2
24124,11,11,3
24125,9,9,2
24127,10,10,3
24143,9,9,2
24152,8,8,2
24157,10,10,3
24158,10,10,2
2417,3,3,2
24181,7,7,2
24182,5,5,2
24185,8,8,2
24188,11,11,2
24190,2,2,2
24200,7,7,2
24204,39,39,7
2421,10,10,2
24212,8,8,3
24217,39,39,10
24221,8,8,2
24223,7,7,2
24225,7,7,2
24227,10,10,2
24250,7,7,2
24253,4,4,3
24256,12,12,2
24274,7,7,2
24299,10,10,2
24322,7,7,2
24331,10,10,2
24338,9,9,3
24347,5,5,2
24351,2,2,2
24367,17,17,2
2437,10,10,2
24374,9,9,3
24375,9,9,2
24376,23,23,3
24382,8,8,2
24383,9,9,2
24384,9,9,2
24401,9,9,2
24408,10,10,2
24418,9,9,3
24480,8,8,2
24503,9,9,2
24508,7,7,2
24509,8,8,2
24515,8,8,3
24519,2,2,2
24528,16,16,6
24530,2,2,2
24531,7,7,2
24533,24,24,4
24534,27,27,11
24535,6,6,2
24541,11,11,5
24544,11,11,5
24552,15,15,2
24565,19,19,7
24571,8,8,2
24573,8,8,2
24578,16,16,2
24584,8,8,3
24587,7,7,2
24614,4,4,2
24615,9,9,3
24616,8,8,2
24618,2,2,2
24620,5,5,3
24628,10,10,2
24635,3,3,2
24645,7,7,2
24653,9,9,2
24664,8,8,2
24672,2,2,2
24686,2,2,2
24689,14,14,2
24707,31,31,3
24715,8,8,2
24726,10,10,2
24737,15,15,4
24738,11,11,3
24742,10,10,2
24784,7,7,2
24798,7,7,2
2480,6,6,2
24800,6,6,2
24802,3,3,2
24803,3,3,2
24818,7,7,2
24835,12,12,3
2485,12,12,2
24857,20,20,2
24882,16,16,5
24884,9,9,3
24885,2,2,2
24894,6,6,2
2492,8,8,2
2494,9,9,2
2495,8,8,2
24972,2,2,2
24978,7,7,2
24980,11,11,3
25004,8,8,3
25017,8,8,2
25037,6,6,2
25040,9,9,2
25042,7,7,2
25059,8,8,3
25066,7,7,2
25071,24,24,4
25072,11,11,3
25079,12,12,5
25093,8,8,2
25130,9,9,2
25131,2,2,2
25133,17,17,3
25135,6,6,3
25139,8,8,3
25149,3,3,2
25150,2,2,2
25155,2,2,2
25161,12,12,2
25162,7,7,2
25170,7,7,4
25175,8,8,2
25178,9,9,2
25188,13,13,6
25215,7,7,4
25221,14,14,5
25227,8,8,2
25229,3,3,2
25252,8,8,2
2527,11,11,2
25278,7,7,2
25300,15,15,2
25303,5,5,3
25305,18,18,6
25306,3,3,3
2532,2,2,2
25321,16,16,7
25322,3,3,2
25325,2,2,2
25329,22,22,7
25334,8,8,3
25343,10,10,2
25352,18,18,5
25353,8,8,2
25362,7,7,2
25379,20,20,7
25390,9,9,2
25393,16,16,6
25403,2,2,2
25406,8,8,2
2541,15,15,2
25421,7,7,2
25426,7,7,2
25427,7,7,2
25432,7,7,2
25437,9,9,2
25442,12,12,5
25449,7,7,2
25454,4,4,2
25466,5,5,2
25474,13,13,3
25479,7,7,3
25498,16,16,4
25500,2,2,2
25504,8,8,2
25508,7,7,2
2553,14,14,3
25546,14,14,4
25547,14,14,2
25548,3,3,2
25551,10,10,2
25554,2,2,2
25556,2,2,2
25562,12,12,3
25566,12,12,2
25569,4,4,2
25570,2,2,2
25577,2,2,2
25583,14,14,2
25584,7,7,3
25587,12,12,2
25589,8,8,3
25602,9,9,2
25607,9,9,2
25608,6,6,6
25609,2,2,2
25616,17,17,9
25619,3,3,2
25621,7,7,2
25633,15,15,7
25638,2,2,2
25644,2,2,2
25655,12,12,6
25657,8,8,4
25660,22,22,8
25666,3,3,2
25671,18,18,7
25673,11,11,2
25688,2,2,2
25694,3,3,3
25696,2,2,2
25701,3,3,2
25715,11,11,2
25716,3,3,2
25717,6,6,3
25718,7,7,2
2572,7,7,2
25729,8,8,2
25730,7,7,2
25734,2,2,2
25735,3,3,2
25736,2,2,2
25737,5,5,2
25744,11,11,3
25770,11,11,3
25775,6,6,3
25778,7,7,3
25781,7,7,2
25788,8,8,2
25790,13,13,3
25793,4,4,2
25796,5,5,3
25797,13,13,6
25798,2,2,2
25802,21,21,9
25808,2,2,2
25809,8,8,2
25815,4,4,3
25818,10,10,3
25822,11,11,2
25823,7,7,2
25828,11,11,4
25829,12,12,5
25835,3,3,2
25840,2,2,2
25844,2,2,2
25852,3,3,3
25868,3,3,3
25870,8,8,2
25879,7,7,2
25882,8,8,2
25891,2,2,2
25893,7,7,2
25898,12,12,2
25903,13,13,2
25914,7,7,2
25925,8,8,2
25939,13,13,4
25941,13,13,5
25947,5,5,2
25963,7,7,3
25967,7,7,3
25982,2,2,2
26006,2,2,2
26032,9,9,4
26047,8,8,2
26075,9,9,2
26093,12,12,2
26102,2,2,2
26105,10,10,2
26109,7,7,3
2611,9,9,2
26118,2,2,2
26120,18,18,3
26121,17,17,6
26145,16,16,5
26152,12,12,3
26163,2,2,2
26164,2,2,2
26167,7,7,2
26170,11,11,3
26171,2,2,2
26176,3,3,2
26177,7,7,3
26185,2,2,2
26188,17,17,8
26197,4,4,3
26198,7,7,2
26210,2,2,2
26214,8,8,2
26220,6,6,2
26224,10,10,2
26233,13,13,2
2625,8,8,2
26268,2,2,2
26269,8,8,3
26272,2,2,2
26273,2,2,2
26281,2,2,2
26283,11,11,4
26285,2,2,2
26288,5,5,2
26298,10,10,3
26304,7,7,2
26308,15,15,2
26327,7,7,2
26366,3,3,2
26379,7,7,2
26389,4,4,2
2641,11,11,2
26418,4,4,2
26439,10,10,3
2645,7,7,2
26450,4,4,3
26451,6,6,2
26461,8,8,2
26486,4,4,2
265,2,2,2
2650,3,3,2
26509,4,4,3
26516,3,3,2
26518,9,9,2
26521,4,4,2
26533,2,2,2
26535,4,4,4
26541,2,2,2
26544,2,2,2
26550,7,7,2
26585,11,11,2
26586,3,3,2
26588,4,4,2
26592,13,13,5
26594,2,2,2
26595,8,8,3
266,9,9,2
26601,2,2,2
26602,10,10,4
26622,3,3,3
26623,3,3,3
26628,8,8,2
26632,2,2,2
2664,6,6,2
26640,8,8,3
26641,7,7,2
2665,11,11,3
26653,7,7,2
26656,22,22,7
26657,7,7,3
26660,2,2,2
26691,9,9,2
26701,9,9,2
26708,8,8,2
26714,2,2,2
26732,9,9,2
26744,2,2,2
26745,2,2,2
26754,11,11,5
26758,2,2,2
26769,8,8,3
26825,12,12,4
26841,15,15,2
26842,7,7,3
26846,12,12,2
26847,2,2,2
26855,2,2,2
26856,3,3,3
26863,7,7,2
26865,7,7,2
26883,9,9,3
26892,7,7,2
26900,8,8,2
26902,9,9,2
26906,2,2,2
26917,10,10,3
26921,2,2,2
26922,8,8,2
26923,11,11,2
26933,3,3,2
26959,7,7,2
26960,9,9,2
26974,13,13,2
26977,8,8,2
26981,11,11,3
27,9,9,2
27004,17,17,9
27021,5,5,2
27040,13,13,2
27041,19,19,4
27047,31,31,4
27051,10,10,2
27073,3,3,2
27077,3,3,2
271,23,23,4
27122,13,13,4
27128,2,2,2
27197,3,3,2
27198,15,15,5
272,8,8,2
2722,7,7,2
27234,6,6,2
2724,11,11,2
27299,7,7,2
27362,8,8,2
27369,8,8,3
27371,11,11,2
27394,2,2,2
2740,9,9,2
27406,9,9,2
27409,7,7,2
27411,9,9,4
27412,7,7,2
27415,8,8,2
27420,2,2,2
27425,7,7,2
27426,7,7,2
27430,2,2,2
27434,7,7,2
27447,3,3,2
27448,5,5,2
27460,4,4,3
27461,6,6,2
27466,12,12,2
27497,8,8,3
27499,6,6,2
27508,9,9,2
27512,8,8,2
27515,7,7,2
27527,11,11,4
27545,13,13,2
27556,8,8,2
27559,2,2,2
27565,7,7,2
27567,23,23,7
27568,16,16,6
27592,8,8,2
27599,3,3,3
2760,7,7,2
27600,10,10,3
27601,12,12,3
2761,7,7,2
27621,14,14,2
27629,8,8,2
27641,7,7,2
27649,2,2,2
27655,8,8,2
27659,7,7,2
27677,7,7,2
27694,10,10,2
27725,7,7,2
27738,10,10,4
27739,2,2,2
27748,7,7,2
27754,6,6,2
27772,24,24,11
27774,6,6,2
27780,8,8,2
27785,15,15,2
27790,2,2,2
27792,8,8,4
27793,18,18,5
27807,2,2,2
27816,7,7,3
27827,12,12,3
27829,4,4,3
27847,9,9,2
27848,7,7,2
27865,7,7,2
27869,6,6,4
27935,2,2,2
27937,25,25,5
27938,3,3,2
2795,17,17,7
27957,3,3,2
2796,10,10,2
2802,7,7,2
28036,2,2,2
28037,11,11,4
28039,6,6,2
2804,17,17,3
28046,8,8,3
28065,21,21,7
28070,7,7,2
28087,2,2,2
28089,7,7,2
28098,7,7,2
2811,8,8,2
2812,8,8,2
28121,6,6,2
28122,3,3,3
28133,4,4,2
28134,17,17,6
28152,7,7,2
28157,6,6,2
28195,8,8,2
28209,20,20,3
28218,7,7,2
28224,9,9,5
28228,6,6,2
28232,7,7,2
2824,8,8,2
28240,6,6,2
28244,8,8,2
28252,7,7,2
28271,14,14,5
28272,2,2,2
28319,9,9,2
28334,8,8,2
28343,9,9,2
28353,9,9,4
28362,6,6,2
28366,19,19,8
28376,6,6,2
28377,2,2,2
28406,12,12,2
2841,10,10,2
28414,10,10,4
28423,13,13,3
28429,2,2,2
28456,8,8,2
28461,2,2,2
28463,12,12,4
28471,8,8,2
28476,11,11,5
28492,12,12,2
28493,4,4,2
28512,19,19,9
28514,9,9,2
28516,10,10,2
28537,8,8,3
28554,14,14,3
2856,24,24,5
28561,7,7,2
28615,16,16,5
2862,12,12,2
28620,8,8,2
28638,13,13,2
28644,7,7,2
28663,7,7,2
28674,5,5,2
28718,7,7,2
2872,18,18,2
28738,2,2,2
28742,8,8,2
28751,8,8,3
28770,6,6,2
28774,3,3,2
28777,2,2,2
28780,2,2,2
2879,9,9,2
28806,7,7,2
2886,17,17,2
28889,8,8,3
28894,7,7,2
28965,7,7,2
28973,6,6,2
28975,11,11,3
28978,12,12,6
28983,2,2,2
29014,14,14,4
29015,2,2,2
29020,7,7,2
29054,12,12,2
29059,6,6,2
29064,8,8,2
29079,7,7,2
29080,13,13,6
29097,3,3,3
2911,7,7,2
29113,8,8,2
29133,2,2,2
29142,16,16,2
29149,2,2,2
29156,10,10,4
29159,3,3,2
29160,17,17,5
29161,2,2,2
29167,5,5,2
29173,2,2,2
29212,2,2,2
29215,3,3,2
29227,8,8,2
29230,2,2,2
29232,2,2,2
29233,10,10,3
29271,3,3,2
29291,8,8,2
29298,14,14,2
29310,9,9,2
29323,8,8,2
29362,24,24,2
29364,3,3,2
29371,10,10,3
29372,3,3,2
2938,7,7,2
29390,7,7,2
29391,11,11,2
29398,10,10,2
29405,7,7,2
2941,8,8,3
29421,19,19,3
29422,12,12,3
29431,7,7,2
29438,9,9,2
29465,3,3,3
29466,13,13,3
29467,2,2,2
29476,7,7,2
29487,5,5,2
29490,6,6,3
29491,10,10,3
29492,9,9,4
29494,8,8,3
29497,3,3,2
29500,3,3,2
29506,8,8,2
29509,9,9,2
29540,2,2,2
29542,9,9,2
29545,8,8,2
29590,5,5,2
29609,9,9,2
29677,9,9,2
29686,10,10,2
2969,7,7,2
29698,12,12,2
29711,20,20,6
29714,10,10,2
29724,2,2,2
2973,10,10,2
29738,9,9,2
29739,3,3,2
29740,12,12,2
29745,10,10,2
29760,12,12,2
29808,7,7,2
29809,16,16,3
2981,8,8,2
29820,10,10,2
29825,9,9,2
29856,24,24,5
29860,8,8,2
29873,5,5,2
29883,8,8,2
29889,19,19,3
29904,8,8,2
29917,6,6,2
29918,8,8,2
29921,8,8,2
29922,9,9,2
29924,8,8,2
29928,11,11,2
29936,8,8,2
29942,9,9,2
29945,3,3,2
29948,8,8,2
29949,8,8,2
29954,15,15,2
29965,11,11,5
29969,3,3,2
29998,4,4,2
30018,10,10,4
30019,32,32,17
30020,2,2,2
30034,7,7,2
30035,7,7,2
30049,8,8,2
30050,18,18,3
30058,10,10,8
30060,9,9,2
30067,8,8,3
30068,11,11,3
30070,11,11,2
30071,2,2,2
30073,8,8,3
30092,9,9,2
30142,12,12,2
30160,6,6,2
30162,9,9,2
30184,7,7,2
30186,4,4,4
30202,11,11,2
30210,7,7,2
30213,8,8,3
30243,9,9,3
30244,11,11,2
30262,11,11,2
30265,10,10,2
3027,7,7,2
30278,8,8,2
30280,35,35,12
30287,13,13,2
30289,6,6,2
3029,6,6,2
30298,8,8,2
3030,13,13,2
30307,2,2,2
30309,11,11,2
3031,7,7,2
30314,2,2,2
30318,17,17,5
30321,14,14,2
30330,22,22,2
30331,7,7,2
30338,9,9,2
30351,7,7,2
30359,7,7,2
3036,8,8,2
30360,6,6,3
30381,21,21,3
30395,14,14,2
30399,7,7,2
30407,9,9,2
30411,6,6,2
30414,7,7,2
30445,12,12,2
30475,10,10,2
30483,5,5,2
30489,7,7,2
30492,7,7,2
30508,19,19,2
3051,8,8,2
30519,9,9,3
30520,3,3,2
30529,2,2,2
30541,8,8,3
30556,10,10,2
3056,7,7,2
30573,7,7,2
30575,3,3,2
30590,9,9,4
30593,8,8,2
3063,11,11,2
30639,7,7,2
30717,9,9,2
30722,2,2,2
3073,18,18,7
30736,8,8,2
30831,10,10,2
30848,12,12,2
3085,10,10,4
30869,9,9,2
309,7,7,2
30905,8,8,2
3092,9,9,2
30922,9,9,2
30923,13,13,2
30936,8,8,2
30960,16,16,2
30966,10,10,2
30967,9,9,2
30979,19,19,3
30989,9,9,2
30993,16,16,3
310,22,22,2
31002,19,19,6
31021,4,4,2
3108,13,13,2
31097,3,3,2
31100,9,9,2
31132,18,18,9
31146,2,2,2
31151,2,2,2
31167,22,22,8
31184,16,16,3
31192,7,7,2
312,6,6,2
31205,30,30,3
31214,12,12,2
31241,4,4,3
3125,7,7,2
31259,6,6,2
3128,8,8,2
31289,5,5,2
31292,10,10,3
313,7,7,2
31302,12,12,3
31321,8,8,2
31357,6,6,2
31364,7,7,2
3139,4,4,2
31397,9,9,2
31404,5,5,4
31405,7,7,2
31412,11,11,3
31420,10,10,2
31427,14,14,2
31428,8,8,2
31431,9,9,2
31433,25,25,3
31438,16,16,4
31439,10,10,4
3144,9,9,2
31445,4,4,4
31447,13,13,4
31450,14,14,2
31465,9,9,2
31470,7,7,2
31487,13,13,4
31489,26,26,10
31511,8,8,2
31534,18,18,2
31549,7,7,2
3156,2,2,2
31562,12,12,2
31570,7,7,2
31577,16,16,2
31585,8,8,3
31588,7,7,2
3160,9,9,2
31601,9,9,2
31618,7,7,2
31630,4,4,2
31635,8,8,2
31636,16,16,2
31638,17,17,2
31652,11,11,3
31656,14,14,2
31681,7,7,2
31686,71,71,10
31687,17,17,8
31688,16,16,4
31692,12,12,2
31695,3,3,2
31699,10,10,2
31700,40,40,14
31703,76,76,13
31707,14,14,2
31714,8,8,3
31716,9,9,3
31720,7,7,2
31730,10,10,2
31731,6,6,2
31732,17,17,6
31750,6,6,2
31765,27,27,2
31771,7,7,2
31782,5,5,2
31786,12,12,4
31787,8,8,2
31794,7,7,2
31796,12,12,3
31801,7,7,2
31802,6,6,2
31809,9,9,2
3181,34,34,4
31815,9,9,2
31816,23,23,8
31817,12,12,3
31833,11,11,3
31842,4,4,2
31888,16,16,2
3189,8,8,2
31891,11,11,2
31893,10,10,2
31900,7,7,2
31910,21,21,4
31911,8,8,2
31933,10,10,2
31936,7,7,2
3194,5,5,2
31964,9,9,2
31968,10,10,2
31975,11,11,2
31998,10,10,2
3200,2,2,2
32012,15,15,3
32021,4,4,3
32029,30,30,5
3203,8,8,2
32033,15,15,4
32036,10,10,2
32038,8,8,2
32057,8,8,2
32065,10,10,2
32066,9,9,2
32068,4,4,2
32077,12,12,2
32085,13,13,2
32087,8,8,2
32097,9,9,2
32114,2,2,2
32117,11,11,2
32130,21,21,8
32137,29,29,2
3215,2,2,2
32179,10,10,2
3218,7,7,2
32182,10,10,2
32199,8,8,2
32209,2,2,2
3221,8,8,2
3222,5,5,2
32238,6,6,2
32241,4,4,2
32260,7,7,2
32268,8,8,2
32287,14,14,3
32288,7,7,2
32298,4,4,2
32303,9,9,2
32319,8,8,2
32335,7,7,2
32346,6,6,2
32359,15,15,8
3236,17,17,4
32370,2,2,2
32378,21,21,3
32390,9,9,2
32394,7,7,2
32410,8,8,3
32419,9,9,2
32428,3,3,2
32429,7,7,2
3243,2,2,2
32432,6,6,2
32458,8,8,2
32466,7,7,2
32467,9,9,2
32477,33,33,4
32483,7,7,2
32486,23,23,8
32493,23,23,4
32496,7,7,2
32497,2,2,2
325,6,6,2
32503,10,10,2
32506,11,11,2
32524,10,10,2
3255,9,9,2
32573,7,7,2
3259,8,8,3
32591,10,10,3
32607,5,5,2
32622,17,17,4
32623,6,6,2
32634,10,10,2
32649,24,24,8
32659,22,22,9
32668,8,8,2
32680,29,29,11
32682,11,11,5
32684,19,19,6
32685,18,18,3
32689,17,17,5
32691,13,13,4
32697,22,22,9
32698,15,15,7
32707,35,35,4
32711,19,19,3
32724,6,6,2
32726,14,14,4
32738,16,16,5
3274,8,8,2
32760,12,12,4
32762,8,8,2
32766,31,31,3
32770,15,15,5
32771,15,15,2
32772,11,11,3
32775,7,7,2
3279,3,3,3
32791,7,7,2
32792,19,19,5
32797,14,14,7
3280,2,2,2
32800,20,20,8
32802,15,15,4
32806,17,17,9
32809,8,8,2
32817,24,24,7
32819,15,15,2
32821,9,9,3
32822,18,18,9
32823,2,2,2
32824,13,13,5
32825,9,9,2
32832,22,22,7
32837,9,9,2
32843,19,19,6
32846,11,11,2
32850,21,21,3
32854,28,28,4
32855,10,10,2
32863,7,7,2
32905,2,2,2
32935,7,7,2
33025,12,12,3
33028,5,5,3
3304,8,8,2
33072,16,16,2
33101,9,9,2
33106,6,6,2
33110,14,14,2
3312,4,4,2
33137,7,7,2
33155,8,8,2
33170,7,7,2
33174,9,9,2
3318,12,12,5
33218,9,9,2
33221,19,19,3
33225,16,16,3
3323,10,10,2
3324,7,7,2
33247,8,8,2
33253,7,7,2
33263,9,9,2
3330,7,7,2
3331,8,8,2
33322,15,15,7
33329,11,11,2
33330,17,17,4
33336,8,8,2
33337,14,14,5
33339,5,5,3
33341,17,17,9
33355,8,8,3
33356,9,9,2
33360,3,3,2
33371,26,26,5
33373,17,17,7
33374,14,14,3
33375,22,22,6
33378,11,11,4
33384,15,15,3
33385,18,18,7
33386,18,18,8
33408,3,3,2
33432,14,14,2
33433,13,13,5
33434,10,10,4
33438,2,2,2
33439,19,19,8
33451,7,7,2
3346,19,19,4
33503,4,4,2
33508,5,5,2
33552,9,9,2
33554,9,9,2
3358,16,16,3
33599,7,7,2
33603,7,7,2
33616,7,7,2
33654,2,2,2
33661,6,6,2
33662,4,4,2
33663,6,6,2
33669,13,13,2
33670,9,9,2
33722,4,4,3
33772,9,9,2
33774,8,8,2
3378,7,7,2
33784,8,8,2
33804,4,4,2
33862,8,8,2
33865,17,17,2
33870,13,13,3
33920,8,8,2
33922,10,10,2
33928,8,8,2
33969,20,20,2
33987,12,12,2
34009,7,7,2
34020,7,7,2
34030,10,10,3
34069,2,2,2
34102,5,5,2
34109,3,3,2
3413,21,21,3
34130,16,16,2
3416,8,8,2
34165,10,10,2
34202,8,8,2
34211,10,10,5
34217,23,23,8
34219,4,4,3
34224,21,21,5
34229,7,7,2
34234,8,8,2
34278,10,10,3
34323,11,11,5
34358,7,7,2
34367,7,7,2
34397,10,10,2
3440,14,14,2
34410,12,12,2
34414,14,14,2
3442,15,15,3
34442,18,18,3
34449,10,10,3
34450,12,12,4
3446,10,10,3
3450,8,8,2
34507,9,9,2
34517,13,13,2
3453,5,5,2
34532,9,9,2
34535,9,9,2
34550,4,4,2
34557,6,6,2
34575,2,2,2
34593,12,12,2
3460,7,7,2
34639,12,12,2
34642,9,9,2
3465,12,12,2
34664,18,18,2
34665,20,20,2
34677,28,28,2
34693,9,9,2
34700,6,6,2
3471,10,10,2
34710,10,10,2
34713,11,11,2
3473,14,14,2
34732,12,12,2
34735,7,7,2
34741,11,11,2
34757,4,4,2
34759,23,23,2
34764,7,7,2
34765,13,13,4
34775,20,20,7
34779,5,5,2
34785,7,7,2
34815,18,18,2
34832,13,13,2
34834,4,4,2
3484,12,12,2
34845,6,6,3
3486,7,7,2
34872,14,14,2
34884,10,10,2
34890,4,4,2
3490,13,13,4
34947,6,6,2
3497,9,9,2
35010,13,13,2
35011,12,12,2
35015,17,17,3
35019,5,5,2
35022,15,15,2
35023,3,3,2
35024,9,9,3
35028,14,14,2
35029,9,9,2
35030,16,16,4
35042,13,13,2
35043,13,13,4
35045,11,11,2
35047,29,29,4
35048,27,27,3
35058,10,10,2
35063,18,18,4
35068,6,6,2
35069,10,10,3
35071,16,16,3
35081,10,10,2
35094,9,9,2
35098,13,13,2
35109,10,10,2
35110,19,19,2
35113,11,11,2
35115,9,9,3
35116,2,2,2
35117,15,15,2
35118,19,19,4
3512,10,10,3
35147,4,4,2
35148,4,4,2
35165,7,7,2
35174,16,16,3
35175,12,12,3
35180,7,7,2
35185,14,14,2
35186,17,17,5
35188,17,17,5
3519,2,2,2
35190,9,9,2
35191,8,8,3
35196,5,5,4
35202,11,11,4
35203,8,8,2
35204,12,12,2
35205,10,10,2
35222,3,3,2
35224,3,3,2
35225,11,11,4
35227,14,14,3
35242,8,8,3
35243,13,13,4
35248,10,10,2
35251,10,10,3
35288,13,13,5
35297,9,9,2
35298,7,7,2
35299,8,8,2
35308,10,10,2
35320,18,18,7
35323,13,13,2
35333,17,17,2
35340,3,3,2
35346,15,15,4
35347,4,4,3
35359,4,4,2
35360,10,10,2
35371,10,10,2
35386,16,16,4
35387,4,4,3
35388,4,4,2
35397,12,12,5
35411,2,2,2
35414,8,8,2
35424,17,17,2
35450,7,7,2
35463,2,2,2
35477,6,6,3
35492,25,25,10
35493,11,11,4
35504,23,23,7
35507,3,3,3
35513,3,3,2
35520,8,8,2
35557,8,8,2
35562,2,2,2
35566,16,16,6
35567,3,3,2
35591,3,3,2
35592,14,14,5
35593,13,13,4
35594,5,5,2
35595,22,22,4
35606,5,5,3
35607,10,10,4
35612,5,5,4
35628,4,4,2
35640,10,10,2
3566,11,11,2
35671,15,15,5
35675,11,11,2
35683,7,7,2
35699,8,8,2
35719,2,2,2
35733,7,7,2
35735,2,2,2
35769,22,22,9
35770,3,3,2
35788,7,7,3
35821,7,7,2
35839,9,9,2
35844,7,7,2
35859,8,8,2
35896,8,8,5
359,8,8,2
35900,19,19,5
35918,2,2,2
3593,9,9,2
35937,3,3,2
3594,11,11,2
35949,18,18,5
35995,2,2,2
35996,2,2,2
35998,6,6,3
360,9,9,2
36001,8,8,2
36031,11,11,5
36032,2,2,2
36054,15,15,7
36058,22,22,12
36059,5,5,2
36060,2,2,2
36067,7,7,2
36079,3,3,2
36092,10,10,3
36093,2,2,2
3611,7,7,2
36118,8,8,2
3613,13,13,2
36152,20,20,3
36170,3,3,2
36197,13,13,2
36205,13,13,3
36210,9,9,2
36212,2,2,2
36213,2,2,2
36235,6,6,2
36260,8,8,2
36261,11,11,5
36262,10,10,3
36269,2,2,2
36280,5,5,2
3630,10,10,2
3631,2,2,2
36326,5,5,2
36333,10,10,2
36343,12,12,4
36348,2,2,2
36353,8,8,2
3637,7,7,2
36379,5,5,2
36383,14,14,6
36384,8,8,5
3639,6,6,2
36391,10,10,3
36400,10,10,5
36423,3,3,2
36430,2,2,2
36439,8,8,2
36441,12,12,2
36449,7,7,2
36461,30,30,10
36488,9,9,2
36496,5,5,2
36498,9,9,2
36508,11,11,4
36512,2,2,2
36541,10,10,3
36542,3,3,2
36557,3,3,2
36558,2,2,2
36561,2,2,2
36563,22,22,8
36564,2,2,2
36567,2,2,2
36660,4,4,3
36675,3,3,3
3668,12,12,2
36684,15,15,5
36693,12,12,3
36696,2,2,2
36698,15,15,5
36711,10,10,2
36712,12,12,4
36718,14,14,3
3674,12,12,2
36754,6,6,2
36760,2,2,2
36770,2,2,2
36776,18,18,7
36778,7,7,2
36819,4,4,4
36824,9,9,5
36827,3,3,2
3683,12,12,2
36840,5,5,2
36870,16,16,9
3690,10,10,2
3691,2,2,2
36913,10,10,2
36922,11,11,5
36923,2,2,2
36929,4,4,3
36943,3,3,2
36944,2,2,2
3696,20,20,6
36976,2,2,2
36998,2,2,2
37002,4,4,2
3702,7,7,2
37032,14,14,5
37033,2,2,2
37034,3,3,2
37039,9,9,3
3705,9,9,2
37051,8,8,2
37053,6,6,2
37056,18,18,6
37057,2,2,2
3706,11,11,2
37067,2,2,2
3708,13,13,2
37088,8,8,2
37095,16,16,2
3711,21,21,2
3712,17,17,3
37121,4,4,3
37140,2,2,2
37239,5,5,2
37246,5,5,2
3727,14,14,4
3730,10,10,3
3731,24,24,10
3745,9,9,3
37472,13,13,2
37480,9,9,3
37483,11,11,2
37491,12,12,2
37503,8,8,2
37506,9,9,3
37507,6,6,3
37508,9,9,3
37509,9,9,2
37523,8,8,2
37526,3,3,3
37527,22,22,2
37530,14,14,2
37540,9,9,2
37552,7,7,2
37562,68,68,23
37564,20,20,6
37571,8,8,2
3758,8,8,2
37581,3,3,2
37582,3,3,3
37583,11,11,2
37587,15,15,6
37588,20,20,6
37589,7,7,3
37592,17,17,7
37596,12,12,5
37598,22,22,4
37599,17,17,4
37602,11,11,3
37608,21,21,6
37609,19,19,6
37610,10,10,2
37611,12,12,3
37615,2,2,2
37616,17,17,4
37617,13,13,3
37623,10,10,2
37624,16,16,8
37625,7,7,2
37626,14,14,7
37634,26,26,3
37638,14,14,2
37639,8,8,3
37643,15,15,2
37645,6,6,2
3767,51,51,10
37684,9,9,2
3769,9,9,3
37699,9,9,2
37703,2,2,2
37704,15,15,2
37705,10,10,5
37714,8,8,2
3772,13,13,2
37736,7,7,2
37751,7,7,2
37752,2,2,2
37757,8,8,2
3777,7,7,2
37773,3,3,3
37777,12,12,3
37781,15,15,2
37785,12,12,2
37791,4,4,3
37792,3,3,2
37793,10,10,3
37798,7,7,2
37799,29,29,4
37800,2,2,2
37806,2,2,2
37808,2,2,2
37811,3,3,2
37820,9,9,4
37824,7,7,2
37826,2,2,2
3783,9,9,2
37845,2,2,2
37861,2,2,2
37863,12,12,2
37877,10,10,2
37880,26,26,7
37899,11,11,2
37912,6,6,2
3793,12,12,2
3795,9,9,2
37969,3,3,2
37992,13,13,2
38005,2,2,2
38006,12,12,2
38046,10,10,2
38063,8,8,2
38072,11,11,3
38074,3,3,2
38075,33,33,8
38077,6,6,2
38078,2,2,2
38088,4,4,2
38091,21,21,6
38092,12,12,4
38096,4,4,2
38104,13,13,3
3811,11,11,2
38114,2,2,2
38117,3,3,2
38119,13,13,2
38124,9,9,2
38128,7,7,2
38131,11,11,3
38151,17,17,5
38158,13,13,5
38186,4,4,2
38225,20,20,9
38227,4,4,3
38229,2,2,2
38231,20,20,7
3824,7,7,2
38248,3,3,2
38249,2,2,2
38268,12,12,3
38274,8,8,3
38281,2,2,2
38285,8,8,2
38286,7,7,3
38301,11,11,3
38302,2,2,2
38303,2,2,2
38322,20,20,5
38326,10,10,2
38333,10,10,2
38334,8,8,2
38349,9,9,3
38358,3,3,3
3836,6,6,2
3839,9,9,2
38420,3,3,2
38421,11,11,4
38425,2,2,2
38426,12,12,2
38428,8,8,2
38434,8,8,2
38440,15,15,2
38443,19,19,4
38449,2,2,2
38450,9,9,4
38453,2,2,2
38456,2,2,2
38466,3,3,2
38473,3,3,2
3848,8,8,3
38480,10,10,2
38498,10,10,2
38509,31,31,7
38510,3,3,2
38512,2,2,2
38529,8,8,2
3853,8,8,2
38538,12,12,2
38556,17,17,3
38575,3,3,2
38588,22,22,8
38616,7,7,4
3862,9,9,2
38627,18,18,6
38649,7,7,2
38664,2,2,2
3869,8,8,2
38692,32,32,13
38705,8,8,2
38709,9,9,2
38754,2,2,2
38755,3,3,2
38756,3,3,2
3876,7,7,2
38773,11,11,3
3881,6,6,2
38812,7,7,3
38820,5,5,2
38824,2,2,2
38837,2,2,2
3885,52,52,3
38857,11,11,4
3886,8,8,2
38861,14,14,3
38871,12,12,4
38876,9,9,2
38904,10,10,2
38914,9,9,3
3892,8,8,2
38922,5,5,3
38933,3,3,3
3894,7,7,2
38966,2,2,2
3898,8,8,2
39038,10,10,2
3907,26,26,8
3914,8,8,2
3916,14,14,2
39177,20,20,3
39182,11,11,3
39185,12,12,2
39198,8,8,2
39199,10,10,4
39201,12,12,2
39208,9,9,3
39209,16,16,5
39214,3,3,2
39219,7,7,2
39228,18,18,6
39236,10,10,2
39240,4,4,2
39243,7,7,2
39264,9,9,2
39267,7,7,2
39270,17,17,6
39288,9,9,2
39292,13,13,3
39306,10,10,2
39323,13,13,5
39329,11,11,3
39334,15,15,2
39347,15,15,2
39352,14,14,2
3938,21,21,2
39385,10,10,2
39421,8,8,2
39438,5,5,3
39443,2,2,2
39554,9,9,2
39561,10,10,2
39631,16,16,2
39719,3,3,2
39736,15,15,2
39757,2,2,2
39789,8,8,2
39799,15,15,2
39830,13,13,4
39841,10,10,2
39873,14,14,2
39877,12,12,5
39916,8,8,2
39950,13,13,2
39991,7,7,2
40062,8,8,2
4008,8,8,2
40114,6,6,2
40117,9,9,2
40118,17,17,6
40127,11,11,2
40134,2,2,2
40140,13,13,2
40145,16,16,4
40148,7,7,2
40159,12,12,4
40160,5,5,5
40167,4,4,2
402,10,10,2
40203,9,9,2
40224,2,2,2
4024,7,7,2
40244,29,29,5
40263,8,8,2
40267,50,50,17
40281,21,21,5
40282,30,30,13
40290,4,4,3
40291,7,7,2
4030,9,9,2
40328,8,8,2
4033,11,11,2
40330,10,10,3
40333,9,9,2
40335,2,2,2
40340,14,14,2
40344,2,2,2
40346,9,9,5
40347,23,23,5
40348,3,3,2
40354,12,12,4
40355,4,4,2
40356,12,12,3
40363,14,14,5
40371,2,2,2
40372,3,3,2
40374,13,13,2
40379,18,18,5
40382,15,15,3
40384,12,12,2
40387,16,16,2
40388,14,14,5
40406,10,10,2
40414,14,14,4
40415,16,16,4
40418,15,15,7
4042,9,9,2
40429,10,10,3
40444,7,7,2
40445,33,33,8
40451,11,11,2
40484,9,9,2
40516,8,8,2
40523,34,34,6
40526,7,7,2
40549,8,8,2
40579,9,9,2
40588,3,3,3
40604,8,8,2
40639,9,9,2
40658,8,8,3
40662,9,9,2
40669,14,14,2
4067,8,8,2
40671,8,8,2
40672,17,17,3
40675,10,10,2
40684,7,7,2
40688,8,8,2
40716,10,10,2
4072,7,7,2
40720,10,10,3
40731,8,8,2
40732,14,14,2
40748,7,7,2
40771,9,9,4
40788,7,7,2
40792,2,2,2
40811,3,3,2
40833,8,8,2
40845,9,9,2
40846,9,9,2
40850,8,8,2
40851,7,7,2
40853,5,5,2
40855,6,6,2
40861,2,2,2
40867,10,10,2
4089,11,11,2
40899,2,2,2
4090,9,9,2
40906,3,3,3
40932,7,7,2
4094,6,6,2
40942,8,8,2
40951,7,7,2
40959,4,4,2
40981,8,8,2
40984,7,7,2
40991,13,13,2
40997,7,7,2
41021,7,7,2
41022,7,7,2
41040,7,7,2
41051,7,7,2
41058,2,2,2
41071,8,8,2
41090,2,2,2
41091,21,21,3
41094,4,4,2
41112,4,4,2
41117,7,7,2
41137,7,7,2
4114,8,8,2
41141,8,8,2
41167,7,7,2
4119,3,3,2
4120,7,7,2
41224,4,4,2
41283,24,24,2
41299,14,14,2
4131,33,33,5
41327,8,8,2
41339,12,12,2
41373,8,8,2
41379,8,8,2
41384,9,9,2
41385,12,12,3
41392,3,3,3
41393,10,10,4
4142,24,24,3
4144,9,9,2
41444,7,7,2
41449,3,3,3
4145,26,26,3
41454,13,13,3
41457,22,22,8
41458,16,16,5
41461,3,3,2
41463,2,2,2
41467,10,10,3
41469,5,5,5
41499,9,9,2
41526,7,7,2
41533,8,8,2
41546,11,11,2
41556,6,6,2
4156,9,9,2
41563,10,10,2
41579,15,15,2
41584,8,8,2
41616,8,8,2
41624,9,9,2
41642,7,7,2
41646,17,17,2
41661,21,21,2
4168,9,9,2
41695,9,9,2
41697,6,6,2
41746,2,2,2
41761,15,15,4
41767,9,9,2
41787,7,7,3
41788,11,11,2
4179,11,11,2
4180,10,10,2
41805,3,3,2
41837,12,12,2
41858,13,13,2
41861,4,4,2
4187,10,10,2
4188,7,7,2
41890,7,7,2
41903,2,2,2
4191,11,11,2
41915,7,7,2
41936,11,11,3
41938,9,9,2
41949,7,7,2
41958,9,9,2
41981,12,12,2
41982,5,5,2
4199,10,10,2
420,9,9,2
42007,5,5,2
42008,8,8,2
42016,4,4,2
42059,16,16,5
42060,2,2,2
4212,13,13,2
42120,6,6,2
42135,10,10,2
42178,14,14,2
42197,16,16,2
42207,11,11,2
42220,9,9,3
42224,2,2,2
42249,6,6,2
42256,4,4,2
42261,7,7,2
42284,3,3,2
42304,4,4,2
4233,9,9,2
42334,6,6,2
42350,3,3,2
42370,9,9,2
42373,8,8,2
4242,11,11,2
42441,7,7,2
42445,2,2,2
4247,8,8,2
42470,10,10,2
42493,9,9,2
4250,8,8,2
42508,10,10,2
42516,8,8,2
42546,7,7,2
42654,8,8,2
42667,7,7,2
42694,8,8,2
4279,6,6,2
42841,7,7,2
42849,4,4,2
42916,8,8,2
42920,6,6,2
4295,10,10,2
42955,8,8,2
42979,8,8,2
42982,2,2,2
43001,9,9,2
43017,7,7,2
43030,3,3,2
43032,16,16,3
43040,8,8,2
4306,16,16,2
43076,4,4,3
4312,29,29,2
43136,9,9,2
43152,7,7,2
43166,7,7,2
43246,6,6,3
4327,11,11,2
4328,5,5,2
43289,8,8,2
43354,2,2,2
43362,8,8,2
4345,8,8,2
43450,2,2,2
43469,10,10,2
43549,7,7,2
43557,8,8,2
43568,7,7,2
43629,2,2,2
43647,8,8,3
43666,10,10,2
43725,7,7,2
43781,6,6,2
43791,14,14,2
4381,9,9,3
43813,13,13,2
43818,5,5,2
4382,9,9,2
43846,11,11,2
4385,10,10,2
43868,10,10,2
43873,7,7,2
43886,8,8,2
4392,8,8,2
43926,4,4,2
43972,10,10,2
4398,8,8,3
43985,15,15,2
43986,12,12,3
4400,8,8,2
44009,6,6,2
44020,3,3,2
44025,15,15,2
44041,9,9,2
44046,13,13,2
44049,5,5,3
44056,10,10,2
44074,6,6,2
4409,7,7,2
44174,8,8,3
44180,14,14,5
44181,3,3,2
44182,2,2,2
44184,6,6,2
44197,5,5,2
44199,4,4,2
44205,9,9,2
44210,17,17,4
44211,4,4,2
44247,5,5,2
4426,16,16,3
4428,9,9,2
44286,9,9,2
44301,4,4,2
44315,8,8,2
4434,10,10,2
44374,2,2,2
4438,9,9,2
44412,16,16,7
4442,8,8,3
44426,8,8,2
44428,17,17,5
44429,2,2,2
44431,3,3,2
4444,12,12,2
44443,2,2,2
44450,10,10,2
4446,9,9,2
44479,11,11,4
44486,3,3,2
4449,6,6,2
44508,7,7,2
4452,14,14,2
4453,16,16,4
44531,3,3,2
44532,7,7,2
44561,2,2,2
44563,9,9,3
44564,3,3,2
44588,3,3,2
4459,7,7,2
44603,2,2,2
4462,8,8,2
44620,6,6,2
4463,12,12,2
44633,6,6,2
4464,8,8,2
44640,6,6,5
4471,11,11,2
4473,8,8,2
4474,8,8,2
4475,15,15,2
44752,8,8,2
4480,9,9,2
4484,7,7,2
4485,9,9,2
44867,12,12,2
44884,18,18,5
4490,9,9,2
44918,15,15,2
44928,9,9,3
44935,19,19,4
44942,13,13,5
44950,12,12,2
44956,10,10,2
44964,16,16,2
44966,8,8,3
44976,6,6,2
45006,9,9,4
4501,14,14,3
45013,7,7,2
45014,7,7,2
45018,3,3,3
45019,8,8,4
4502,13,13,2
45020,2,2,2
45026,7,7,2
45031,2,2,2
45038,15,15,2
45083,5,5,2
45088,8,8,2
45106,2,2,2
45117,8,8,2
45133,14,14,2
45188,9,9,2
452,3,3,2
45227,7,7,2
45246,3,3,2
4525,9,9,3
45256,4,4,3
45266,9,9,3
45274,6,6,2
4528,10,10,3
45288,7,7,2
45311,10,10,3
45341,2,2,2
45355,6,6,2
45383,3,3,3
4539,8,8,2
45398,7,7,2
45414,3,3,2
45435,44,44,11
45436,3,3,2
45439,7,7,2
45440,7,7,2
45441,2,2,2
45443,12,12,6
45444,15,15,3
45445,2,2,2
45446,6,6,3
45452,7,7,2
45453,7,7,2
45454,4,4,2
45457,16,16,2
45461,8,8,2
45465,4,4,2
45467,8,8,2
45479,11,11,2
45483,8,8,3
45488,7,7,2
45490,2,2,2
45521,6,6,2
45525,11,11,2
45532,19,19,2
45534,7,7,2
45554,12,12,2
45556,18,18,9
45564,6,6,2
45566,7,7,2
45568,8,8,2
45575,2,2,2
45581,7,7,2
45585,8,8,2
45587,7,7,2
45588,6,6,2
45608,8,8,2
45609,5,5,2
45611,18,18,7
45638,2,2,2
45647,17,17,3
45651,12,12,2
45654,10,10,2
45667,8,8,2
45677,6,6,2
45679,11,11,2
45682,9,9,2
45690,8,8,2
4570,17,17,2
45702,7,7,2
45710,2,2,2
45713,11,11,3
45739,7,7,2
45741,2,2,2
45744,4,4,2
45748,7,7,2
45760,15,15,3
45761,18,18,5
45763,12,12,4
45776,2,2,2
45777,10,10,2
45779,11,11,4
45783,17,17,7
45786,7,7,2
45790,4,4,4
4580,8,8,2
4581,8,8,2
45810,7,7,2
45811,7,7,2
45829,17,17,3
4584,8,8,2
45857,8,8,2
45862,8,8,2
45890,10,10,2
45892,13,13,6
45894,2,2,2
45895,14,14,3
45896,12,12,5
45897,7,7,2
4593,7,7,2
45955,9,9,3
45965,17,17,2
45978,13,13,2
45979,4,4,3
45980,9,9,3
45998,8,8,2
4601,12,12,4
46011,2,2,2
46034,6,6,2
46042,14,14,2
46053,7,7,2
46090,7,7,2
46096,12,12,3
46103,8,8,2
46116,7,7,2
46140,7,7,2
46159,7,7,2
46170,8,8,2
46184,8,8,2
46193,5,5,2
46202,12,12,2
46227,7,7,2
46229,7,7,2
46230,8,8,2
4624,7,7,2
46243,8,8,2
46245,2,2,2
4626,8,8,2
46263,2,2,2
46287,27,27,4
4630,10,10,2
46303,59,59,9
46337,5,5,2
4636,9,9,2
46386,15,15,2
46388,14,14,2
46399,2,2,2
46412,8,8,2
46420,9,9,2
46432,43,43,4
46434,9,9,3
46476,12,12,2
46477,8,8,2
46489,8,8,3
46547,11,11,2
4655,2,2,2
46556,9,9,2
46562,9,9,2
46573,5,5,2
46579,2,2,2
46580,4,4,2
46606,10,10,2
46609,15,15,2
46621,7,7,3
46623,2,2,2
46629,12,12,3
4664,7,7,2
46645,2,2,2
46677,7,7,2
46698,7,7,2
46700,2,2,2
46709,3,3,2
46716,14,14,4
46725,12,12,4
46741,7,7,2
46742,9,9,2
46745,10,10,2
46761,5,5,2
46769,23,23,5
46777,3,3,2
46806,9,9,2
46822,3,3,3
46836,5,5,4
46849,8,8,2
46868,3,3,2
46896,9,9,2
4690,8,8,2
46914,2,2,2
4692,8,8,2
46951,10,10,2
46959,13,13,2
46964,9,9,2
46968,8,8,2
470,7,7,2
4700,9,9,2
4701,10,10,2
47013,5,5,2
47017,7,7,2
4702,8,8,2
47039,8,8,2
47042,4,4,2
47082,5,5,2
4720,7,7,2
47204,8,8,2
47206,19,19,2
47207,8,8,2
47210,10,10,2
47211,15,15,2
47217,12,12,2
4723,10,10,3
47236,9,9,2
47237,11,11,5
47239,15,15,3
4724,2,2,2
47245,6,6,2
47246,2,2,2
47249,9,9,3
47250,25,25,9
47263,4,4,2
4727,7,7,2
47342,2,2,2
4747,8,8,2
47488,8,8,2
47518,2,2,2
4752,10,10,2
47528,3,3,2
47540,7,7,2
47544,2,2,2
4755,12,12,2
47565,2,2,2
47582,8,8,2
47597,3,3,3
47634,9,9,2
47664,8,8,2
47665,13,13,3
47687,5,5,2
47858,3,3,2
4786,4,4,3
47886,7,7,2
47902,7,7,2
47913,3,3,2
47929,7,7,2
47931,3,3,2
47932,2,2,2
4794,2,2,2
47959,3,3,3
47996,2,2,2
47999,2,2,2
48000,2,2,2
4801,9,9,2
4802,8,8,2
48034,8,8,3
48041,4,4,2
48043,3,3,3
48070,2,2,2
48100,10,10,2
48110,2,2,2
48117,8,8,2
48121,2,2,2
48126,4,4,2
48129,9,9,2
48135,6,6,2
48162,8,8,2
48190,7,7,2
48195,2,2,2
48208,6,6,2
4821,9,9,2
48221,8,8,2
48242,20,20,2
48246,9,9,2
48260,7,7,2
48278,4,4,2
48307,4,4,2
48308,2,2,2
4833,7,7,2
48353,9,9,2
4842,10,10,3
4844,8,8,2
48441,3,3,2
4845,8,8,3
48462,9,9,2
48505,24,24,7
48506,12,12,5
48507,16,16,3
48509,18,18,3
4851,16,16,4
48519,6,6,2
48520,12,12,3
48559,7,7,2
48572,7,7,2
4858,13,13,2
48583,8,8,2
48591,14,14,4
48598,6,6,2
4860,14,14,4
48622,14,14,3
48650,9,9,2
48658,3,3,2
48659,2,2,2
48660,8,8,2
48690,8,8,2
48696,3,3,2
4870,7,7,2
48700,8,8,3
48702,16,16,3
48705,2,2,2
48721,4,4,3
48722,2,2,2
48734,19,19,6
48748,2,2,2
4876,8,8,2
4880,7,7,2
48800,7,7,2
48807,3,3,2
48821,2,2,2
48835,3,3,2
48852,7,7,2
48867,4,4,2
48869,8,8,3
48871,7,7,2
48875,7,7,2
48876,16,16,6
48877,2,2,2
48889,11,11,2
48893,7,7,2
4892,8,8,2
48924,9,9,3
48947,9,9,4
4896,11,11,3
48963,2,2,2
48967,8,8,2
48983,7,7,2
48998,7,7,2
49020,9,9,2
4903,13,13,2
49035,9,9,2
49055,7,7,2
49058,2,2,2
49079,7,7,2
491,10,10,2
4912,7,7,2
49136,9,9,3
4919,3,3,3
49238,10,10,2
4924,8,8,2
49253,2,2,2
49274,11,11,2
4930,9,9,2
49315,7,7,2
49325,8,8,2
49374,2,2,2
49383,10,10,2
49409,2,2,2
4941,7,7,2
4948,9,9,2
49480,2,2,2
49492,8,8,2
49496,2,2,2
4950,12,12,3
49514,10,10,2
4963,10,10,4
49646,8,8,2
49649,2,2,2
49654,8,8,2
4966,11,11,3
49669,15,15,3
49692,8,8,2
4970,7,7,2
49715,7,7,2
49716,5,5,2
49726,3,3,2
49732,6,6,2
49742,2,2,2
49749,2,2,2
49758,2,2,2
4976,20,20,3
4980,7,7,2
4983,8,8,2
49847,8,8,2
4986,17,17,2
49862,3,3,2
49863,19,19,4
49867,7,7,2
4987,13,13,2
49876,14,14,3
49890,7,7,2
49910,8,8,2
49931,4,4,2
49959,2,2,2
49978,8,8,2
50022,2,2,2
5004,5,5,2
5005,12,12,2
5008,9,9,3
50081,22,22,3
50086,9,9,2
5011,9,9,2
50120,8,8,2
50124,17,17,5
50125,8,8,2
50126,8,8,2
50148,23,23,7
50150,8,8,2
50152,6,6,2
50154,25,25,2
50155,16,16,8
50158,8,8,2
50159,9,9,2
50160,7,7,2
50172,2,2,2
5018,9,9,2
50191,9,9,2
50197,11,11,2
50208,8,8,2
50214,7,7,2
50218,3,3,2
50232,15,15,4
50237,5,5,2
50243,3,3,2
50250,11,11,2
50276,14,14,2
50277,3,3,2
50281,12,12,5
50283,8,8,3
50284,10,10,3
50288,6,6,2
50289,12,12,2
5030,7,7,2
50301,2,2,2
50311,14,14,2
50313,7,7,2
50325,14,14,4
50345,8,8,3
5036,7,7,2
50374,9,9,2
50383,4,4,2
5039,13,13,5
50410,6,6,2
5042,8,8,2
50438,7,7,2
50479,11,11,2
50480,7,7,2
50483,7,7,2
50486,11,11,2
50498,23,23,7
50507,6,6,3
5051,11,11,2
50521,3,3,2
50551,4,4,2
50553,2,2,2
50574,2,2,2
5058,9,9,4
50594,7,7,2
5063,7,7,2
50630,10,10,3
5066,8,8,2
50667,9,9,2
50676,7,7,2
50679,7,7,2
50738,6,6,2
50794,7,7,2
50832,8,8,2
5084,11,11,3
50908,7,7,2
50912,11,11,4
50916,19,19,8
5095,8,8,2
50969,6,6,2
50979,4,4,3
5098,10,10,2
50981,8,8,2
51,9,9,2
5101,6,6,2
51059,8,8,2
51067,5,5,2
51105,4,4,2
51244,2,2,2
51261,2,2,2
51274,3,3,2
513,5,5,4
51309,3,3,2
5132,11,11,2
51324,7,7,2
51397,2,2,2
51440,3,3,2
51489,6,6,2
51496,6,6,2
5150,7,7,2
51535,4,4,2
5156,21,21,3
51586,8,8,2
5165,6,6,2
51681,2,2,2
51739,7,7,2
5174,12,12,2
5178,10,10,2
5179,8,8,2
518,29,29,2
5188,8,8,2
5194,11,11,2
51944,7,7,2
5196,10,10,2
51961,4,4,2
52042,15,15,3
52056,15,15,5
52060,11,11,4
52077,9,9,2
52087,15,15,2
52097,12,12,4
52099,13,13,2
52114,28,28,5
52119,14,14,4
52126,7,7,2
52127,2,2,2
52133,17,17,5
52134,15,15,7
52136,5,5,2
52138,2,2,2
52143,12,12,2
52159,22,22,9
52160,14,14,2
52178,3,3,2
5220,8,8,2
52208,7,7,2
52218,4,4,2
5222,10,10,2
52222,9,9,2
52225,24,24,4
52228,4,4,2
5223,7,7,2
52244,10,10,2
52248,7,7,2
52249,19,19,7
52257,8,8,2
52264,18,18,3
52267,25,25,2
52275,3,3,3
52278,19,19,4
52298,2,2,2
52299,10,10,2
5233,2,2,2
52335,9,9,2
52339,8,8,2
52351,10,10,2
52354,10,10,3
52359,12,12,5
5236,9,9,2
52360,24,24,7
52369,10,10,3
52377,8,8,2
52387,3,3,2
52399,7,7,2
5240,11,11,2
52409,12,12,3
52410,3,3,2
52412,8,8,2
52414,7,7,2
52422,7,7,2
52428,8,8,2
52430,4,4,2
52433,10,10,2
52447,6,6,2
5246,2,2,2
52483,16,16,3
52485,3,3,2
52511,3,3,3
52531,8,8,3
52565,10,10,3
52579,5,5,3
52580,9,9,4
5259,9,9,2
52591,2,2,2
52601,5,5,2
52620,20,20,2
52632,10,10,2
5264,7,7,2
52647,8,8,3
5265,18,18,2
52667,14,14,5
52668,4,4,2
52677,10,10,2
52679,6,6,2
52710,2,2,2
52728,6,6,2
52739,9,9,3
52740,2,2,2
52772,10,10,2
52786,14,14,2
52819,11,11,2
52846,10,10,2
52896,14,14,3
52904,11,11,5
52910,12,12,5
52932,13,13,7
52933,12,12,4
52964,3,3,2
52994,10,10,2
53034,9,9,2
53036,6,6,2
53039,3,3,2
5305,8,8,2
53082,6,6,2
53093,7,7,2
53097,7,7,2
53099,8,8,2
53100,13,13,2
53105,3,3,2
53138,2,2,2
53144,2,2,2
53150,10,10,2
53158,11,11,2
53187,14,14,2
53188,3,3,2
53217,2,2,2
5322,47,47,4
53229,14,14,5
53233,7,7,2
5324,18,18,2
53253,10,10,3
53297,10,10,3
53298,5,5,3
53307,7,7,2
53327,7,7,2
53333,8,8,2
53345,18,18,4
534,3,3,2
5340,15,15,2
53405,3,3,2
53435,9,9,2
5348,21,21,2
53482,12,12,2
53491,6,6,2
53513,27,27,5
53519,3,3,2
53527,2,2,2
53531,10,10,2
53581,11,11,2
53599,4,4,2
536,10,10,2
5361,10,10,2
53662,9,9,2
5367,15,15,4
53682,13,13,5
53683,23,23,9
53706,2,2,2
53714,2,2,2
53717,7,7,2
53729,18,18,6
53730,2,2,2
53741,2,2,2
53749,2,2,2
53758,3,3,2
53761,7,7,3
53779,9,9,2
5379,13,13,2
5381,17,17,3
53815,5,5,2
53824,2,2,2
5386,8,8,2
53866,3,3,3
53868,15,15,4
5387,8,8,2
5392,7,7,2
53989,8,8,2
53999,7,7,2
54010,4,4,2
54014,7,7,2
54031,7,7,2
54033,15,15,4
54052,16,16,6
54057,7,7,2
54060,7,7,2
54072,11,11,2
54081,9,9,2
54085,11,11,2
54096,46,46,8
541,7,7,3
54125,2,2,2
5416,22,22,8
54201,3,3,3
54207,7,7,2
54222,3,3,3
54230,9,9,4
54238,28,28,3
54246,8,8,2
5428,2,2,2
54281,11,11,3
54284,30,30,2
5429,12,12,3
5430,4,4,2
54316,19,19,2
54324,4,4,2
54339,8,8,2
54363,13,13,2
54367,14,14,3
54381,9,9,2
54398,3,3,2
54405,7,7,2
54409,8,8,2
5448,9,9,2
5449,8,8,2
54524,2,2,2
54526,10,10,2
5453,3,3,2
5454,36,36,10
54542,7,7,2
54552,8,8,2
5456,8,8,2
54566,4,4,3
5464,7,7,2
54685,11,11,4
54686,8,8,2
54688,6,6,2
54689,9,9,3
54700,8,8,2
54707,25,25,3
5471,7,7,2
54736,3,3,2
5475,16,16,5
5476,13,13,5
54768,3,3,2
5478,9,9,2
54792,8,8,2
54800,9,9,2
54804,8,8,2
5482,3,3,3
54838,15,15,2
54850,7,7,2
54858,2,2,2
54868,2,2,2
54875,5,5,2
5488,2,2,2
54898,8,8,2
5490,8,8,2
54903,8,8,2
54907,12,12,2
5495,12,12,3
54952,21,21,2
54954,10,10,2
5498,7,7,2
54991,8,8,2
5502,11,11,2
55020,13,13,2
55030,7,7,3
55041,11,11,2
55064,9,9,3
55076,3,3,2
55083,2,2,2
55097,15,15,5
55102,12,12,2
55107,5,5,2
55121,5,5,2
55138,10,10,2
55142,8,8,2
55154,3,3,3
55169,8,8,2
55180,5,5,2
55209,12,12,5
55227,7,7,2
55230,3,3,2
55238,6,6,2
55279,3,3,2
55282,8,8,3
55310,7,7,3
55312,7,7,2
55331,5,5,2
55350,7,7,2
55426,2,2,2
55486,13,13,2
55487,7,7,2
55545,4,4,2
5555,9,9,2
55559,7,7,2
55560,2,2,2
55565,2,2,2
5558,11,11,2
5560,8,8,2
55617,2,2,2
55648,2,2,2
55684,6,6,2
55706,3,3,2
55708,8,8,2
5571,13,13,2
55718,5,5,2
5573,7,7,2
55733,13,13,2
55734,6,6,2
55748,9,9,2
55822,10,10,4
5584,3,3,2
55846,8,8,2
55850,7,7,2
55860,8,8,2
55874,12,12,2
5589,8,8,2
55906,8,8,2
55916,8,8,2
55937,4,4,2
5594,8,8,2
55952,2,2,2
55956,7,7,2
55981,11,11,2
56016,17,17,3
56017,17,17,2
56119,2,2,2
56145,2,2,2
5616,10,10,2
56178,5,5,2
56183,4,4,2
56194,2,2,2
56296,2,2,2
5630,7,7,2
5636,8,8,2
56405,2,2,2
56428,4,4,2
56444,3,3,2
5645,9,9,2
56466,13,13,3
5648,7,7,2
56488,22,22,6
56554,9,9,2
56587,12,12,2
5659,7,7,2
56639,11,11,2
5670,8,8,2
56704,3,3,2
56706,17,17,2
56733,3,3,2
56799,8,8,2
56876,7,7,2
56890,13,13,2
56932,7,7,2
56997,2,2,2
5702,7,7,2
57050,2,2,2
57070,7,7,2
57097,4,4,2
57136,3,3,2
5714,7,7,2
5716,8,8,3
57216,2,2,2
57250,7,7,2
5732,8,8,2
57328,7,7,2
57368,2,2,2
5752,10,10,2
57603,9,9,2
57621,7,7,2
57631,10,10,2
5765,18,18,2
57652,11,11,2
5770,7,7,2
57734,12,12,2
57744,8,8,2
57753,8,8,2
57766,7,7,2
5778,8,8,2
57790,5,5,4
57798,2,2,2
57802,4,4,2
57805,2,2,2
57808,2,2,2
57825,16,16,4
57860,9,9,2
57861,8,8,2
57878,7,7,2
57889,13,13,7
57893,8,8,2
57910,2,2,2
57915,8,8,2
57919,6,6,2
57941,13,13,2
57948,7,7,2
57973,7,7,2
57979,11,11,2
5798,7,7,2
57988,8,8,2
58002,12,12,2
5801,8,8,3
58017,6,6,2
5803,10,10,2
58049,7,7,2
58076,7,7,2
58080,9,9,2
58100,11,11,4
58105,8,8,2
58109,8,8,2
58121,9,9,3
58125,10,10,3
58169,3,3,2
58176,7,7,2
58207,10,10,2
58209,8,8,2
58215,19,19,7
58242,9,9,2
58270,7,7,2
58276,10,10,2
58281,11,11,3
58288,10,10,2
58297,8,8,2
58341,8,8,2
58351,8,8,2
58353,7,7,2
58360,2,2,2
58397,2,2,2
5844,8,8,2
5845,23,23,3
58458,2,2,2
58497,9,9,2
58507,4,4,2
5851,7,7,2
58523,3,3,3
58552,9,9,3
58554,3,3,2
5858,7,7,2
58625,2,2,2
5864,8,8,2
58653,8,8,2
58655,2,2,2
58673,7,7,2
58683,3,3,2
58703,8,8,3
58711,10,10,3
58729,7,7,2
5873,8,8,2
58746,7,7,2
58780,7,7,2
58782,3,3,2
58784,4,4,3
58797,6,6,3
58801,3,3,3
58805,3,3,2
5881,8,8,2
58889,7,7,2
58892,10,10,3
58913,7,7,2
58988,3,3,2
59014,16,16,2
59059,2,2,2
59108,6,6,2
59111,11,11,2
59137,7,7,2
59157,6,6,2
59159,8,8,2
59213,2,2,2
59239,7,7,2
59246,3,3,2
59290,2,2,2
59315,7,7,2
59335,7,7,2
5934,11,11,2
59381,7,7,2
59484,3,3,3
59492,9,9,2
59497,5,5,2
59552,7,7,2
59568,7,7,2
5958,8,8,3
5962,8,8,2
59623,8,8,2
59627,7,7,2
59633,9,9,5
59634,5,5,2
59647,5,5,3
59648,3,3,2
59664,3,3,3
5968,8,8,2
59695,2,2,2
59698,2,2,2
5973,7,7,2
59750,2,2,2
59752,4,4,2
59753,5,5,2
59756,2,2,2
59771,10,10,2
59797,3,3,2
59810,4,4,3
5982,7,7,2
59838,2,2,2
59846,5,5,2
59847,3,3,2
59849,2,2,2
59858,2,2,2
59864,2,2,2
59866,3,3,2
59867,2,2,2
5987,12,12,3
5990,12,12,2
59906,3,3,2
5992,11,11,2
59963,2,2,2
59980,2,2,2
6005,7,7,2
604,8,8,2
6044,11,11,2
6059,9,9,2
6062,8,8,2
6086,22,22,8
6094,24,24,5
6099,10,10,2
6110,8,8,2
6113,8,8,2
6127,7,7,2
6151,8,8,4
6209,7,7,2
621,8,8,2
6211,7,7,2
6217,7,7,2
6230,2,2,2
6242,9,9,2
6244,6,6,3
6252,8,8,3
6273,8,8,2
6284,7,7,2
6319,2,2,2
6335,7,7,2
6342,7,7,2
6348,2,2,2
636,2,2,2
6360,8,8,2
6370,13,13,2
6388,4,4,2
6389,2,2,2
6393,7,7,2
6401,10,10,2
6419,9,9,2
6425,9,9,2
643,7,7,2
6440,6,6,2
6447,16,16,4
6448,2,2,2
6454,2,2,2
6455,4,4,2
6457,9,9,3
6462,3,3,2
6472,2,2,2
6491,8,8,2
6505,8,8,2
6514,10,10,2
6518,7,7,2
6521,27,27,7
655,2,2,2
6552,5,5,2
6553,10,10,2
6558,8,8,2
6564,11,11,3
6569,10,10,3
6577,3,3,2
6578,11,11,2
6597,7,7,2
6603,7,7,2
6613,10,10,2
6641,6,6,2
6668,11,11,2
6704,2,2,2
6728,10,10,2
6730,6,6,2
6748,8,8,2
6752,9,9,2
6761,2,2,2
6777,8,8,3
6832,14,14,2
6858,7,7,2
6867,7,7,2
6871,7,7,2
6922,9,9,2
6968,7,7,2
704,39,39,6
7069,7,7,2
7084,8,8,2
7095,9,9,2
7112,7,7,2
7128,10,10,2
715,4,4,2
7155,4,4,4
7180,3,3,2
7193,7,7,2
7218,7,7,2
7230,3,3,2
7281,11,11,2
7302,7,7,2
7324,10,10,2
7376,10,10,3
7377,5,5,3
7393,2,2,2
7399,4,4,2
740,17,17,2
7412,5,5,3
742,11,11,3
7421,3,3,2
7423,3,3,2
743,11,11,3
7436,10,10,2
744,13,13,5
747,19,19,5
7475,11,11,3
748,16,16,3
7486,21,21,3
7499,8,8,2
7515,17,17,2
7525,2,2,2
7526,13,13,5
753,7,7,2
7530,8,8,2
7535,2,2,2
7538,2,2,2
7544,9,9,2
7558,8,8,2
7575,2,2,2
761,8,8,2
7611,8,8,2
764,9,9,2
7658,10,10,2
766,9,9,4
7664,7,7,2
767,14,14,2
7684,12,12,2
7694,7,7,2
770,19,19,7
7705,11,11,2
771,11,11,2
772,7,7,2
774,16,16,2
7744,2,2,2
7747,3,3,2
7748,3,3,2
776,9,9,2
777,10,10,2
7808,12,12,2
7809,11,11,2
7831,12,12,2
7833,8,8,2
7836,2,2,2
785,22,22,3
7851,9,9,2
7854,10,10,2
7868,9,9,3
7880,7,7,2
7891,12,12,2
7903,13,13,2
7912,9,9,2
7915,11,11,2
7926,10,10,2
7928,8,8,3
7945,11,11,2
7950,4,4,2
7953,13,13,2
7958,10,10,2
7966,11,11,2
7977,9,9,2
8013,9,9,2
8015,7,7,2
8016,12,12,2
8018,8,8,2
8036,7,7,2
8042,14,14,2
8043,10,10,3
8050,8,8,2
8055,7,7,2
8100,15,15,3
8102,15,15,2
8103,7,7,2
8113,14,14,2
8119,5,5,2
8125,11,11,2
8127,7,7,2
8128,2,2,2
8133,3,3,2
8137,17,17,6
8153,12,12,2
8156,2,2,2
8174,12,12,2
8206,7,7,2
8213,2,2,2
8220,2,2,2
8226,8,8,3
8235,7,7,2
8244,2,2,2
8245,7,7,3
8260,14,14,2
8265,10,10,2
8266,12,12,2
8273,10,10,2
8277,11,11,2
8279,7,7,2
8285,21,21,8
8300,8,8,2
8306,7,7,2
8320,7,7,2
8330,8,8,2
8334,7,7,2
8352,15,15,3
8353,2,2,2
8356,14,14,4
8359,9,9,3
8360,3,3,3
8361,7,7,2
8369,4,4,3
8370,7,7,2
8408,5,5,3
8425,3,3,2
8431,2,2,2
8436,10,10,3
8438,10,10,2
8473,8,8,2
8486,13,13,3
8488,16,16,7
8490,6,6,2
8496,18,18,4
8503,4,4,2
8504,6,6,4
8505,4,4,2
8510,2,2,2
8511,3,3,3
8517,3,3,2
8532,8,8,2
8544,8,8,2
8550,7,7,2
8561,7,7,2
8568,2,2,2
8583,15,15,2
8611,8,8,3
8615,9,9,2
8638,8,8,2
8640,5,5,2
8644,9,9,2
8654,2,2,2
8659,2,2,2
8663,9,9,2
8682,11,11,5
8683,2,2,2
8687,4,4,3
8690,9,9,2
8693,16,16,3
8699,2,2,2
8702,7,7,2
8705,2,2,2
8712,9,9,3
8713,6,6,3
8729,7,7,2
8737,8,8,2
8772,17,17,6
8780,12,12,2
8784,7,7,2
8786,21,21,2
8810,5,5,2
8817,7,7,2
8824,15,15,2
8833,6,6,2
8834,10,10,2
8853,9,9,3
8895,7,7,2
8910,9,9,4
8912,7,7,2
8941,3,3,2
8950,12,12,2
8977,9,9,2
8980,8,8,2
8984,11,11,2
8985,7,7,2
8996,13,13,4
8998,9,9,3
9005,11,11,3
9007,5,5,3
9013,15,15,2
9017,8,8,4
9022,9,9,2
903,3,3,2
9031,7,7,2
9034,5,5,2
9051,7,7,2
9075,8,8,2
9080,9,9,2
9117,10,10,2
9121,7,7,2
9122,4,4,2
9130,13,13,2
9151,2,2,2
9156,6,6,2
916,13,13,4
9160,7,7,2
917,6,6,2
9171,13,13,2
9184,7,7,2
9193,8,8,3
9202,6,6,2
9213,9,9,2
9234,15,15,2
9243,7,7,2
9250,3,3,2
9272,8,8,2
9273,2,2,2
9277,7,7,4
9278,9,9,2
9280,4,4,2
9283,7,7,2
9299,7,7,2
9310,8,8,2
9321,10,10,2
9348,2,2,2
9350,9,9,2
9354,11,11,3
9364,3,3,2
9374,7,7,2
938,8,8,2
9394,3,3,2
9425,5,5,2
9433,3,3,2
9508,10,10,2
9510,10,10,2
9519,9,9,2
9532,6,6,2
9533,11,11,2
9534,7,7,2
9538,9,9,2
9548,2,2,2
9558,11,11,3
956,8,8,2
9562,5,5,3
9564,4,4,2
9566,9,9,2
9585,2,2,2
959,26,26,4
9593,8,8,2
9598,8,8,2
9610,10,10,2
9618,9,9,2
9623,10,10,2
9638,9,9,2
9661,7,7,2
9664,9,9,2
9669,11,11,2
9676,13,13,2
9702,2,2,2
9708,10,10,2
9714,9,9,2
9720,6,6,3
9724,2,2,2
9733,10,10,2
9735,12,12,3
9748,2,2,2
9749,2,2,2
9755,7,7,2
9774,14,14,2
9806,9,9,3
9812,7,7,2
9814,2,2,2
9821,2,2,2
9841,10,10,2
9853,4,4,3
9854,14,14,6
9862,8,8,2
9867,14,14,2
9876,2,2,2
9879,9,9,2
9897,11,11,2
99,2,2,2
9910,6,6,2
9921,8,8,2
9929,10,10,3
9934,2,2,2
9953,6,6,2
9957,15,15,4
9962,10,10,2
9972,14,14,3
9979,9,9,3
9981,16,16,7
9983,7,7,2
9990,2,2,2
9996,2,2,2
